Stok Kodu;Barkod;Kalan;Birim;Barkod Std;Mal?n Cinsi;1. Sat?? Fiyat?;Al?? Fiyat?;Kod 1;Kod 2;1. Fiyat De?i?me Tarihi;Eski Fiyat 1
1000;1000;;ADET;Code 39;ÇER? DOMATES;150.00 TL;;;;26.06.2026 16:53;
1001;1001;-43.756;KG;Gramaj;MNV DOMATES;69.95 TL;;;;29.07.2026 11:06;59.95
1002;1002;-18.578;KG;Gramaj;MNV SALKIM  DOMATES;119.95 TL;;;;12.08.2026 00:36;99.95
1003;1003;-3.724;KG;Gramaj;MNV PEMBE DOMATES;119.95 TL;;;;18.08.2026 01:22;99.95
1004;1004;-30.102;KG;Gramaj;MNV ÇENGELKÖY SALATALIK;79.95 TL;;;;1.08.2026 01:06;69.95
1005;1005;-50.53;KG;Gramaj;MNV PATATES;47.95 TL;;;;18.08.2026 01:20;44.95
1006;1006;-23.986;KG;Gramaj;MNV SO?AN;59.95 TL;;;;15.08.2026 14:50;54.95
1007;1007;-18.598;KG;Gramaj;MNV ÜZÜM;119.95 TL;;;;14.08.2026 00:39;139.95
1008;1008;-10.608;KG;Gramaj;MNV L?MON;149.95 TL;;;;17.08.2026 12:05;129.95
1009;1009;-15.018;KG;Gramaj;MNV S?VR? B?BER;149.95 TL;;;;12.08.2026 09:23;139.95
1010;1010;-2.59;KG;Gramaj;MNV ?EFTAL? KG;75.00 TL;;;;18.08.2026 09:00;69.95
1011;1011;-1.408;KG;Gramaj;MNV MEKS?KA B?BER?;225.00 TL;;;;23.06.2026 09:45;200.00
1012;1012;-3.628;KG;Gramaj;MNV KAPYA B?BER;149.95 TL;;;;14.07.2026 12:47;129.95
1013;1013;-0.156;KG;Gramaj;MNV SARIMSAK ;300.00 TL;;;;14.08.2026 10:49;375.00
1014;1014;-55.3;KG;Gramaj;MNV KARPUZ;24.95 TL;;;;15.08.2026 13:51;20.00
1015;1015;-9.148;KG;Gramaj;MNV KIRKA?AÇ KAVUN KG;49.95 TL;;;;20.08.2026 09:25;39.95
1016;1016;-33.28;KG;Gramaj;MNV MUZ ?THAL;179.95 TL;;;;19.08.2026 09:44;169.95
1017;1017;-3.844;KG;Gramaj;MNV NEKTAR?;75.00 TL;;;;18.08.2026 08:59;69.95
1018;1018;-4.078;KG;Gramaj;MNV LÜX ?NC?R;150.00 TL;;;;12.08.2026 14:32;180.00
1019;1019;-1.95;KG;Gramaj;MNV salatal?k;40.00 TL;;;;19.08.2026 12:13;249.00
1021;1021;-7.758;KG;Gramaj;MNV YE??L FASULYE KG;129.95 TL;;;;19.08.2026 10:24;149.95
1022;1022;-19.882;KG;Gramaj;MNV EK?? ELMA;109.95 TL;;;;4.08.2026 00:57;119.95
1023;1023;-5.454;KG;Gramaj;MNV KARPUZ;24.95 TL;;;;19.08.2026 20:43;169.95
1024;1024;-7.568;KG;Gramaj;MNV B?GA KAVUNU;59.95 TL;;;;1.08.2026 01:09;69.95
1025;1025;-8.864;KG;Gramaj;MNV KAYISI;129.95 TL;;;;31.07.2026 10:32;139.95
1026;1026;-4.152;KG;Gramaj;MNV ÇEK?RDEKS?Z KARPUZ;29.95 TL;;;;31.07.2026 20:06;24.95
1027;1027;-9.12;KG;Gramaj;MNV LÜX Ç?LEK;249.00 TL;;;;1.08.2026 16:38;225.00
1028;1028;-7.904;KG;Gramaj;MNV SANTA ARMUT;129.95 TL;;;;4.08.2026 00:52;140.00
1029;1029;-21.328;KG;Gramaj;MNV PORTAKAL;69.00 TL;;;;18.05.2026 10:10;85.00
1030;1030;-5.678;KG;Gramaj;MNV PATLICAN K?;59.95 TL;;;;31.07.2026 10:12;79.95
1031;1031;-1.776;KG;Gramaj;MNV KABAK KG;69.95 TL;;;;7.08.2026 09:34;79.95
1032;1032;-11.242;KG;Gramaj;MNV HAVUÇ;69.95 TL;;;;1.06.2026 11:04;79.95
1033;1033;-0.21;KG;Gramaj;MNV PETEMEK DOMATES;29.50 TL;;;;19.08.2026 10:47;27.50
1034;1034;;KG;Gramaj;MNV DOLMA B?BER KG;135.00 TL;;;;7.08.2026 16:26;125.00
1035;1035;-15;KG;Gramaj;MNV KIVIRCIK ADET;50.00 TL;;MANAV;;12.08.2026 22:46;40.00
1036;1036;-26;KG;Gramaj;MNV MAYDONOZ ADET;25.00 TL;;MANAV;;17.08.2026 12:20;20.00
1037;1037;-14;KG;Gramaj;MNV ROKA ADET;30.00 TL;;MANAV;;6.07.2026 09:49;25.00
1038;1038;-7;KG;Gramaj;MNV DERE OTU ADET;40.00 TL;;MANAV;;1.07.2026 11:36;45.00
1039;1039;-0.122;KG;Gramaj;EL?T Ç?KOLATA DÖKME;600.00 TL;;;;30.09.2025 13:25;125.00
1040;1040;;KG;Gramaj;MANSUR SEYLAN ÇAYI;845.00 TL;;;;6.01.2026 15:27;795.00
1041;1041;;KG;Gramaj;IRMAK KITLAMA ?EKER;85.00 TL;;;;7.11.2025 11:07;95.00
1042;1042;;KG;Gramaj;MNV TAZE HURMA K?;125.00 TL;;;;14.11.2025 08:42;119.95
1043;1043;;KG;Gramaj;MNV KIRMIZI LAHANA;80.00 TL;;;;21.04.2026 09:33;60.00
1044;1044;-5;KG;Gramaj;MNV GÖBEK ADET;50.00 TL;;MANAV;;17.08.2026 17:09;40.00
1045;1045;;KG;Gramaj;MNV YE??L SO?AN KG;250.00 TL;;;;10.06.2026 11:07;295.00
1046;1046;;KG;Gramaj;CEZERYE SARMA K?;800.00 TL;;;;6.02.2026 20:29;57.50
1047;1047;-6;KG;Gramaj;MNV AVAKADO ADET;95.00 TL;;MANAV;;7.08.2026 11:40;75.00
1048;1048;-0.202;KG;Gramaj;MNV muska cezerye sarma;;;;;4.11.2025 10:23;49.00
1048;104831631;-0.202;LITRE;Gramaj;MNV muska cezerye sarma;800.00 TL;;;;4.02.2026 18:38;850.00
1052;1052;;KG;Gramaj;SEM?Z OTU ADET;25.00 TL;;MANAV;;15.09.2025 11:13;110.00
1057;1057;-0.654;KG;Gramaj;ERZ?NCAN TULUM;795.00 TL;;;;25.03.2026 14:41;740.00
1058;1058;;KG;Gramaj;MNV MISIR N??ASTASI;75.00 TL;;;;20.01.2025 17:39;55.00
1060;1060;;KG;Gramaj;BAYRAMLIK DÖKME ?EKER;295.00 TL;;;;17.03.2026 11:59;745.00
1061;1061;;KG;Gramaj;MNV NANE ADET;40.00 TL;;MANAV;;31.12.2025 10:22;30.00
1063;1063;-4.16;KG;Gramaj;MNV KOKTEYL;125.00 TL;;;;24.07.2026 09:28;165.00
1064;1064;-26;KG;Gramaj;MNV YE??L SO?AN;40.00 TL;;MANAV;;23.07.2026 08:45;30.00
1065;1065;;KG;Gramaj;MNV KIRMIZI LAHANA K?;70.00 TL;;;;9.09.2025 12:13;59.95
1066;1066;-1.728;KG;Gramaj;Ö?ÜT  GÖNEN BALDO P?R?NÇ;135.00 TL;;;;30.06.2026 13:49;125.00
1067;1067;;KG;Gramaj;BA?HAN  BULGUR KG;50.00 TL;;;;25.09.2025 21:01;45.00
1068;1068;;KG;Gramaj;Ö?ÜT KIRMIZI MERC?MEK;150.00 TL;;;;30.06.2026 13:49;140.00
1069;1069;;KG;Gramaj;Ö?ÜT N??DE KURU  FASULYE;125.00 TL;;;;7.11.2025 13:54;115.00
1070;1070;;KG;Gramaj;MNV BROKOL? K?;59.95 TL;;;;9.12.2025 09:40;175.00
1071;1071;-3;KG;Gramaj;MNV KESTANE KASTAMONU;285.00 TL;;;;16.02.2026 09:36;350.00
1072;1072;;KG;Gramaj;MNV ANANAS ADET;240.00 TL;;MANAV;;28.04.2026 09:35;175.00
1073;1073;;KG;Gramaj;MNV KARNIBAHAR K?;49.95 TL;;;;12.12.2025 14:10;250.00
1074;1074;;KG;Gramaj;MNV KEREV?Z K?;59.95 TL;;;;12.12.2025 15:17;150.00
1075;1075;;KG;Gramaj;EGE Ç?FTL??? D?L?ML? BAHARATLI P?L?Ç SUCUK 500 GR;400.00 TL;;;;11.12.2025 09:49;
1076;1076;-1;KG;Gramaj;MNV K?RAZ PK;250.00 TL;;MANAV;;8.05.2026 00:45;140.00
1077;1077;;KG;Gramaj;MANTI KARAKU? EV MANTISI;295.00 TL;;;;8.07.2026 15:17;
1078;1078;;KG;Gramaj;TERAZ? BO? STOK KARTI;;;;;18.04.2024;
1079;1079;;KG;Gramaj;TERAZ? BO? STOK KARTI;;;;;18.04.2024;
1080;1080;;KG;Gramaj;TERAZ? BO? STOK KARTI;;;;;18.04.2024;
1081;1081;;KG;Gramaj;TERAZ? BO? STOK KARTI;;;;;18.04.2024;
1082;1082;;KG;Gramaj;TERAZ? BO? STOK KARTI;;;;;18.04.2024;
1083;1083;;KG;Gramaj;TERAZ? BO? STOK KARTI;;;;;18.04.2024;
1084;1084;;KG;Gramaj;TERAZ? BO? STOK KARTI;;;;;18.04.2024;
1085;1085;;KG;Gramaj;TERAZ? BO? STOK KARTI;;;;;18.04.2024;
1086;1086;;KG;Gramaj;TERAZ? BO? STOK KARTI;;;;;18.04.2024;
1087;1087;;KG;Gramaj;TERAZ? BO? STOK KARTI;;;;;18.04.2024;
1088;1088;;KG;Gramaj;TERAZ? BO? STOK KARTI;;;;;18.04.2024;
1089;1089;;KG;Gramaj;TERAZ? BO? STOK KARTI;;;;;18.04.2024;
1090;1090;;KG;Gramaj;TERAZ? BO? STOK KARTI;;;;;18.04.2024;
1091;1091;;KG;Gramaj;TERAZ? BO? STOK KARTI;;;;;18.04.2024;
1092;1092;;KG;Gramaj;TERAZ? BO? STOK KARTI;;;;;18.04.2024;
1093;1093;;KG;Gramaj;TERAZ? BO? STOK KARTI;;;;;18.04.2024;
1094;1094;;KG;Gramaj;TERAZ? BO? STOK KARTI;;;;;18.04.2024;
1095;1095;;KG;Gramaj;TERAZ? BO? STOK KARTI;;;;;18.04.2024;
1096;1096;;KG;Gramaj;TERAZ? BO? STOK KARTI;;;;;18.04.2024;
1097;1097;;KG;Gramaj;TERAZ? BO? STOK KARTI;;;;;18.04.2024;
1098;1098;;KG;Gramaj;TERAZ? BO? STOK KARTI;;;;;18.04.2024;
1099;1099;;KG;Gramaj;TERAZ? BO? STOK KARTI;;;;;18.04.2024;
1100;1100;;KG;Gramaj;TERAZ? BO? STOK KARTI;;;;;18.04.2024;
1101;1101;;KG;Gramaj;TERAZ? BO? STOK KARTI;;;;;18.04.2024;
1102;1102;;KG;Gramaj;TERAZ? BO? STOK KARTI;;;;;18.04.2024;
1103;1103;;KG;Gramaj;TERAZ? BO? STOK KARTI;;;;;18.04.2024;
1104;1104;;KG;Gramaj;TERAZ? BO? STOK KARTI;;;;;18.04.2024;
1105;1105;;KG;Gramaj;TERAZ? BO? STOK KARTI;;;;;18.04.2024;
1106;1106;;KG;Gramaj;TERAZ? BO? STOK KARTI;;;;;18.04.2024;
1107;1107;;KG;Gramaj;TERAZ? BO? STOK KARTI;;;;;18.04.2024;
1108;1108;;KG;Gramaj;TERAZ? BO? STOK KARTI;;;;;18.04.2024;
1109;1109;;KG;Gramaj;TERAZ? BO? STOK KARTI;;;;;18.04.2024;
1110;1110;;KG;Gramaj;TERAZ? BO? STOK KARTI;;;;;18.04.2024;
1111;1111;;KG;Gramaj;TERAZ? BO? STOK KARTI;;;;;18.04.2024;
1112;1112;;KG;Gramaj;TERAZ? BO? STOK KARTI;;;;;18.04.2024;
1113;1113;;KG;Gramaj;TERAZ? BO? STOK KARTI;;;;;18.04.2024;
1114;1114;;KG;Gramaj;TERAZ? BO? STOK KARTI;;;;;18.04.2024;
1115;1115;;KG;Gramaj;TERAZ? BO? STOK KARTI;;;;;18.04.2024;
1116;1116;;KG;Gramaj;TERAZ? BO? STOK KARTI;;;;;18.04.2024;
1117;1117;;KG;Gramaj;TERAZ? BO? STOK KARTI;;;;;18.04.2024;
1118;1118;;KG;Gramaj;TERAZ? BO? STOK KARTI;;;;;18.04.2024;
1119;1119;;KG;Gramaj;TERAZ? BO? STOK KARTI;;;;;18.04.2024;
1120;1120;;KG;Gramaj;TERAZ? BO? STOK KARTI;;;;;18.04.2024;
1121;1121;;KG;Gramaj;TERAZ? BO? STOK KARTI;;;;;18.04.2024;
1122;1122;;KG;Gramaj;TERAZ? BO? STOK KARTI;;;;;18.04.2024;
1123;1123;;KG;Gramaj;TERAZ? BO? STOK KARTI;;;;;18.04.2024;
1124;1124;;KG;Gramaj;TERAZ? BO? STOK KARTI;;;;;18.04.2024;
1125;1125;;KG;Gramaj;TERAZ? BO? STOK KARTI;;;;;18.04.2024;
1126;1126;;KG;Gramaj;TERAZ? BO? STOK KARTI;;;;;18.04.2024;
1127;1127;;KG;Gramaj;TERAZ? BO? STOK KARTI;;;;;18.04.2024;
1128;1128;;KG;Gramaj;TERAZ? BO? STOK KARTI;;;;;18.04.2024;
1129;1129;;KG;Gramaj;TERAZ? BO? STOK KARTI;;;;;18.04.2024;
1130;1130;;KG;Gramaj;TERAZ? BO? STOK KARTI;;;;;18.04.2024;
1131;1131;;KG;Gramaj;TERAZ? BO? STOK KARTI;;;;;18.04.2024;
1132;1132;;KG;Gramaj;TERAZ? BO? STOK KARTI;;;;;18.04.2024;
1133;1133;;KG;Gramaj;TERAZ? BO? STOK KARTI;;;;;18.04.2024;
1134;1134;;KG;Gramaj;TERAZ? BO? STOK KARTI;;;;;18.04.2024;
1135;1135;;KG;Gramaj;TERAZ? BO? STOK KARTI;;;;;18.04.2024;
1136;1136;;KG;Gramaj;TERAZ? BO? STOK KARTI;;;;;18.04.2024;
1137;1137;;KG;Gramaj;TERAZ? BO? STOK KARTI;;;;;18.04.2024;
1138;1138;;KG;Gramaj;TERAZ? BO? STOK KARTI;;;;;18.04.2024;
1139;1139;;KG;Gramaj;TERAZ? BO? STOK KARTI;;;;;18.04.2024;
1140;1140;;KG;Gramaj;TERAZ? BO? STOK KARTI;;;;;18.04.2024;
1141;1141;;KG;Gramaj;TERAZ? BO? STOK KARTI;;;;;18.04.2024;
1142;1142;;KG;Gramaj;TERAZ? BO? STOK KARTI;;;;;18.04.2024;
1143;1143;;KG;Gramaj;TERAZ? BO? STOK KARTI;;;;;18.04.2024;
1144;1144;;KG;Gramaj;TERAZ? BO? STOK KARTI;;;;;18.04.2024;
1145;1145;;KG;Gramaj;TERAZ? BO? STOK KARTI;;;;;18.04.2024;
1146;1146;;KG;Gramaj;TERAZ? BO? STOK KARTI;;;;;18.04.2024;
1147;1147;;KG;Gramaj;TERAZ? BO? STOK KARTI;;;;;18.04.2024;
1148;1148;;KG;Gramaj;TERAZ? BO? STOK KARTI;;;;;18.04.2024;
1149;1149;;KG;Gramaj;TERAZ? BO? STOK KARTI;;;;;18.04.2024;
1150;1150;;KG;Gramaj;TERAZ? BO? STOK KARTI;;;;;18.04.2024;
1151;1151;;KG;Gramaj;TERAZ? BO? STOK KARTI;;;;;18.04.2024;
1152;1152;;KG;Gramaj;TERAZ? BO? STOK KARTI;;;;;18.04.2024;
1153;1153;;KG;Gramaj;TERAZ? BO? STOK KARTI;;;;;18.04.2024;
1154;1154;;KG;Gramaj;TERAZ? BO? STOK KARTI;;;;;18.04.2024;
1155;1155;;KG;Gramaj;TERAZ? BO? STOK KARTI;;;;;18.04.2024;
1156;1156;;KG;Gramaj;TERAZ? BO? STOK KARTI;;;;;18.04.2024;
1157;1157;;KG;Gramaj;TERAZ? BO? STOK KARTI;;;;;18.04.2024;
1158;1158;;KG;Gramaj;TERAZ? BO? STOK KARTI;;;;;18.04.2024;
1159;1159;;KG;Gramaj;TERAZ? BO? STOK KARTI;;;;;18.04.2024;
1160;1160;;KG;Gramaj;TERAZ? BO? STOK KARTI;;;;;18.04.2024;
1161;1161;;KG;Gramaj;TERAZ? BO? STOK KARTI;;;;;18.04.2024;
1162;1162;;KG;Gramaj;TERAZ? BO? STOK KARTI;;;;;18.04.2024;
1163;1163;;KG;Gramaj;TERAZ? BO? STOK KARTI;;;;;18.04.2024;
1164;1164;;KG;Gramaj;TERAZ? BO? STOK KARTI;;;;;18.04.2024;
1165;1165;;KG;Gramaj;TERAZ? BO? STOK KARTI;;;;;18.04.2024;
1166;1166;;KG;Gramaj;TERAZ? BO? STOK KARTI;;;;;18.04.2024;
1167;1167;;KG;Gramaj;TERAZ? BO? STOK KARTI;;;;;18.04.2024;
1168;1168;;KG;Gramaj;TERAZ? BO? STOK KARTI;;;;;18.04.2024;
1169;1169;;KG;Gramaj;TERAZ? BO? STOK KARTI;;;;;18.04.2024;
1170;1170;;KG;Gramaj;TERAZ? BO? STOK KARTI;;;;;18.04.2024;
1171;1171;;KG;Gramaj;TERAZ? BO? STOK KARTI;;;;;18.04.2024;
1172;1172;;KG;Gramaj;TERAZ? BO? STOK KARTI;;;;;18.04.2024;
1173;1173;;KG;Gramaj;TERAZ? BO? STOK KARTI;;;;;18.04.2024;
1174;1174;;KG;Gramaj;TERAZ? BO? STOK KARTI;;;;;18.04.2024;
1175;1175;;KG;Gramaj;TERAZ? BO? STOK KARTI;;;;;18.04.2024;
1176;1176;;KG;Gramaj;TERAZ? BO? STOK KARTI;;;;;18.04.2024;
1177;1177;;KG;Gramaj;TERAZ? BO? STOK KARTI;;;;;18.04.2024;
1178;1178;;KG;Gramaj;TERAZ? BO? STOK KARTI;;;;;18.04.2024;
1179;1179;;KG;Gramaj;TERAZ? BO? STOK KARTI;;;;;18.04.2024;
1180;1180;;KG;Gramaj;TERAZ? BO? STOK KARTI;;;;;18.04.2024;
1181;1181;;KG;Gramaj;TERAZ? BO? STOK KARTI;;;;;18.04.2024;
1182;1182;;KG;Gramaj;TERAZ? BO? STOK KARTI;;;;;18.04.2024;
1183;1183;;KG;Gramaj;TERAZ? BO? STOK KARTI;;;;;18.04.2024;
1184;1184;;KG;Gramaj;TERAZ? BO? STOK KARTI;;;;;18.04.2024;
1185;1185;;KG;Gramaj;TERAZ? BO? STOK KARTI;;;;;18.04.2024;
1186;1186;;KG;Gramaj;TERAZ? BO? STOK KARTI;;;;;18.04.2024;
1187;1187;;KG;Gramaj;TERAZ? BO? STOK KARTI;;;;;18.04.2024;
1188;1188;;KG;Gramaj;TERAZ? BO? STOK KARTI;;;;;18.04.2024;
1189;1189;;KG;Gramaj;TERAZ? BO? STOK KARTI;;;;;18.04.2024;
1190;1190;;KG;Gramaj;TERAZ? BO? STOK KARTI;;;;;18.04.2024;
1191;1191;;KG;Gramaj;TERAZ? BO? STOK KARTI;;;;;18.04.2024;
1192;1192;;KG;Gramaj;TERAZ? BO? STOK KARTI;;;;;18.04.2024;
1193;1193;;KG;Gramaj;TERAZ? BO? STOK KARTI;;;;;18.04.2024;
1194;1194;;KG;Gramaj;TERAZ? BO? STOK KARTI;;;;;18.04.2024;
1195;1195;;KG;Gramaj;TERAZ? BO? STOK KARTI;;;;;18.04.2024;
1196;1196;;KG;Gramaj;TERAZ? BO? STOK KARTI;;;;;18.04.2024;
1197;1197;;KG;Gramaj;TERAZ? BO? STOK KARTI;;;;;18.04.2024;
1198;1198;;KG;Gramaj;TERAZ? BO? STOK KARTI;;;;;18.04.2024;
24000024;24000024;-4;ADET;Ean 8;SU 5 L?TRE;40.00 TL;;BARKODSUZ;;29.03.2026 21:04;35.00
1199;1199;;KG;Gramaj;TERAZ? BO? STOK KARTI;;;;;29.04.2024 10:56;1.00
1201;1201;;KG;Gramaj;TERAZ? BO? STOK KARTI;;;;;29.04.2024 10:56;1.00
24000055;24000055;;ADET;Ean 8;futbol topu;150.00 TL;;BARKODSUZ;;7.05.2026 22:19;
24000062;24000062;;ADET;Ean 8;BARKODSUZ BO? STOK KARTI;;;;;18.04.2024;
24000079;24000079;;ADET;Ean 8;BARKODSUZ BO? STOK KARTI;;;;;18.04.2024;
24000086;24000086;;ADET;Ean 8;BARKODSUZ BO? STOK KARTI;;;;;18.04.2024;
24000093;24000093;;ADET;Ean 8;BARKODSUZ BO? STOK KARTI;;;;;18.04.2024;
24000109;24000109;;ADET;Ean 8;BARKODSUZ BO? STOK KARTI;;;;;18.04.2024;
24000116;24000116;;ADET;Ean 8;BARKODSUZ BO? STOK KARTI;;;;;18.04.2024;
24000123;24000123;;ADET;Ean 8;BARKODSUZ BO? STOK KARTI;;;;;18.04.2024;
24000147;24000147;;ADET;Ean 8;BARKODSUZ BO? STOK KARTI;;;;;18.04.2024;
24000154;24000154;;ADET;Ean 8;BARKODSUZ BO? STOK KARTI;;;;;18.04.2024;
24000161;24000161;;ADET;Ean 8;BARKODSUZ BO? STOK KARTI;;;;;18.04.2024;
24000178;24000178;;ADET;Ean 8;BARKODSUZ BO? STOK KARTI;;;;;18.04.2024;
24000185;24000185;;ADET;Ean 8;BARKODSUZ BO? STOK KARTI;;;;;18.04.2024;
24000192;24000192;;ADET;Ean 8;BARKODSUZ BO? STOK KARTI;;;;;18.04.2024;
24000208;24000208;;ADET;Ean 8;BARKODSUZ BO? STOK KARTI;;;;;18.04.2024;
24000215;24000215;;ADET;Ean 8;BARKODSUZ BO? STOK KARTI;;;;;18.04.2024;
24000222;24000222;;ADET;Ean 8;BARKODSUZ BO? STOK KARTI;;;;;18.04.2024;
24000239;24000239;;ADET;Ean 8;BARKODSUZ BO? STOK KARTI;;;;;18.04.2024;
24000246;24000246;;ADET;Ean 8;BARKODSUZ BO? STOK KARTI;;;;;18.04.2024;
24000253;24000253;;ADET;Ean 8;BARKODSUZ BO? STOK KARTI;;;;;18.04.2024;
24000277;24000277;;ADET;Ean 8;BARKODSUZ BO? STOK KARTI;;;;;18.04.2024;
24000284;24000284;;ADET;Ean 8;BARKODSUZ BO? STOK KARTI;;;;;18.04.2024;
24000291;24000291;;ADET;Ean 8;BARKODSUZ BO? STOK KARTI;;;;;18.04.2024;
24000307;24000307;;ADET;Ean 8;BARKODSUZ BO? STOK KARTI;;;;;18.04.2024;
24000314;24000314;;ADET;Ean 8;BARKODSUZ BO? STOK KARTI;;;;;18.04.2024;
24000321;24000321;;ADET;Ean 8;BARKODSUZ BO? STOK KARTI;;;;;18.04.2024;
24000338;24000338;;ADET;Ean 8;BARKODSUZ BO? STOK KARTI;;;;;18.04.2024;
24000345;24000345;;ADET;Ean 8;BARKODSUZ BO? STOK KARTI;;;;;18.04.2024;
24000352;24000352;;ADET;Ean 8;BARKODSUZ BO? STOK KARTI;;;;;18.04.2024;
24000369;24000369;;ADET;Ean 8;BARKODSUZ BO? STOK KARTI;;;;;18.04.2024;
24000376;24000376;;ADET;Ean 8;BARKODSUZ BO? STOK KARTI;;;;;18.04.2024;
24000383;24000383;;ADET;Ean 8;BARKODSUZ BO? STOK KARTI;;;;;18.04.2024;
24000406;24000406;;ADET;Ean 8;BARKODSUZ BO? STOK KARTI;;;;;18.04.2024;
24000413;24000413;;ADET;Ean 8;BARKODSUZ BO? STOK KARTI;;;;;18.04.2024;
24000437;24000437;;ADET;Ean 8;BARKODSUZ BO? STOK KARTI;;;;;18.04.2024;
24000444;24000444;;ADET;Ean 8;BARKODSUZ BO? STOK KARTI;;;;;18.04.2024;
24000451;24000451;;ADET;Ean 8;BARKODSUZ BO? STOK KARTI;;;;;18.04.2024;
24000468;24000468;;ADET;Ean 8;BARKODSUZ BO? STOK KARTI;;;;;18.04.2024;
24000475;24000475;;ADET;Ean 8;BARKODSUZ BO? STOK KARTI;;;;;18.04.2024;
24000482;24000482;;ADET;Ean 8;BARKODSUZ BO? STOK KARTI;;;;;18.04.2024;
24000499;24000499;;ADET;Ean 8;BARKODSUZ BO? STOK KARTI;;;;;18.04.2024;
24000505;24000505;;ADET;Ean 8;BARKODSUZ BO? STOK KARTI;;;;;18.04.2024;
24000512;24000512;;ADET;Ean 8;BARKODSUZ BO? STOK KARTI;;;;;18.04.2024;
24000529;24000529;;ADET;Ean 8;BARKODSUZ BO? STOK KARTI;;;;;18.04.2024;
24000536;24000536;;ADET;Ean 8;BARKODSUZ BO? STOK KARTI;;;;;18.04.2024;
24000543;24000543;;ADET;Ean 8;BARKODSUZ BO? STOK KARTI;;;;;18.04.2024;
24000567;24000567;;ADET;Ean 8;BARKODSUZ BO? STOK KARTI;;;;;18.04.2024;
24000574;24000574;;ADET;Ean 8;BARKODSUZ BO? STOK KARTI;;;;;18.04.2024;
24000581;24000581;;ADET;Ean 8;BARKODSUZ BO? STOK KARTI;;;;;18.04.2024;
24000598;24000598;;ADET;Ean 8;BARKODSUZ BO? STOK KARTI;;;;;18.04.2024;
24000604;24000604;;ADET;Ean 8;BARKODSUZ BO? STOK KARTI;;;;;18.04.2024;
24000611;24000611;;ADET;Ean 8;BARKODSUZ BO? STOK KARTI;;;;;18.04.2024;
24000628;24000628;;ADET;Ean 8;BARKODSUZ BO? STOK KARTI;;;;;18.04.2024;
24000635;24000635;;ADET;Ean 8;BARKODSUZ BO? STOK KARTI;;;;;18.04.2024;
24000642;24000642;;ADET;Ean 8;BARKODSUZ BO? STOK KARTI;;;;;18.04.2024;
24000659;24000659;;ADET;Ean 8;BARKODSUZ BO? STOK KARTI;;;;;18.04.2024;
24000666;24000666;;ADET;Ean 8;BARKODSUZ BO? STOK KARTI;;;;;18.04.2024;
24000673;24000673;;ADET;Ean 8;BARKODSUZ BO? STOK KARTI;;;;;18.04.2024;
24000697;24000697;;ADET;Ean 8;BARKODSUZ BO? STOK KARTI;;;;;18.04.2024;
24000703;24000703;;ADET;Ean 8;BARKODSUZ BO? STOK KARTI;;;;;18.04.2024;
24000727;24000727;;ADET;Ean 8;BARKODSUZ BO? STOK KARTI;;;;;18.04.2024;
24000734;24000734;;ADET;Ean 8;BARKODSUZ BO? STOK KARTI;;;;;18.04.2024;
24000741;24000741;;ADET;Ean 8;BARKODSUZ BO? STOK KARTI;;;;;18.04.2024;
24000758;24000758;;ADET;Ean 8;BARKODSUZ BO? STOK KARTI;;;;;18.04.2024;
24000765;24000765;;ADET;Ean 8;BARKODSUZ BO? STOK KARTI;;;;;18.04.2024;
24000772;24000772;;ADET;Ean 8;BARKODSUZ BO? STOK KARTI;;;;;18.04.2024;
24000789;24000789;;ADET;Ean 8;BARKODSUZ BO? STOK KARTI;;;;;18.04.2024;
24000796;24000796;;ADET;Ean 8;BARKODSUZ BO? STOK KARTI;;;;;18.04.2024;
24000802;24000802;;ADET;Ean 8;BARKODSUZ BO? STOK KARTI;;;;;18.04.2024;
24000819;24000819;;ADET;Ean 8;BARKODSUZ BO? STOK KARTI;;;;;18.04.2024;
24000826;24000826;;ADET;Ean 8;BARKODSUZ BO? STOK KARTI;;;;;18.04.2024;
24000833;24000833;;ADET;Ean 8;BARKODSUZ BO? STOK KARTI;;;;;18.04.2024;
24000857;24000857;;ADET;Ean 8;BARKODSUZ BO? STOK KARTI;;;;;18.04.2024;
24000864;24000864;;ADET;Ean 8;BARKODSUZ BO? STOK KARTI;;;;;18.04.2024;
24000871;24000871;;ADET;Ean 8;BARKODSUZ BO? STOK KARTI;;;;;18.04.2024;
24000888;24000888;;ADET;Ean 8;BARKODSUZ BO? STOK KARTI;;;;;18.04.2024;
24000895;24000895;;ADET;Ean 8;BARKODSUZ BO? STOK KARTI;;;;;18.04.2024;
24000901;24000901;;ADET;Ean 8;BARKODSUZ BO? STOK KARTI;;;;;18.04.2024;
24000918;24000918;;ADET;Ean 8;BARKODSUZ BO? STOK KARTI;;;;;18.04.2024;
24000925;24000925;;ADET;Ean 8;BARKODSUZ BO? STOK KARTI;;;;;18.04.2024;
24000932;24000932;;ADET;Ean 8;BARKODSUZ BO? STOK KARTI;;;;;18.04.2024;
24000949;24000949;;ADET;Ean 8;BARKODSUZ BO? STOK KARTI;;;;;18.04.2024;
24000956;24000956;;ADET;Ean 8;BARKODSUZ BO? STOK KARTI;;;;;18.04.2024;
24000963;24000963;;ADET;Ean 8;BARKODSUZ BO? STOK KARTI;;;;;18.04.2024;
24000987;24000987;;ADET;Ean 8;BARKODSUZ BO? STOK KARTI;;;;;18.04.2024;
24000994;24000994;;ADET;Ean 8;BARKODSUZ BO? STOK KARTI;;;;;18.04.2024;
24001007;24001007;;ADET;Ean 8;BARKODSUZ BO? STOK KARTI;;;;;18.04.2024;
24001014;24001014;;ADET;Ean 8;BARKODSUZ BO? STOK KARTI;;;;;18.04.2024;
24001021;24001021;;ADET;Ean 8;BARKODSUZ BO? STOK KARTI;;;;;18.04.2024;
8,69056E+12;8,69056E+12;;ADET;Ean 13;BO?AZ?Ç? KOLONYA 400ML PLS;245.00 TL;;;TÜRK?YE;16.08.2025 11:49;165.00
8,69056E+12;8,69056E+12;;ADET;Ean 13;BO?AZ?Ç? KOLONYA 200ML PLS;130.00 TL;;;TÜRK?YE;19.03.2025 14:11;85.00
80763505;80763505;;ADET;Ean 8;BIG BABOL 90GR EK?? SAKIZ;100.00 TL;;;TÜRK?YE;18.04.2024;
8,69062E+12;8,69062E+12;;ADET;Ean 13;ROCCO SIKI ?EKER NANE;30.00 TL;;;TÜRK?YE;8.01.2025 12:56;20.00
8,69062E+12;8,69062E+12;;ADET;Ean 13;ROCCO SIKI ?EKER MANDALINA-KARPUZ;30.00 TL;;;TÜRK?YE;15.08.2024 09:09;15.00
8,69062E+12;8,69062E+12;;ADET;Ean 13;ROCCO SIKI ?EKER NAR-Ç?LEK ;30.00 TL;;;TÜRK?YE;15.08.2024 09:10;15.00
8,69062E+12;8,69062E+12;;ADET;Ean 13;ROCCO SIKI ?EKER AHUDUDU-L?MON;30.00 TL;;;TÜRK?YE;8.01.2025 12:56;20.00
86912440;86912440;-2;ADET;Ean 8;S?GARA MARLBORO RED LONG;125.00 TL;;;TÜRK?YE;6.08.2026 09:12;115.00
86912464;86912464;;ADET;Ean 8;S?GARA MARLBORO RED KISA;125.00 TL;;;TÜRK?YE;6.08.2026 09:12;115.00
86916240;86916240;;ADET;Ean 8;S?GARA MARLBORO TOUCH  ;125.00 TL;;;TÜRK?YE;6.08.2026 09:12;115.00
86941914;86941914;-2;ADET;Ean 8;S?GARA MARLBORO TOUCH WHITE;125.00 TL;;;TÜRK?YE;6.08.2026 09:13;115.00
86935258;86935258;;ADET;Ean 8;S?GARA MARLBORO TOUCH GRAY;125.00 TL;;;TÜRK?YE;6.08.2026 09:13;115.00
86935241;86935241;-14;ADET;Ean 8;S?GARA MARLBORO TOUCH BLUE;125.00 TL;;;TÜRK?YE;6.08.2026 09:13;115.00
86941907;86941907;;ADET;Ean 8;S?GARA MARLBORO EDGE;123.00 TL;;;TÜRK?YE;6.08.2026 09:12;113.00
86937757;86937757;-1;ADET;Ean 8;S?GARA MARLBORO EDGE BLUE;120.00 TL;;;TÜRK?YE;6.08.2026 09:12;115.00
86919937;86919937;-1;ADET;Ean 8;S?GARA LM RED LABEL;120.00 TL;;;TÜRK?YE;6.08.2026 09:11;110.00
86935012;86935012;;ADET;Ean 8;S?GARA LM RED LABEL LONG;120.00 TL;;;TÜRK?YE;6.08.2026 09:12;110.00
86932516;86932516;-2;ADET;Ean 8;S?GARA LARK BLUE UZUN;120.00 TL;;;TÜRK?YE;6.08.2026 09:13;110.00
86931854;86931854;;ADET;Ean 8;S?GARA LARK MAVI KISA;120.00 TL;;;TÜRK?YE;6.08.2026 09:13;110.00
86936491;86936491;;ADET;Ean 8;S?GARA MURATTI BLU;122.00 TL;;;TÜRK?YE;6.08.2026 09:11;112.00
86918725;86918725;-1;ADET;Ean 8;S?GARA MURATTI ROSSO;122.00 TL;;;TÜRK?YE;6.08.2026 09:11;112.00
86912488;86912488;;ADET;Ean 8;S?GARA PARLIAMENT NIGHT BLUE PACK - UZUN;130.00 TL;;;TÜRK?YE;6.08.2026 09:10;120.00
86918091;86918091;-18;ADET;Ean 8;S?GARA PARLIAMENT NIGHT BLUE - KISA;130.00 TL;;;TÜRK?YE;6.08.2026 09:10;120.00
86940610;86940610;-7;ADET;Ean 8;S?GARA PARLIAMENT MIDNIGHT BLUE;125.00 TL;;;TÜRK?YE;6.08.2026 09:10;115.00
86933797;86933797;;ADET;Ean 8;S?GARA PARLIAMENT AQUA BLUE SLIMS;130.00 TL;;;TÜRK?YE;6.08.2026 09:11;120.00
86931465;86931465;;ADET;Ean 8;S?GARA PARLIAMENT RESERVE;130.00 TL;;;TÜRK?YE;6.08.2026 09:10;120.00
86940726;86940726;;ADET;Ean 8;S?GARA KENT SLIMS GREY;115.00 TL;;;TÜRK?YE;18.02.2026 22:38;105.00
86940719;86940719;-6;ADET;Ean 8;S?GARA KENT SLIMS BLACK;130.00 TL;;;TÜRK?YE;18.02.2026 22:38;105.00
46089953;46089953;-2;ADET;Ean 8;S?GARA KENT SWITCH;105.00 TL;;;TÜRK?YE;18.02.2026 22:38;97.00
86940672;86940672;-20;ADET;Ean 8;S?GARA KENT D RANGE BLUE;120.00 TL;;;TÜRK?YE;18.02.2026 22:39;95.00
86940689;86940689;-1;ADET;Ean 8;S?GARA KENT D RANGE GREY;110.00 TL;;;TÜRK?YE;18.02.2026 22:39;95.00
86940696;86940696;;ADET;Ean 8;S?GARA KENT DRANGE BLUE LONG;105.00 TL;;;TÜRK?YE;18.02.2026 22:39;97.00
86938440;86938440;;ADET;Ean 8;S?GARA KENT GREY;115.00 TL;;;TÜRK?YE;18.02.2026 22:40;105.00
86938457;86938457;;ADET;Ean 8;S?GARA KENT WHITE;115.00 TL;;;TÜRK?YE;18.02.2026 22:40;105.00
40329574;40329574;;ADET;Ean 8;S?GARA WINSTON BLUE;125.00 TL;;;TÜRK?YE;4.08.2026 19:12;120.00
86941297;86941297;;ADET;Ean 8;S?GARA WINSTON RED;125.00 TL;;;TÜRK?YE;4.08.2026 19:12;120.00
86937894;86937894;;ADET;Ean 8;S?GARA WINSTON DEEP BLUE;120.00 TL;;;TÜRK?YE;4.08.2026 19:12;115.00
86944267;86944267;-2;ADET;Ean 8;S?GARA WINSTON SLIMS BLUE;130.00 TL;;;TÜRK?YE;4.08.2026 19:10;120.00
86944274;86944274;-3;ADET;Ean 8;S?GARA WINSTON SLIMS GRAY;130.00 TL;;;TÜRK?YE;4.08.2026 19:10;115.00
86940573;86940573;-4;ADET;Ean 8;S?GARA WINSTON SLENDER BLUE;120.00 TL;;;TÜRK?YE;4.08.2026 19:11;110.00
86940580;86940580;;ADET;Ean 8;S?GARA WINSTON SLENDER GRAY;120.00 TL;;;TÜRK?YE;4.08.2026 19:11;105.00
86941310;86941310;;ADET;Ean 8;S?GARA WINSTON RED LONG;125.00 TL;;;TÜRK?YE;4.08.2026 19:13;110.00
86941334;86941334;;ADET;Ean 8;S?GARA WINSTON BLUE LONG;125.00 TL;;;TÜRK?YE;4.08.2026 19:13;110.00
86937887;86937887;;ADET;Ean 8;S?GARA WINSTON DARK BLUE UZUN;120.00 TL;;;TÜRK?YE;4.08.2026 19:13;105.00
86937870;86937870;-2;ADET;Ean 8;S?GARA WINSTON DARK BLUE;120.00 TL;;;TÜRK?YE;4.08.2026 19:13;110.00
86938433;86938433;;ADET;Ean 8;S?GARA KENT BLUE;115.00 TL;;;TÜRK?YE;18.02.2026 22:40;105.00
86941440;86941440;;ADET;Ean 8;S?GARA KENT DARK BLUE;105.00 TL;;;TÜRK?YE;18.02.2026 22:41;95.00
86941198;86941198;-4;ADET;Ean 8;S?GARA CAMEL YELLOW KISA;120.00 TL;;;TÜRK?YE;4.08.2026 19:14;110.00
86933001;86933001;;ADET;Ean 8;S?GARA CAMEL WHITE;120.00 TL;;;TÜRK?YE;4.08.2026 19:14;103.00
86933261;86933261;-1;ADET;Ean 8;S?GARA CAMEL DEEP BLUE;115.00 TL;;;TÜRK?YE;4.08.2026 19:14;102.00
86941211;86941211;;ADET;Ean 8;S?GARA CAMEL YELLOW UZUN ;120.00 TL;;;TÜRK?YE;4.08.2026 19:14;105.00
86937832;86937832;;ADET;Ean 8;S?GARA CAMEL BROWN ;120.00 TL;;;TÜRK?YE;4.08.2026 19:14;105.00
86937337;86937337;;ADET;Ean 8;S?GARA CAMEL SELENDER BLUE;115.00 TL;;;TÜRK?YE;4.08.2026 19:15;100.00
86940887;86940887;-5;ADET;Ean 8;S?GARA TEKEL 2000 MAVI UZUN KUTU;100.00 TL;;;TÜRK?YE;18.02.2026 22:41;90.00
86940856;86940856;;ADET;Ean 8;S?GARA TEKEL 2000 KIRMIZI KISA;100.00 TL;;;TÜRK?YE;18.02.2026 22:43;90.00
86940870;86940870;;ADET;Ean 8;S?GARA TEKEL 2000 MAVI KISA;100.00 TL;;;TÜRK?YE;18.02.2026 22:44;90.00
86934879;86934879;;ADET;Ean 8;S?GARA TEKEL 2001 RED KISA;105.00 TL;;;TÜRK?YE;18.02.2026 22:44;95.00
86940771;86940771;;ADET;Ean 8;S?GARA ROTHMANS DRANGE BLUE;100.00 TL;;;TÜRK?YE;18.02.2026 22:44;90.00
86940733;86940733;;ADET;Ean 8;S?GARA ROTHMANS BLUE KISA KUTU;100.00 TL;;;TÜRK?YE;18.02.2026 22:44;90.00
86940740;86940740;;ADET;Ean 8;S?GARA ROTHMANS BLUE LONG;100.00 TL;;;TÜRK?YE;18.02.2026 22:44;90.00
86938198;86938198;;ADET;Ean 8;S?GARA CHESTERFIELD MODE NAVY BLUE;120.00 TL;;;TÜRK?YE;6.08.2026 09:13;110.00
86932356;86932356;;ADET;Ean 8;S?GARA LD SL?MS;115.00 TL;;;TÜRK?YE;4.08.2026 19:15;105.00
86940450;86940450;-1;ADET;Ean 8;S?GARA MONTE CARLO DARK BLUE;100.00 TL;;;TÜRK?YE;16.02.2026 19:09;90.00
86940412;86940412;-2;ADET;Ean 8;S?GARA MONTE CARLO RED;100.00 TL;;;TÜRK?YE;16.02.2026 19:09;90.00
8,69856E+12;8,69856E+12;;ADET;Ean 13;S?GARA HD 99 KAT;74.00 TL;;;TÜRK?YE;9.07.2025 09:06;69.00
8,68418E+12;8,68418E+12;;ADET;Ean 13;S?GARA HD BLUE SL?MS;84.00 TL;;;TÜRK?YE;9.07.2025 09:06;69.00
8,68392E+12;8,68392E+12;;ADET;Ean 13;ELLO CANDY BIGPOP;15.00 TL;;;TÜRK?YE;18.04.2024;
86945431;86945431;;ADET;Ean 8;BIG BABOL FRUITMIX;50.00 TL;;;TÜRK?YE;8.01.2025 12:57;40.00
84196842;84196842;;ADET;Ean 8;MELODY POPS SEKER 15 GR;25.00 TL;;;TÜRK?YE;11.04.2026 22:09;20.00
6,92121E+12;6,92121E+12;;ADET;Ean 13;CHUPA CHUPS MELODY POPS 15GR;25.00 TL;;;TÜRK?YE;11.04.2026 22:09;20.00
6,92121E+12;6,92121E+12;;ADET;Ean 13;CRAZY DIPS PATLAYAN SEKER 16 GR;25.00 TL;;;TÜRK?YE;11.04.2026 22:07;20.00
6,92121E+12;6,92121E+12;;ADET;Ean 13;CHUPA SHUPS KOLA AROMALI PATLAYAN ?EKER 16GR;25.00 TL;;;TÜRK?YE;11.04.2026 22:07;20.00
80843139;80843139;;ADET;Ean 8;BIG BABOL 25GR EK?? ELMA AROMALI SAKIZ;25.00 TL;;;TÜRK?YE;11.04.2026 22:07;20.00
80914662;80914662;;ADET;Ean 8;BIG BABOL 25GR Ç?LEK AROMALI SAKIZ ;25.00 TL;;;TÜRK?YE;11.04.2026 22:08;20.00
80777410;80777410;;ADET;Ean 8;BIG BABOL 25GR KARISIK MEYVE AROMALI SAKIZ;25.00 TL;;;TÜRK?YE;11.04.2026 22:07;20.00
86945448;86945448;;ADET;Ean 8;BIG BABOL 25GR KARPUZ AROMALI SAKIZ;25.00 TL;;;TÜRK?YE;11.04.2026 22:06;20.00
8,6905E+12;8,6905E+12;-8;ADET;Ean 13;ÜLKER Ç?KOLATALI GOFRET 36GR;20.00 TL;;;TÜRK?YE;11.01.2026 22:59;15.00
8,6905E+12;8,6905E+12;-9;ADET;Ean 13;ÜLKER Ç?KOLATALI GOFRET MAXI 47GR;25.00 TL;;;992921;11.01.2026 22:59;20.00
8,6905E+12;8,6905E+12;-4;ADET;Ean 13;ÜLKER Ç?KOLATALI GOFRET BEYAZ 35GR;20.00 TL;;;TÜRK?YE;11.01.2026 22:59;15.00
8,6905E+12;8,6905E+12;;ADET;Ean 13;ÜLKER Ç?KOLATALI GOFRET B?TTER 36GR;20.00 TL;;;TÜRK?YE;11.01.2026 22:59;15.00
8,6905E+12;8,6905E+12;;ADET;Ean 13;ÜLKER Ç?KOLATALI GOFRET EXTRA 45GR;20.00 TL;;;TÜRK?YE;18.04.2024;
8,6905E+12;8,6905E+12;;ADET;Ean 13;ÜLKER METRO 50GR BUYUK;25.00 TL;;;TÜRK?YE;19.01.2025 12:54;15.00
8,6905E+12;8,6905E+12;;ADET;Ean 13;ÜLKER METRO 36GR;20.00 TL;;;TÜRK?YE;2.07.2025 19:44;15.00
8,6905E+12;8,6905E+12;;ADET;Ean 13;ÜLKER ALBEN? BÜYÜK BOY 52GR;25.00 TL;;;TÜRK?YE;16.10.2024 21:58;14.00
8,68351E+12;8,68351E+12;;ADET;Ean 13;ÜLKER ALBEN? CAPPUC?NO LEZZET? 36G;20.00 TL;;;TÜRK?YE;20.12.2025 11:44;15.00
8,6905E+12;8,6905E+12;-2;ADET;Ean 13;ÜLKER ALBEN? BATON 40GR;20.00 TL;;;TÜRK?YE;2.07.2025 19:43;15.00
8,6905E+12;8,6905E+12;-4;ADET;Ean 13;ÜLKER ÇOKONAT 32GR;30.00 TL;;;TÜRK?YE;8.09.2025 12:33;25.00
8,68351E+12;8,68351E+12;;ADET;Ean 13;ÜLKER ÇOKONAT BAKLAVA 30G;30.00 TL;;;TÜRK?YE;25.04.2025 15:05;25.00
8,69077E+12;8,69077E+12;-2;ADET;Ean 13;ÜLKER CARAMIO BATON Ç?KOLATA 32GR;30.00 TL;;;TÜRK?YE;23.11.2025 20:48;25.00
8,6905E+12;8,6905E+12;;ADET;Ean 13;ÜLKER LAV?VA 35GR;30.00 TL;;;TÜRK?YE;8.09.2025 12:33;25.00
8,6905E+12;8,6905E+12;;ADET;Ean 13;ÜLKER D?DO GOLD 36GR;30.00 TL;;;TÜRK?YE;20.12.2025 10:36;25.00
8,6905E+12;8,6905E+12;-1;ADET;Ean 13;ÜLKER FINDIK RÜYASI 40.5G;35.00 TL;;;TÜRK?YE;15.05.2025 19:45;25.00
8,6905E+12;8,6905E+12;-6;ADET;Ean 13;ÜLKER COCO STAR H?ND?STAN CEV?ZL? 25GR;15.00 TL;;;TÜRK?YE;18.04.2024;
8,6905E+12;8,6905E+12;;ADET;Ean 13;ÜLKER ALPELLA HARBY KARAMELLI 25GR;15.00 TL;;;TÜRK?YE;18.04.2024;
8,6905E+12;8,6905E+12;-1;ADET;Ean 13;ÜLKER KARE Ç?KOLATA SÜTLÜ 60GR;70.00 TL;;;TÜRK?YE;17.02.2026 11:00;65.00
8,6905E+12;8,6905E+12;-1;ADET;Ean 13;ÜLKER KARE BITTER KAKAO Ç?KOLATA 60G;70.00 TL;;;TÜRK?YE;17.02.2026 11:00;65.00
8,6905E+12;8,6905E+12;-1;ADET;Ean 13;ÜLKER KARE %60  B?TTER Ç?KOLATA 60G;70.00 TL;;;TÜRK?YE;17.02.2026 11:00;65.00
8,6905E+12;8,6905E+12;;ADET;Ean 13;ÜLKER KARE Ç?KOLATA FINDIKLI 60 GR;75.00 TL;;;TÜRK?YE;17.02.2026 11:01;67.00
8,6905E+12;8,6905E+12;;ADET;Ean 13;ÜLKER KARE Ç?KOLATA ANTEP FISTIKLI 60GR;105.00 TL;;;TÜRK?YE;17.02.2026 11:01;85.00
8,6905E+12;8,6905E+12;-1;ADET;Ean 13;ÜLKER KARE Ç?KOLATA BEY FISTIKLI 65G;105.00 TL;;;TÜRK?YE;17.02.2026 11:01;85.00
8,6905E+12;8,6905E+12;;ADET;Ean 13;ÜLKER KARE Ç?KOLATA ANTEP FISTIKLI 65GR;105.00 TL;;;TÜRK?YE;17.02.2026 11:01;85.00
8,68351E+12;8,68351E+12;;ADET;Ean 13;ÜLKER KARE Ç?KOLATA  ?ÖB?YET 60GR;105.00 TL;;;TÜRK?YE;17.02.2026 11:01;85.00
8,68351E+12;8,68351E+12;;ADET;Ean 13;ÜLKER KARE BURMA KADAYIF 60G;105.00 TL;;;TÜRK?YE;17.02.2026 11:02;65.00
8,68351E+12;8,68351E+12;;ADET;Ean 13;ÜLKER KARE FINDIK RÜYASI 75 GR;75.00 TL;;;TÜRK?YE;17.02.2026 11:03;65.00
8,6905E+12;8,6905E+12;;ADET;Ean 13;ÜLKER KARE Ç?KOLATA GOLDEN 60GR;105.00 TL;;;TÜRK?YE;17.02.2026 11:02;65.00
8,6905E+12;8,6905E+12;;ADET;Ean 13;ÜLKER KARE Ç?KOLATA TUZLU KARAMEL & BADEM 60G;50.00 TL;;;TÜRK?YE;19.01.2025 12:07;40.00
8,6905E+12;8,6905E+12;;ADET;Ean 13;ÜLKER KARE Ç?KOLATA FINDIKLI ÜZÜMLÜ 60G;75.00 TL;;;TÜRK?YE;17.02.2026 11:03;65.00
8,6905E+12;8,6905E+12;;ADET;Ean 13;ÜLKER BATON CIKOLATA BITTER 30GR;35.00 TL;;;TÜRK?YE;17.02.2026 11:04;32.50
8,6905E+12;8,6905E+12;;ADET;Ean 13;ÜLKER BATON Ç?KOLATA SÜTLÜ 30GR;35.00 TL;;;TÜRK?YE;17.02.2026 11:04;32.50
8,6905E+12;8,6905E+12;;ADET;Ean 13;ÜLKER BATON CIKOLATA FIND.SUTLU 30GR;37.50 TL;;;TÜRK?YE;17.02.2026 11:04;35.00
8,6905E+12;8,6905E+12;;ADET;Ean 13;ÜLKER BATON ANTEP FISTIKLI Ç?KOLATA 30GR;52.50 TL;;;TÜRK?YE;17.02.2026 11:05;42.50
8,6905E+12;8,6905E+12;-2;ADET;Ean 13;ÜLKER NAPOL?TEN 33GR;50.00 TL;;;TÜRK?YE;11.01.2026 22:57;40.00
8,6905E+12;8,6905E+12;;ADET;Ean 13;ÜLKER ÇOKOKREM TUP 40GR;35.00 TL;;;TÜRK?YE;6.08.2025 10:56;25.00
8,6905E+12;8,6905E+12;-1;ADET;Ean 13;ÜLKER CARAMIO KARAMELLI KARE;50.00 TL;;;TÜRK?YE;12.01.2026 10:13;45.00
8,6905E+12;8,6905E+12;;ADET;Ean 13;ÜLKER BATON Ç?KOLATA INCE SÜTLÜ VE P?R?NÇ PATLAKLI 14GR;15.00 TL;;;TÜRK?YE;24.09.2025 11:11;Ara.50
8,69053E+12;8,69053E+12;;ADET;Ean 13;ET? PET?TO M?N? 32GR;40.00 TL;18.40;;TÜRK?YE;3.10.2025 22:36;37.50
8,69053E+12;8,69053E+12;;ADET;Ean 13;ET? PET?TO ÇUBUK 15GR;20.00 TL;Tem.60;;TÜRK?YE;16.07.2024 11:58;10.00
8,69053E+12;8,69053E+12;-3;ADET;Ean 13;ET? PET?TO ÇITIR TOPLU 16GR;20.00 TL;Tem.60;;TÜRK?YE;11.04.2026 22:10;17.50
8,69053E+12;8,69053E+12;-1;ADET;Ean 13;ET? PET?TO PAT? 18GR;20.00 TL;Tem.60;;TÜRK?YE;16.07.2024 11:57;10.00
8,69053E+12;8,69053E+12;-1;ADET;Ean 13;ET? PET?TO AYICIKLI 8 GR ;10.00 TL;4.00;;TÜRK?YE;16.07.2024 11:57;5.00
8,6905E+12;8,6905E+12;;ADET;Ean 13;ÜLKER KARE Ç?KOLATA ?EKERS?Z 60GR;50.00 TL;;;TÜRK?YE;18.04.2024;
8,69053E+12;8,69053E+12;-1;ADET;Ean 13;ET? Ç?KOLATA KARE KARAM %70 B?TTER 60 GR;70.00 TL;;;TÜRK?YE;17.02.2026 11:07;65.00
8,69053E+12;8,69053E+12;;ADET;Ean 13;ET? Ç?KOLATA KARE KARAM B?TTER 60GR;70.00 TL;;;TÜRK?YE;17.02.2026 11:07;65.00
8,69053E+12;8,69053E+12;;ADET;Ean 13;ET? Ç?KOLATA KARE SÜTLÜ 65GR;70.00 TL;24.00;;TÜRK?YE;17.02.2026 11:07;65.00
8,69053E+12;8,69053E+12;;ADET;Ean 13;ET? Ç?KOLATA KARE GOLD ANTEP FISTIKLI 60GR;105.00 TL;;;TÜRK?YE;17.02.2026 11:07;87.50
8,69053E+12;8,69053E+12;-3;ADET;Ean 13;ET? Ç?KOLATA KARE ANTEP FISTIKLI 60GR;105.00 TL;41.60;;TÜRK?YE;17.02.2026 11:07;87.50
8,69053E+12;8,69053E+12;;ADET;Ean 13;ET? Ç?KOLATA KARE %56 ANTEP 60GR;105.00 TL;;;TÜRK?YE;17.02.2026 11:07;87.50
8,69053E+12;8,69053E+12;;ADET;Ean 13;ET? Ç?KOLATA FINDIKLI 30GR;37.50 TL;;;TÜRK?YE;3.10.2025 22:37;27.50
8,69053E+12;8,69053E+12;;ADET;Ean 13;ET? Ç?KOLATA UZUN ANTEP FISTIKLI 17 GR;20.00 TL;;;TÜRK?YE;24.09.2025 11:21;17.50
8,69053E+12;8,69053E+12;;ADET;Ean 13;ET? Ç?KOLATA SÜTLÜ 17 GR;15.00 TL;;;TÜRK?YE;3.09.2024 15:14;Ara.50
86924979;86924979;;ADET;Ean 8;ET? Ç?KOLATA ST?CK B?TTER 7 GR;10.00 TL;;;TÜRK?YE;15.04.2025 17:43;Tem.50
86925693;86925693;;ADET;Ean 8;ET? Ç?KOLATA ST?CKS 7GR;10.00 TL;;;TÜRK?YE;15.04.2025 17:43;Tem.50
8,69053E+12;8,69053E+12;-2;ADET;Ean 13;ET? Ç?KOLATA TABLET ANTEP FISTIKLI UZUN BATON 34GR;50.00 TL;;;TÜRK?YE;20.12.2025 11:47;32.50
8,69053E+12;8,69053E+12;;ADET;Ean 13;ET? Ç?KOLATA TABLET SÜTLÜ UZUN BATON 34GR;35.00 TL;;;TÜRK?YE;20.12.2025 11:46;25.00
8,69053E+12;8,69053E+12;;ADET;Ean 13;ET? Ç?KOLATALI GOFRET 34GR;20.00 TL;Haz.60;;TÜRK?YE;18.01.2026 11:15;15.00
8,69053E+12;8,69053E+12;;ADET;Ean 13;ET? AHENK GURME 50GR;30.00 TL;;;TÜRK?YE;6.04.2025 21:02;22.50
8,69053E+12;8,69053E+12;-3;ADET;Ean 13;ET? Ç?KOLATA KARAM GURME 50GR;30.00 TL;Kas.60;;TÜRK?YE;16.07.2024 11:56;15.00
8,6905E+12;8,6905E+12;;ADET;Ean 13;ÜLKER OLALA TIRAM?SU 45 GR;25.00 TL;;;TÜRK?YE;3.10.2025 22:38;20.00
8,6905E+12;8,6905E+12;;ADET;Ean 13;ÜLKER DANKEK MOUSSE;25.00 TL;;;TÜRK?YE;25.06.2025 13:51;20.00
8,69053E+12;8,69053E+12;-13;ADET;Ean 13;ET? Ç?KOLATA BROWN? INTENSE 50GR;30.00 TL;;;TÜRK?YE;4.11.2025 10:48;25.00
8,69053E+12;8,69053E+12;-1;ADET;Ean 13;ET? Ç?KOLATA BROWNI INTENSE GOLD 48GR ;30.00 TL;;;TÜRK?YE;4.11.2025 10:48;25.00
8,69053E+12;8,69053E+12;-10;ADET;Ean 13;ET? Ç?KOLATA CANGA YER FISTIKLI 45GR;30.00 TL;;;TÜRK?YE;4.11.2025 10:44;25.00
8,69053E+12;8,69053E+12;;ADET;Ean 13;ET? Ç?KOLATA WANTED BUMBA H?ND?STAN CEV?ZL? 20GR;15.00 TL;May.80;;TÜRK?YE;20.12.2025 11:47;Ara.50
8,69053E+12;8,69053E+12;-2;ADET;Ean 13;ET? BROWN? CLASS?C FINDIKLI KEK;20.00 TL;;;TÜRK?YE;20.09.2025 22:19;Ara.50
8,69053E+12;8,69053E+12;-4;ADET;Ean 13;ET? SÜT BURGER Ç?LEKL? 35GR;25.00 TL;A?u.40;;TÜRK?YE;21.07.2025 13:06;17.50
8,69053E+12;8,69053E+12;-2;ADET;Ean 13;ET? SÜT BURGER KAKAOLU 35GR;20.00 TL;A?u.40;;TÜRK?YE;21.07.2025 13:06;17.50
86924962;86924962;-3;ADET;Ean 8;ET? SÜT BURGER 35GR;25.00 TL;A?u.40;;TÜRK?YE;21.07.2025 13:06;15.00
8,69053E+12;8,69053E+12;-2;ADET;Ean 13;ET? SÜT BURGER MUZLU 35GR;25.00 TL;A?u.40;;TÜRK?YE;21.07.2025 13:06;15.00
8,69053E+12;8,69053E+12;;ADET;Ean 13;ET? SOSBOM Ç?KOLATALI  KEK 50GR;25.00 TL;Kas.60;;TÜRK?YE;18.04.2024;
8,69053E+12;8,69053E+12;;ADET;Ean 13;ET? TWIST 48 GR;20.00 TL;Kas.60;;TÜRK?YE;19.01.2025 12:13;15.00
8,69053E+12;8,69053E+12;;ADET;Ean 13;ET? BROWN? MOUSSE 48 GR;30.00 TL;;;TÜRK?YE;19.01.2025 12:12;15.00
8,69077E+12;8,69077E+12;-1;ADET;Ean 13;SÜTA? SÜZME PEYN?R 250GR;79.50 TL;38.00;;TÜRK?YE;4.05.2026 09:09;80.00
8,69077E+12;8,69077E+12;-1;ADET;Ean 13;SÜTA? SÜZME PEYN?R 500GR ;150.00 TL;73.00;;TÜRK?YE;6.04.2026 10:49;140.00
8,69077E+12;8,69077E+12;;ADET;Ean 13;SÜTA? BEYAZ PEYN?R 500 GR;159.50 TL;80.00;;TÜRK?YE;4.05.2026 09:11;145.00
8,68132E+12;8,68132E+12;-1;ADET;Ean 13;SÜTA? HÜPTR?K Ç?LEKL? 40 GR;6.00 TL;;;TÜRK?YE;10.04.2026 22:46;5.00
8,69138E+12;8,69138E+12;-5;ADET;Ean 13;ÜLKER TEREMYA? KASE 250GR;65.00 TL;;;TÜRK?YE;16.01.2025 14:52;42.50
8,69053E+12;8,69053E+12;-5;ADET;Ean 13;PINAR AÇ B?T?R H?ND? SALAM 75 GR;49.00 TL;;;TÜRK?YE;17.07.2026 11:46;45.00
8,69053E+12;8,69053E+12;-2;ADET;Ean 13;PINAR AÇ B?T?R MACAR SALAM 60GR;79.00 TL;35.00;;TÜRK?YE;17.07.2026 11:46;75.00
8,69077E+12;8,69077E+12;-1;ADET;Ean 13;SÜTA? KA?AR PEYN?R? 200 GR;119.50 TL;57.00;;TÜRK?YE;4.05.2026 09:22;119.00
8,69077E+12;8,69077E+12;-7;ADET;Ean 13;SÜTA? KA?AR PEYN?R? 600GR;299.50 TL;149.55;;TÜRK?YE;4.05.2026 09:23;295.00
8,69077E+12;8,69077E+12;-4;ADET;Ean 13;SÜTA? KA?AR PEYN?R? 400GR;235.00 TL;106.50;;TÜRK?YE;6.04.2026 10:48;225.00
8,69106E+12;8,69106E+12;;ADET;Ean 13;SODA SIRMA L?MON AROMALI 200 ML;25.00 TL;May.40;;TÜRK?YE;5.08.2026 12:28;20.00
8,69106E+12;8,69106E+12;;ADET;Ean 13;SODA SIRMA V??NE AROMALI 200 ML;20.00 TL;May.40;;TÜRK?YE;14.12.2025 22:53;17.50
8,69106E+12;8,69106E+12;;ADET;Ean 13;SODA SIRMA PORTAKAL AROMALI 200 ML;20.00 TL;May.40;;TÜRK?YE;14.12.2025 22:52;17.50
8,69106E+12;8,69106E+12;-1;ADET;Ean 13;SODA SIRMA ELMA AROMALI 200ML;20.00 TL;May.40;;TÜRK?YE;14.12.2025 22:52;17.50
8,69752E+12;8,69752E+12;;ADET;Ean 13;MALTANA ARMUT AROMALI 250 ML;60.00 TL;15.00;;TÜRK?YE;19.08.2026 11:42;50.00
8,69752E+12;8,69752E+12;;ADET;Ean 13;MALTANA ANANAS AROMALI 250 ML;60.00 TL;15.00;;TÜRK?YE;19.08.2026 11:42;50.00
8,69752E+12;8,69752E+12;;ADET;Ean 13;MALTANA ?EFTAL? AROMALI 250 ML;60.00 TL;15.00;;TÜRK?YE;19.08.2026 11:41;50.00
8,68406E+12;8,68406E+12;;ADET;Ean 13;YÖRÜKANA Ç?FTL??? ?EFTAL? 250ML;40.00 TL;15.00;;TÜRK?YE;23.08.2025 09:48;35.00
8,68331E+12;8,68331E+12;;ADET;Ean 13;YÖRÜKANA Ç?FTL??? SIKMA V??NE 250 ML;40.00 TL;15.00;;TÜRK?YE;23.08.2025 09:48;35.00
8,68331E+12;8,68331E+12;;ADET;Ean 13;YÖRÜKANA Ç?FTL??? KARADUT 250ML;40.00 TL;15.00;;TÜRK?YE;23.08.2025 09:49;35.00
8,68135E+12;8,68135E+12;;ADET;Ean 13;SODA AV?AR YE??L ELMA 200ML;25.00 TL;May.40;;TÜRK?YE;22.07.2026 10:10;20.00
8,69386E+12;8,69386E+12;;ADET;Ean 13;SODA ?N??D?B? SADE 200ML;20.00 TL;Nis.20;;TÜRK?YE;16.03.2026 15:08;17.50
8,69745E+12;8,69745E+12;;ADET;Ean 13;N??DE GAZOZ 250ML;25.00 TL;Tem.50;;TÜRK?YE;28.02.2025 13:56;20.00
8,69138E+12;8,69138E+12;-6;ADET;Ean 13;SODA BEYPAZARI SADE 200ML;20.00 TL;Nis.20;;TÜRK?YE;12.08.2026 17:00;15.00
8,6914E+12;8,6914E+12;;ADET;Ean 13;SODA KINIK SADE 200ML;15.00 TL;Nis.20;;TÜRK?YE;15.03.2026 12:24;Ara.50
8,69106E+12;8,69106E+12;;ADET;Ean 13;SODA SIRMA MANDAL?NA AROMALI 200 ML;20.00 TL;May.40;;TÜRK?YE;14.12.2025 22:52;17.50
8,69106E+12;8,69106E+12;;ADET;Ean 13;SODA SIRMA NAR AROMALI 200 ML ;20.00 TL;May.40;;TÜRK?YE;14.12.2025 22:52;17.50
8,69164E+12;8,69164E+12;-2;ADET;Ean 13;SODA ÖZKAYNAK SADE 200ML;20.00 TL;Nis.20;;TÜRK?YE;12.08.2026 17:03;15.00
8,68135E+12;8,68135E+12;;ADET;Ean 13;SODA AV?AR K?V? L?MON 200ML;25.00 TL;May.40;;TÜRK?YE;22.07.2026 10:09;20.00
8,68135E+12;8,68135E+12;;ADET;Ean 13;SODA AV?AR DÜ?E? ARMUDU NEKTAR?N 200ML;25.00 TL;May.40;;TÜRK?YE;22.07.2026 10:09;20.00
8,68135E+12;8,68135E+12;-8;ADET;Ean 13;SODA AV?AR MANGO ANANAS 200ML;25.00 TL;May.40;;TÜRK?YE;22.07.2026 10:09;20.00
8,68135E+12;8,68135E+12;;ADET;Ean 13;SODA AV?AR MANDAL?NA 200ML;25.00 TL;May.40;;TÜRK?YE;22.07.2026 10:09;20.00
8,68135E+12;8,68135E+12;-3;ADET;Ean 13;SODA AV?AR KARPUZ Ç?LEK 200ML;25.00 TL;May.40;;TÜRK?YE;22.07.2026 10:09;20.00
8,68135E+12;8,68135E+12;-11;ADET;Ean 13;SODA AV?AR L?MONLU 200ML;25.00 TL;May.40;;TÜRK?YE;22.07.2026 10:09;20.00
8,68135E+12;8,68135E+12;-1;ADET;Ean 13;SODA AV?AR KARADUT FRENK ÜZÜMÜ 200ML;25.00 TL;May.40;;TÜRK?YE;22.07.2026 10:09;20.00
8,69072E+12;8,69072E+12;;ADET;Ean 13;ULUDA? FRUTT? EXTRA LIMONLU 250ML;40.00 TL;15.00;;TÜRK?YE;29.10.2025 15:18;35.00
8,69072E+12;8,69072E+12;;ADET;Ean 13;ULUDA? FRUTT? EXTRA KAVUNLU 250ML;40.00 TL;15.00;;TÜRK?YE;29.10.2025 15:18;35.00
8,69072E+12;8,69072E+12;;ADET;Ean 13;ULUDA? FRUTT? EXTRA ORMAN MEYVELI 250ML;40.00 TL;15.00;;TÜRK?YE;29.10.2025 15:18;35.00
8,69072E+12;8,69072E+12;;ADET;Ean 13;ULUDA? FRUTT? EXTRA ARMUTLU 250ML;40.00 TL;15.00;;TÜRK?YE;29.10.2025 15:18;35.00
8,69072E+12;8,69072E+12;;ADET;Ean 13;ULUDA? FRUTT? EXTRA SARI L?MONLU 250ML;40.00 TL;15.00;;TÜRK?YE;29.10.2025 15:18;35.00
8,69297E+12;8,69297E+12;-7;ADET;Ean 13;ÜLKER L?NK ?ÇECEK Ç?LEKL? 200GR;20.00 TL;May.80;;TÜRK?YE;7.11.2025 11:13;15.00
8,69297E+12;8,69297E+12;;ADET;Ean 13;ÜLKER L?NK ?ÇECEK V??NEL? 200GR;20.00 TL;May.80;;TÜRK?YE;7.11.2025 11:13;15.00
8,69079E+12;8,69079E+12;;ADET;Ean 13;SU ER?KL? 1.5LT;35.00 TL;7.Eki;;TÜRK?YE;10.04.2026 22:46;30.00
8,69079E+12;8,69079E+12;-4;ADET;Ean 13;SU ER?KL? 1LT;30.00 TL;Haz.60;;TÜRK?YE;5.09.2025 13:53;25.00
8,68015E+12;8,68015E+12;;ADET;Ean 13;SU ELMACIK 1,5 LT;20.00 TL;Nis.60;;TÜRK?YE;24.01.2025 14:45;15.00
8,69988E+12;8,69988E+12;-51;ADET;Ean 13;SU BUZDA?I 0.5LT;15.00 TL;?ub.50;;TÜRK?YE;8.07.2026 10:52;15.00
8,6932E+12;8,6932E+12;;ADET;Ean 13;SU HAM?D?YE 0.5LT;10.00 TL;?ub.50;;TÜRK?YE;15.08.2024 15:19;Tem.50
8,68077E+12;8,68077E+12;;ADET;Ean 13;SU SEDA 0.5L;10.00 TL;?ub.20;;TÜRK?YE;15.08.2024 15:18;Tem.50
8,69902E+12;8,69902E+12;;ADET;Ean 13;SU ABANT 0.5L;10.00 TL;?ub.40;;TÜRK?YE;15.08.2024 15:16;Tem.50
8,68391E+12;8,68391E+12;;ADET;Ean 13;SU AHBAP 1.5 LT;15.00 TL;Nis.50;;TÜRK?YE;15.08.2024 15:16;Ara.50
8,69077E+12;8,69077E+12;;ADET;Ean 13;SÜTA? AYRAN 175 ML;15.00 TL;;;TÜRK?YE;27.11.2025 21:37;10.00
8,69077E+12;8,69077E+12;-1;ADET;Ean 13;SÜTA? YO?URT KAYMAKSIZ 0.5KG;50.00 TL;22.65;;TÜRK?YE;5.05.2026 11:23;45.00
8,69077E+12;8,69077E+12;-4;ADET;Ean 13;SÜTA? YO?URT KAYMAKSIZ 1KG;87.50 TL;40.52;;TÜRK?YE;5.05.2026 11:23;79.50
8,69077E+12;8,69077E+12;-3;ADET;Ean 13;SÜTA? YO?URT KAYMAKSIZ 1,5KG;115.00 TL;55.00;;TÜRK?YE;5.05.2026 11:23;105.00
8,69077E+12;8,69077E+12;-8;ADET;Ean 13;SÜTA? YO?URT KAYMAKSIZ 2KG;150.00 TL;75.20;;TÜRK?YE;5.05.2026 11:22;135.00
8,68132E+12;8,68132E+12;-3;ADET;Ean 13;SÜTA? KA?AR D?L?ML? 60GR;45.00 TL;20.00;;TÜRK?YE;21.05.2026 11:24;39.00
8,69077E+12;8,69077E+12;-5;ADET;Ean 13;SÜTA? AYRAN 2 LT;100.00 TL;46.00;;TÜRK?YE;25.04.2026 15:55;92.50
8,69077E+12;8,69077E+12;-10;ADET;Ean 13;SÜTA? AYRAN 1 LT;55.00 TL;25.00;;TÜRK?YE;25.04.2026 15:54;50.00
8,69057E+12;8,69057E+12;;ADET;Ean 13;L?PTON ?CE TEA 330ML KARPUZ NANE;60.00 TL;18.60;;TÜRK?YE;2.06.2026 13:16;50.00
8,69057E+12;8,69057E+12;;ADET;Ean 13;L?PTON ?CE TEA 330ML L?MON KUTU;60.00 TL;18.60;;TÜRK?YE;2.06.2026 13:16;50.00
8,69057E+12;8,69057E+12;;ADET;Ean 13;L?PTON ?CE TEA 330ML ?EFTAL? PET;60.00 TL;18.60;;TÜRK?YE;2.06.2026 13:16;50.00
8,69057E+12;8,69057E+12;;ADET;Ean 13;L?PTON ?CE TEA 330ML L?MON PET ;60.00 TL;18.60;;TÜRK?YE;2.06.2026 13:16;50.00
8,69057E+12;8,69057E+12;;ADET;Ean 13;L?PTON ?CE TEA 330ML MANGO;60.00 TL;18.60;;TÜRK?YE;2.06.2026 13:15;50.00
8,69872E+12;8,69872E+12;;ADET;Ean 13;JUSS ?CE TEA LIMON 330ML KUTU;50.00 TL;17.00;;TÜRK?YE;31.10.2025 11:29;40.00
8,69056E+12;8,69056E+12;;ADET;Ean 13;OBSESSO SOGUK KAHVE 250ML BEYAZ CIKOLATA;70.00 TL;26.00;;TÜRK?YE;5.03.2026 10:05;65.00
8,69056E+12;8,69056E+12;;ADET;Ean 13;OBSESSO SO?UK KAHVE 250ML MOCHA CHOCOLATE;70.00 TL;26.00;;TÜRK?YE;5.03.2026 10:05;65.00
8,69063E+12;8,69063E+12;;ADET;Ean 13;NESCAFE EXPRESS ORIGINAL 250ML;75.00 TL;28.00;;TÜRK?YE;1.11.2025 21:20;65.00
8,69063E+12;8,69063E+12;;ADET;Ean 13;NESCAFE EXPRESS AMER?CANO 250ML;75.00 TL;28.00;;TÜRK?YE;6.07.2026 12:51;70.00
8,71741E+12;8,71741E+12;;ADET;Ean 13;NESCAFE XPRESS BLACK ROAST 250ML;70.00 TL;28.00;;TÜRK?YE;7.11.2025 13:59;65.00
8,69063E+12;8,69063E+12;-1;ADET;Ean 13;NESCAFE EXPESS CAFE CHOCO 250ML;75.00 TL;28.00;;TÜRK?YE;7.11.2025 13:58;65.00
8,69063E+12;8,69063E+12;;ADET;Ean 13;NESCAFE EXPRESS COCONATE 250ML;75.00 TL;28.00;;TÜRK?YE;6.07.2026 12:51;70.00
8,69063E+12;8,69063E+12;;ADET;Ean 13;NESCAFE EXPRESS CAFE LATE 250;75.00 TL;28.00;;TÜRK?YE;6.07.2026 12:47;70.00
8,69063E+12;8,69063E+12;;ADET;Ean 13;NESCAFE EXPRESS CARAMEL 250;75.00 TL;28.00;;TÜRK?YE;6.07.2026 12:51;70.00
8,68417E+12;8,68417E+12;;ADET;Ean 13;PABLO LATTE250;35.00 TL;26.00;;TÜRK?YE;19.04.2024;
8,68417E+12;8,68417E+12;;ADET;Ean 13;PABLO MOCHA 250 ML;35.00 TL;26.00;;TÜRK?YE;19.04.2024;
95;9,00249E+12;;ADET;Ean 13;REDBULL ENERJ? ?ÇECE?? 473 ML;125.00 TL;50.00;;TÜRK?YE;9.03.2026 09:25;115.00
9,00249E+12;9,00249E+12;;ADET;Ean 13;REDBULL ENERJ? ?ÇECE?? 355ML;110.00 TL;45.00;;TÜRK?YE;4.05.2026 13:08;100.00
90162602;90162602;;ADET;Ean 8;REDBULL ENERJ? ?ÇECE?? 250ML;85.00 TL;26.00;;TÜRK?YE;4.05.2026 13:08;70.00
90446306;90446306;;ADET;Ean 8;REDBULL ENERJ? ?ÇECE?? 250ML SUMMER PEACH;85.00 TL;26.00;;TÜRK?YE;4.05.2026 13:08;70.00
90376894;90376894;;ADET;Ean 8;REDBULL ENERJ? ?ÇECE?? 250ML BLUE;85.00 TL;26.00;;TÜRK?YE;4.05.2026 13:07;70.00
90424298;90424298;;ADET;Ean 8;REDBULL ENERJ? ?ÇECE?? 250ML YELLOW;85.00 TL;26.00;;TÜRK?YE;4.05.2026 13:07;70.00
5,06047E+12;5,06047E+12;;ADET;Ean 13;BURN KUTU ENERJI ICICEK 250ML 12LI;50.00 TL;26.00;;TÜRK?YE;16.03.2026 15:09;35.00
40822938;40822938;;ADET;Ean 8;FANTA 500ML PET  PORTAKAL;60.00 TL;17.00;;TÜRK?YE;21.07.2026 16:16;50.00
54023567;54023567;;ADET;Ean 8;COCA COLA 450ML PET;65.00 TL;18.00;;TÜRK?YE;19.08.2026 16:18;60.00
5,449E+12;5,449E+12;-1;ADET;Ean 13;CAPPY 330ML KUTU ATOM;60.00 TL;19.00;;TÜRK?YE;5.06.2026 15:05;50.00
5,449E+12;5,449E+12;;ADET;Ean 13;CAPPY 330 ML KUTU V??NE;60.00 TL;19.00;;TÜRK?YE;5.06.2026 15:05;50.00
5,449E+12;5,449E+12;;ADET;Ean 13;CAPPY 330ML KUTU KAYISI ;60.00 TL;19.00;;TÜRK?YE;5.06.2026 15:05;50.00
5,06075E+12;5,06075E+12;;ADET;Ean 13;MONSTER ENERJ? ?ÇECE?? 500 ML;90.00 TL;30.00;;TÜRK?YE;25.06.2026 15:48;80.00
5,449E+12;5,449E+12;;ADET;Ean 13;CAPPY 330ML KUTU ?EFTAL?;60.00 TL;18.00;;TÜRK?YE;5.06.2026 15:05;50.00
5,449E+12;5,449E+12;;ADET;Ean 13;CAPPY 330ML KUTU KARI?IK;60.00 TL;18.00;;TÜRK?YE;5.06.2026 15:05;50.00
8,69912E+12;8,69912E+12;;ADET;Ean 13;JUST POWER ENERJI 500ML;40.00 TL;Ara.75;;TÜRK?YE;16.08.2025 11:54;35.00
8,69102E+12;8,69102E+12;;ADET;Ean 13;YOU CAN ENERJ? ?ÇECEK 500ML;25.00 TL;17.00;;TÜRK?YE;19.04.2024;
5,449E+12;5,449E+12;;ADET;Ean 13;FANTA 200ML KUTU;40.00 TL;16.00;;8,69057E+12;25.04.2026 23:14;35.00
8,69057E+12;8,69057E+12;;ADET;Ean 13;PEPS? 250ML KOLA MAX PET;40.00 TL;15.00;;TÜRK?YE;25.04.2026 23:14;35.00
8,69057E+12;8,69057E+12;;ADET;Ean 13;PEPS? 250ML KOLA;40.00 TL;15.00;;TÜRK?YE;25.04.2026 23:14;35.00
8,69057E+12;8,69057E+12;;ADET;Ean 13;PEPS? 330ML KOLA MAX PET;50.00 TL;18.00;;TÜRK?YE;29.10.2025 15:21;45.00
8,69057E+12;8,69057E+12;;ADET;Ean 13;PEPS? 330ML KOLA;60.00 TL;18.00;;TÜRK?YE;26.04.2026 21:41;50.00
8,69057E+12;8,69057E+12;;ADET;Ean 13;PEPS? 330ML KOLA;60.00 TL;19.00;;TÜRK?YE;26.04.2026 21:41;50.00
5,449E+12;5,449E+12;;ADET;Ean 13;FANTA 330ML KUTU ;60.00 TL;19.00;;TÜRK?YE;21.07.2026 16:15;50.00
5,449E+12;5,449E+12;;ADET;Ean 13;SPRITE TENEKE 330ML;60.00 TL;18.00;;TÜRK?YE;19.08.2026 16:30;50.00
5,449E+12;5,449E+12;;ADET;Ean 13;COCA COLA 330ML KOLA KUTU ZERO ;60.00 TL;19.00;;TÜRK?YE;21.07.2026 16:08;50.00
5,449E+12;5,449E+12;;ADET;Ean 13;COCA COLA 330ML KUTU;60.00 TL;19.00;;TÜRK?YE;21.07.2026 16:08;50.00
5,449E+12;5,449E+12;;ADET;Ean 13;COCA COLA 250ML KOLA;50.00 TL;16.00;;TÜRK?YE;21.07.2026 16:10;40.00
8,69057E+12;8,69057E+12;;ADET;Ean 13;PEPS? 330ML KOLA MAX;60.00 TL;18.00;;TÜRK?YE;26.04.2026 21:41;50.00
5,00011E+12;5,00011E+12;;ADET;Ean 13;COCA COLA 200ML KOLA;40.00 TL;;;TÜRK?YE;4.08.2025 09:40;30.00
5,00011E+12;5,00011E+12;-4;ADET;Ean 13;CAPPY PULPY 1 LT PORTAKAL;90.00 TL;27.00;;TÜRK?YE;4.08.2026 11:41;75.00
5,00011E+12;5,00011E+12;;ADET;Ean 13;CAPPY PULPY 1 LT RAMAZAN ?ERBET?;90.00 TL;23.00;;TÜRK?YE;4.08.2026 11:41;70.00
1,50014E+12;1,50014E+12;-3;ADET;Ean 13;ULUDA? L?MONATA 1LT ?EKERS?Z;70.00 TL;27.00;;TÜRK?YE;23.06.2026 11:18;65.00
1,50014E+12;1,50014E+12;;ADET;Ean 13;ULUDA? L?MONATA 1LT ?EKERL?;70.00 TL;27.00;;TÜRK?YE;23.06.2026 11:18;65.00
5,449E+12;5,449E+12;;ADET;Ean 13;FUSE TEA 1LT KAVUN & CILEK;70.00 TL;25.00;;TÜRK?YE;22.07.2026 11:53;65.00
5,449E+12;5,449E+12;;ADET;Ean 13;FUSE TEA 1LT ANANAS;70.00 TL;25.00;;TÜRK?YE;22.07.2026 11:53;65.00
5,449E+12;5,449E+12;;ADET;Ean 13;FUSE TEA 1LT ?EFTAL?;70.00 TL;25.00;;TÜRK?YE;22.07.2026 11:53;65.00
5,449E+12;5,449E+12;;ADET;Ean 13;FUSE TEA 1.5LT ?EFTAL?;80.00 TL;30.00;;TÜRK?YE;22.07.2026 11:53;75.00
8,69072E+12;8,69072E+12;;ADET;Ean 13;ULUDA? PORTAKAL MEYVEL? 1 LT;70.00 TL;26.00;;TÜRK?YE;8.07.2026 11:39;60.00
8,69057E+12;8,69057E+12;;ADET;Ean 13;L?PTON ?CE TEA 1LT MANGO VE EGZOTIK MEYVE;70.00 TL;23.50;;TÜRK?YE;22.07.2026 12:14;65.00
8,68379E+12;8,68379E+12;;ADET;Ean 13;BLACK BURN ORIGINAL 1 LT;60.00 TL;22.50;;TÜRK?YE;2.03.2026 11:54;40.00
1,50014E+12;1,50014E+12;;ADET;Ean 13;ULUDA? FRUTT? EXTRA 1LT ORMAN MEYVEL?;75.00 TL;23.00;;TÜRK?YE;15.07.2026 14:12;70.00
8,69057E+12;8,69057E+12;;ADET;Ean 13;L?PTON ?CE TEA 2LT L?MON;90.00 TL;33.00;;TÜRK?YE;18.03.2026 22:46;80.00
8,69057E+12;8,69057E+12;;ADET;Ean 13;L?PTON ?CE TEA 1.5LT L?MON;80.00 TL;30.00;;TÜRK?YE;22.07.2026 12:14;75.00
8,69057E+12;8,69057E+12;;ADET;Ean 13;L?PTON ?CE TEA 1.5LT ?EFTAL?;80.00 TL;30.00;;TÜRK?YE;22.07.2026 12:14;75.00
8,69057E+12;8,69057E+12;;ADET;Ean 13;L?PTON ?CE TEA 1.5LT MANGO;80.00 TL;30.00;;TÜRK?YE;22.07.2026 12:13;75.00
1,50014E+12;1,50014E+12;-2;ADET;Ean 13;ULUDA? L?MONATA 2 LT ?EKERL?;120.00 TL;48.00;;TÜRK?YE;23.06.2026 11:17;110.00
1,50014E+12;1,50014E+12;-3;ADET;Ean 13;ULUDA? L?MONATA 2 LT ?EKERS?Z;120.00 TL;48.00;;TÜRK?YE;23.06.2026 11:17;110.00
8,69102E+12;8,69102E+12;;ADET;Ean 13;ÇAYKUR D?D? 2.5LT ?EFTAL?;80.00 TL;38.00;;TÜRK?YE;25.04.2026 23:21;75.00
8,6905E+12;8,6905E+12;;ADET;Ean 13;ÇAMLICA GAZOZ 1,5 LT;75.00 TL;28.00;;TÜRK?YE;25.04.2026 23:21;70.00
8,69057E+12;8,69057E+12;-1;ADET;Ean 13;PEPS? 2.5LT KOLA;95.00 TL;42.00;;TÜRK?YE;28.03.2026 01:00;90.00
8,6905E+12;8,6905E+12;;ADET;Ean 13;COLA TURKA 1,5 LT;75.00 TL;30.00;;TÜRK?YE;4.07.2026 10:31;70.00
8,69752E+12;8,69752E+12;-2;ADET;Ean 13;COLA TURKA 2.5LT;85.00 TL;40.00;;TÜRK?YE;4.07.2026 10:31;79.00
;5,00011E+12;-1;ADET;Ean 13;FANTA 2.5LT;100.00 TL;42.00;;TÜRK?YE;19.08.2026 16:26;95.00
5,00011E+12;5,00011E+12;;ADET;Ean 13;FANTA 2LT;95.00 TL;40.00;;TÜRK?YE;19.08.2026 16:27;90.00
5,00011E+12;5,00011E+12;;ADET;Ean 13;FANTA 3 LT;100.00 TL;42.00;;TÜRK?YE;19.08.2026 16:27;95.00
5,00011E+12;5,00011E+12;-17;ADET;Ean 13;COCA COLA 2 LT KOLA;90.00 TL;38.00;;TÜRK?YE;23.07.2026 12:56;85.00
5,00011E+12;5,00011E+12;;ADET;Ean 13;COCA COLA 3 LT KOLA;95.00 TL;42.00;;TÜRK?YE;18.03.2026 11:59;90.00
5,00011E+12;5,00011E+12;-8;ADET;Ean 13;FANTA 1LT;80.00 TL;22.00;;TÜRK?YE;19.08.2026 16:27;75.00
5,00011E+12;5,00011E+12;-35;ADET;Ean 13;COCA COLA 1 LT KOLA;80.00 TL;22.00;;TÜRK?YE;19.08.2026 16:20;75.00
5,00011E+12;5,00011E+12;-78;ADET;Ean 13;COCA COLA 1.5 LT KOLA;85.00 TL;30.00;;TÜRK?YE;19.08.2026 16:20;80.00
5,00011E+12;5,00011E+12;-2;ADET;Ean 13;COCA COLA 1.5LT ZERO;85.00 TL;30.00;;TÜRK?YE;19.08.2026 16:21;80.00
5,449E+12;5,449E+12;;ADET;Ean 13;SCHWEPPES MANDAL?NA 1 LT;95.00 TL;32.00;;TÜRK?YE;15.08.2026 20:08;75.00
5,449E+12;5,449E+12;;ADET;Ean 13;SPRITE 1 LT;80.00 TL;22.00;;TÜRK?YE;19.08.2026 16:29;65.00
8,69077E+12;8,69077E+12;-5;ADET;Ean 13;SÜTA? SÜT 1LT YARIM YA?LI;60.00 TL;23.60;;TÜRK?YE;29.04.2026 10:22;55.00
8,69297E+12;8,69297E+12;-1;ADET;Ean 13;?Ç?M SÜT 1LT;75.00 TL;28.00;;TÜRK?YE;29.04.2026 10:30;70.00
8,68018E+12;8,68018E+12;;ADET;Ean 13;TORKU SUT 1 LT YAGLI;70.00 TL;28.00;;TÜRK?YE;10.03.2026 12:03;55.00
8,6921E+12;8,6921E+12;;ADET;Ean 13;SEK SÜT 1 LT TAM YAGLI;50.00 TL;28.00;;TÜRK?YE;16.08.2025 11:57;37.50
8,69056E+12;8,69056E+12;-1;ADET;Ean 13;D?MES TETRA 1LT ?EFTAL? ;70.00 TL;25.00;;TÜRK?YE;13.06.2025 11:59;50.00
8,69056E+12;8,69056E+12;;ADET;Ean 13;D?MES TETRA 1LT NARLI ;70.00 TL;25.00;;TÜRK?YE;13.06.2025 11:59;50.00
8,69056E+12;8,69056E+12;-1;ADET;Ean 13;D?MES TETRA 1LT KAYISI ;70.00 TL;25.00;;TÜRK?YE;13.06.2025 11:59;50.00
8,69056E+12;8,69056E+12;-12;ADET;Ean 13;D?MES TETRA 1LT V??NE ;70.00 TL;25.00;;TÜRK?YE;13.06.2025 11:59;50.00
8,69056E+12;8,69056E+12;;ADET;Ean 13;D?MES TETRA 1LT ANANAS ;70.00 TL;25.00;;TÜRK?YE;13.06.2025 11:59;50.00
8,69056E+12;8,69056E+12;;ADET;Ean 13;D?MES TETRA 1LT PORTAKAL ;70.00 TL;25.00;;TÜRK?YE;13.06.2025 11:58;60.00
5,449E+12;5,449E+12;-2;ADET;Ean 13;CAPPY 1 LT ATOM TETRA;80.00 TL;28.00;;TÜRK?YE;4.08.2026 11:40;70.00
5,449E+12;5,449E+12;;ADET;Ean 13;CAPPY 1 LT KAYISI;80.00 TL;28.00;;TÜRK?YE;4.08.2026 11:40;70.00
5,449E+12;5,449E+12;-1;ADET;Ean 13;CAPPY 1 LT KARISIK;80.00 TL;28.00;;TÜRK?YE;4.08.2026 11:40;70.00
5,449E+12;5,449E+12;;ADET;Ean 13;CAPPY 1 LT ANANAS;80.00 TL;28.00;;TÜRK?YE;4.08.2026 11:40;70.00
5,449E+12;5,449E+12;;ADET;Ean 13;CAPPY 1LT V??NE;80.00 TL;28.00;;TÜRK?YE;4.08.2026 11:40;70.00
8,69069E+12;8,69069E+12;-3;ADET;Ean 13;MEYÖZ 1LT KAYISI NEKTAR?;60.00 TL;20.60;;TÜRK?YE;11.04.2026 22:14;55.00
8,69069E+12;8,69069E+12;;ADET;Ean 13;MEYÖZ 1LT ?EFTAL? NEKTAR?;60.00 TL;20.60;;TÜRK?YE;11.04.2026 22:15;55.00
8,69069E+12;8,69069E+12;-3;ADET;Ean 13;MEYÖZ 1LT V??NE NEKTAR?;60.00 TL;20.60;;TÜRK?YE;11.04.2026 22:15;55.00
40822600;40822600;;ADET;Ean 8;CAPPY 200ML ATOM TETRA ;20.00 TL;7.00;;TÜRK?YE;5.06.2026 17:36;15.00
42357506;42357506;;ADET;Ean 8;CAPPY 200ML V??NE;20.00 TL;7.00;;TÜRK?YE;5.06.2026 17:36;15.00
4,00018E+12;4,00018E+12;-3;ADET;Ean 13;CAPR? SUN MYSTIC DRAGON 200 ML;25.00 TL;8.00;;TÜRK?YE;29.05.2026 11:47;20.00
8,69077E+12;8,69077E+12;-3;ADET;Ean 13;SÜTA? SÜT SADE 200ML;20.00 TL;7.00;;TÜRK?YE;28.04.2026 11:55;15.00
8,68132E+12;8,68132E+12;-2;ADET;Ean 13;SÜTA? SÜT Ç?KOLATALI 200GR;20.00 TL;7.00;;TÜRK?YE;28.04.2026 11:55;15.00
8,69077E+12;8,69077E+12;-8;ADET;Ean 13;SÜTA? SÜT Ç?LEKL? 200 ML ;20.00 TL;7.00;;TÜRK?YE;28.04.2026 11:55;15.00
8,69077E+12;8,69077E+12;-7;ADET;Ean 13;SÜTA? SÜT MUZLU 200 ML;20.00 TL;7.00;;TÜRK?YE;28.04.2026 11:55;15.00
8,68091E+12;8,68091E+12;;ADET;Ean 13;INDOMIE JUMBO BOY TAVUK ÇE?N?L? NOODLE 120 GR;30.00 TL;10.00;;TÜRK?YE;17.04.2026 09:25;25.00
8,68091E+12;8,68091E+12;;ADET;Ean 13;INDOMIE JUMBO BOY KÖR?L? NOODLE 120 GR;30.00 TL;10.00;;TÜRK?YE;17.04.2026 09:25;25.00
8,68091E+12;8,68091E+12;;ADET;Ean 13;INDOMIE 75G CURRYL? NOODLE;25.00 TL;6.00;;TÜRK?YE;10.08.2026 13:06;20.00
8,68253E+12;8,68253E+12;;ADET;Ean 13;KELLOGGS COCO POPS 450GR;125.00 TL;62.00;;TÜRK?YE;15.08.2025 15:29;115.00
8,69063E+12;8,69063E+12;;ADET;Ean 13;NESTLE NESF?T SADE 450GR;199.00 TL;75.00;;TÜRK?YE;5.03.2026 11:51;150.00
8,69063E+12;8,69063E+12;;ADET;Ean 13;NESTLE NESF?T KIRMIZI MEYVEL? 400 GR;195.00 TL;75.00;;TÜRK?YE;5.03.2026 11:51;150.00
8,69063E+12;8,69063E+12;;ADET;Ean 13;NESTLE NESF?T Ç?KOLATALI 400GR;240.00 TL;75.00;;TÜRK?YE;5.03.2026 11:51;150.00
8,69063E+12;8,69063E+12;;ADET;Ean 13;NESF?T KARI?IK MEYVEL? 400GR;240.00 TL;75.00;;TÜRK?YE;6.04.2025 22:12;125.00
8,68372E+12;8,68372E+12;-1;ADET;Ean 13;MASTER POTATO HOT SP?CY 160GE;115.00 TL;48.00;;TÜRK?YE;4.03.2026 11:44;100.00
8,68372E+12;8,68372E+12;;ADET;Ean 13;MASTER POTATO OR?G?NAL 160 GR;115.00 TL;48.00;;TÜRK?YE;4.03.2026 11:44;100.00
2679;2679;;ADET;Code 39;MASTER POTATO SOUR CREAM ON?ON 160 GR;115.00 TL;48.00;;TÜRK?YE;4.03.2026 11:44;100.00
8,69053E+12;8,69053E+12;;ADET;Ean 13;ET? LIFALIF YULAF EZMESI 500 GR;100.00 TL;38.00;;TÜRK?YE;19.01.2026 22:56;80.00
NESCAFE;8,69063E+12;;ADET;Ean 13;NESCAFE;15.00 TL;6.00;;TÜRK?YE;7.11.2025 11:09;Ara.50
8,69063E+12;8,69063E+12;-10;ADET;Ean 13;NESCAFE 3Ü1 ARADA SÜTLÜ KÖPÜKLÜ KAHVE 17,4 GR;15.00 TL;6.00;;TÜRK?YE;7.11.2025 11:10;Ara.50
8,69063E+12;8,69063E+12;-3;ADET;Ean 13;NESCAFE 3Ü1 ARADA BOL SÜTLÜ KAHVE;15.00 TL;6.00;;TÜRK?YE;7.11.2025 11:09;Ara.50
8,69063E+12;8,69063E+12;;ADET;Ean 13;NESCAFE EXTRA 3-1;15.00 TL;6.00;;TÜRK?YE;7.11.2025 11:09;Ara.50
8,69063E+12;8,69063E+12;-216;ADET;Ean 13;NESCAFE 3Ü1 ARADA;15.00 TL;6.00;;TÜRK?YE;7.11.2025 11:10;Ara.50
8,6905E+12;8,6905E+12;-10;ADET;Ean 13;ÜLKER CAFE CROWN 3U1 ARADA FINDIKLI 13 GR;15.00 TL;6.00;;TÜRK?YE;7.11.2025 11:10;Ara.50
8,69063E+12;8,69063E+12;-1;ADET;Ean 13;NESTLE DAMAK KARE Ç?KOLATA BEYAZ 60GR;95.00 TL;24.00;;TÜRK?YE;5.03.2026 11:51;80.00
8,69063E+12;8,69063E+12;;ADET;Ean 13;NESTLE BOL SUTLU CIKOLATA 60 GR;80.00 TL;20.00;;TÜRK?YE;5.03.2026 11:52;75.00
8,69063E+12;8,69063E+12;;ADET;Ean 13;NESTLE CLASSIC 60GR BITTER CIKOLATA;80.00 TL;20.00;;TÜRK?YE;5.03.2026 11:52;70.00
8,69063E+12;8,69063E+12;;ADET;Ean 13;NESTLE NESGUIK GOFRET 26.7 GR;25.00 TL;6.00;;TÜRK?YE;13.08.2024 21:49;8.00
8,69063E+12;8,69063E+12;;ADET;Ean 13;NESTLE Ç?KOLATALI GOFRET 27 GR;20.00 TL;6.00;;TÜRK?YE;26.12.2025 22:24;10.00
8,69063E+12;8,69063E+12;;ADET;Ean 13;NESTLE NESQU?K BEYAZ GOFRET 26.7 GR;20.00 TL;6.00;;TÜRK?YE;26.12.2025 22:24;10.00
8,69063E+12;8,69063E+12;;ADET;Ean 13;NESTLE BEYAZ GOFRET 27 GR;20.00 TL;6.00;;TÜRK?YE;26.12.2025 22:24;10.00
8,69063E+12;8,69063E+12;-1;ADET;Ean 13;NESTLE DAMAK ALA 30GR;50.00 TL;17.50;;TÜRK?YE;18.01.2025 16:17;35.00
8,69063E+12;8,69063E+12;;ADET;Ean 13;NESTLE DAMAK ?NC? Ç?KOLATA 30GR;40.00 TL;24.00;;TÜRK?YE;26.12.2025 22:25;37.00
8,68342E+12;8,68342E+12;-7;ADET;Ean 13;TADELLE Ç?KOLATA 30GR35;40.00 TL;13.00;;TÜRK?YE;21.06.2024 19:35;17.50
8,68342E+12;8,68342E+12;-3;ADET;Ean 13;TADELLE Ç?KOLATA KINGSIZE 52GR;65.00 TL;20.00;;TÜRK?YE;10.04.2026 22:49;60.00
8,69063E+12;8,69063E+12;;ADET;Ean 13;NESTLE NESQU?K DUO 70 GR;50.00 TL;24.00;;TÜRK?YE;5.03.2026 11:52;35.00
8,69063E+12;8,69063E+12;;ADET;Ean 13;NESTLE CRUNCH PATT 27GR;35.00 TL;9.00;;TÜRK?YE;13.08.2024 21:50;12.00
8,69063E+12;8,69063E+12;-6;ADET;Ean 13;NESTLE K?TKAT BEYAZ;35.00 TL;11.00;;TÜRK?YE;13.08.2024 21:50;14.00
8,69063E+12;8,69063E+12;-4;ADET;Ean 13;NESTLE K?TKAT 38 GR;35.00 TL;11.00;;TÜRK?YE;13.08.2024 21:50;14.00
8,69927E+12;8,69927E+12;-2;ADET;Ean 13;KAHVE DÜNYASI FISTIKLI SÜTLÜ GOFRET 33GR;45.00 TL;17.00;;TÜRK?YE;19.04.2024;
8,69063E+12;8,69063E+12;;ADET;Ean 13;NESTLE BATON DAMAK 30GR;50.00 TL;24.00;;TÜRK?YE;5.03.2026 11:53;37.00
8,69063E+12;8,69063E+12;;ADET;Ean 13;NESTLE DAMAK KARE Ç?KOLATA GECE 65GR;80.00 TL;37.00;;TÜRK?YE;5.03.2026 11:53;70.00
8,69063E+12;8,69063E+12;;ADET;Ean 13;NESTLE DAMAK KARE Ç?KOLATA 65GR;85.00 TL;37.00;;TÜRK?YE;29.10.2024 08:56;60.00
8,69063E+12;8,69063E+12;;ADET;Ean 13;NESTLE DAMAK KARE Ç?KOLATA BAKLAVA 65GR;70.00 TL;37.00;;TÜRK?YE;29.10.2024 08:56;60.00
8,69063E+12;8,69063E+12;;ADET;Ean 13;NESTLE DAMAK KARE Ç?KOLATA ?LK HASAT 65GR;70.00 TL;37.00;;TÜRK?YE;29.10.2024 08:56;60.00
8,69063E+12;8,69063E+12;;ADET;Ean 13;NESTLE DAMAK KARE Ç?KOLATA ?NC? 65GR;70.00 TL;37.00;;TÜRK?YE;29.10.2024 08:56;60.00
8,69063E+12;8,69063E+12;;ADET;Ean 13;NESTLE DAMAK KARE Ç?KOLATA LOKUM 65GR;70.00 TL;37.00;;TÜRK?YE;29.10.2024 08:56;60.00
8,69084E+12;8,69084E+12;;ADET;Ean 13;ÜLKER PAST?L 8'L? OKAL?PTUS+NANE+MENTOL;60.00 TL;20.00;;TÜRK?YE;16.08.2025 11:58;40.00
8,69084E+12;8,69084E+12;;ADET;Ean 13;ÜLKER PAST?L KARAMÜRVER 22GR;60.00 TL;20.00;;TÜRK?YE;16.08.2025 11:59;40.00
8,69084E+12;8,69084E+12;;ADET;Ean 13;ÜLKER PAST?L 8'L? IHLAMUR+LIMON+PROPOLIS;60.00 TL;20.00;;TÜRK?YE;16.08.2025 11:59;40.00
8,69084E+12;8,69084E+12;;ADET;Ean 13;ÜLKER PAST?L ZN.ZRD.PR 22GR;60.00 TL;20.00;;TÜRK?YE;16.08.2025 11:58;40.00
8,69063E+12;8,69063E+12;-8;ADET;Ean 13;MEHMET EFENDI KAHVE 100GR;99.00 TL;32.00;;TÜRK?YE;13.08.2025 14:50;75.00
8,69171E+12;8,69171E+12;;ADET;Ean 13;OZMO CORNET SUTLU 25 GR;30.00 TL;13.00;;TÜRK?YE;23.10.2025 13:34;25.00
86944830;86944830;;ADET;Ean 8;COSBY FUN BARB?E SÜRPR?Z 20GR;35.00 TL;18.00;;TÜRK?YE;26.08.2025 13:27;30.00
8,68148E+12;8,68148E+12;;ADET;Ean 13;CANDY POPS;7.50 TL;6.00;;TÜRK?YE;19.04.2024;
8,68145E+12;8,68145E+12;;ADET;Ean 13;TOYBOX OYUNCAKLI SEKERLI SAKIZ 5GR;25.00 TL;7.00;;TÜRK?YE;4.11.2025 22:11;15.00
8,69084E+12;8,69084E+12;;ADET;Ean 13;ÜLKER YUPO DRAJE TÜP 20GR;25.00 TL;7.00;;TÜRK?YE;28.08.2024 15:30;10.00
6,92121E+12;6,92121E+12;;ADET;Ean 13;CHUPA CHUPS LOLIPOP KOLA 15GR;20.00 TL;8.00;;TÜRK?YE;30.08.2024 18:10;10.00
8,68145E+12;8,68145E+12;;ADET;Ean 13;TOYBOX HEROS;25.00 TL;18.00;;TÜRK?YE;19.04.2024;
8,69015E+12;8,69015E+12;-2;ADET;Ean 13;BEBETO JEL?BON WAMPIRE TEETH 20G;15.00 TL;8.00;;TÜRK?YE;26.01.2025 10:56;10.00
8,69015E+12;8,69015E+12;;ADET;Ean 13;BEBETO JEL?BON WITCH YUMU?AK ?EKER;15.00 TL;8.00;;TÜRK?YE;26.01.2025 10:56;10.00
8,68116E+12;8,68116E+12;;ADET;Ean 13;COSBY ??R?N TRENLER;100.00 TL;40.00;;TÜRK?YE;29.01.2025 10:39;90.00
8,68116E+12;8,68116E+12;;ADET;Ean 13;COSBY ??R?N UÇAKLAR;100.00 TL;40.00;;TÜRK?YE;29.01.2025 10:40;90.00
8,6905E+12;8,6905E+12;-2;ADET;Ean 13;ÜLKER PÖT?BÖR 175GR;30.00 TL;15.00;;TÜRK?YE;16.01.2025 15:02;22.50
8,6905E+12;8,6905E+12;;ADET;Ean 13;ÜLKER PÖT?BÖR 175GR Ç?FTE KAVRULMU? ;30.00 TL;15.00;;TÜRK?YE;16.01.2025 15:02;22.50
8,6905E+12;8,6905E+12;-2;ADET;Ean 13;ÜLKER PÖT?BÖR 450GR Ç?FTE KAVRULMU?;75.00 TL;35.00;;TÜRK?YE;12.01.2026 11:47;69.00
8,6905E+12;8,6905E+12;;ADET;Ean 13;ÜLKER PÖT?BÖR 450GR ;75.00 TL;35.00;;TÜRK?YE;12.01.2026 11:47;69.00
8,6905E+12;8,6905E+12;-2;ADET;Ean 13;ÜLKER ÇOKOSANDV?Ç 10 LU;75.00 TL;32.00;;TÜRK?YE;2.07.2025 19:43;60.00
8,6905E+12;8,6905E+12;-3;ADET;Ean 13;ÜLKER PROB?S 10 LU;85.00 TL;38.00;;TÜRK?YE;12.01.2026 11:50;75.00
8,6905E+12;8,6905E+12;;ADET;Ean 13;ÜLKER ALTINBA?AK GR?SS?N? 125GR;45.00 TL;26.00;;TÜRK?YE;19.01.2025 13:22;36.00
8,6905E+25;8,6905E+12;;ADET;Ean 13;ÜLKER ALTINBA?AK GR?SS?N? 125 GR;45.00 TL;26.00;;TÜRK?YE;19.01.2025 13:22;36.00
8,69077E+12;8,69077E+12;-1;ADET;Ean 13;ÜLKER KEKSTRA M?N? JÖLEBOL;60.00 TL;24.00;;TÜRK?YE;19.04.2024;
8,6905E+12;8,6905E+12;-1;ADET;Ean 13;ÜLKER HERO BABY BEBE 190GR;55.00 TL;20.00;;TÜRK?YE;6.11.2024 20:28;30.00
8,69077E+12;8,69077E+12;-1;ADET;Ean 13;ÜLKER RULOKAT FINDIKLI 170GR;75.00 TL;34.00;;TÜRK?YE;12.01.2026 11:22;65.00
8,6905E+12;8,6905E+12;;ADET;Ean 13;ÜLKER 8 KEK M?N?  162 GR;60.00 TL;24.00;;TÜRK?YE;28.10.2025 12:56;47.50
8,69077E+12;8,69077E+12;-5;ADET;Ean 13;ÜLKER Ç?Z? KRAKER 70GR;15.00 TL;8.00;;TÜRK?YE;1.06.2025 12:38;Ara.50
8,6905E+12;8,6905E+12;;ADET;Ean 13;ÜLKER HAYLAYF 64GR;15.00 TL;;;TÜRK?YE;1.06.2025 12:38;Ara.50
8,6905E+12;8,6905E+12;;ADET;Ean 13;ÜLKER Ç?Z? PEYN?RL? ZEYT?NYA?LI KEK?KL? 70GR;15.00 TL;;;TÜRK?YE;1.06.2025 12:38;Ara.50
8,6905E+12;8,6905E+12;-1;ADET;Ean 13;ÜLKER ?KRAM Ç?KOLATA KREMALI B?SKÜV? 84GR;25.00 TL;;;TÜRK?YE;3.10.2025 22:46;20.00
8,6905E+12;8,6905E+12;-1;ADET;Ean 13;ÜLKER ?KRAM PRAL?NL? 92GR ;25.00 TL;;;TÜRK?YE;3.10.2025 22:46;20.00
8,6905E+12;8,6905E+12;-6;ADET;Ean 13;ÜLKER Ç?Z?V?Ç PEYN?RL? SANDV?Ç 82GR;25.00 TL;;;TÜRK?YE;4.11.2025 22:12;20.00
8,6905E+12;8,6905E+12;-2;ADET;Ean 13;B?SKREM RULO 150GR;35.00 TL;15.00;;TÜRK?YE;25.04.2025 11:29;27.50
8,6905E+12;8,6905E+12;;ADET;Ean 13;ÜLKER B?SKREM KAKAOLU RULO;25.00 TL;;;TÜRK?YE;11.05.2025 10:29;20.00
8,6905E+12;8,6905E+12;-1;ADET;Ean 13;ÜLKER HANIMELLER FINDIKLI 110GR;25.00 TL;;;TÜRK?YE;3.10.2025 22:47;20.00
8,6905E+12;8,6905E+12;-3;ADET;Ean 13;ÜLKER HANIMELLER ÇOKODAMLA 110GR;25.00 TL;;;TÜRK?YE;3.10.2025 22:47;20.00
8,6905E+12;8,6905E+12;;ADET;Ean 13;ÜLKER RONDO MUZLU 61GR;15.00 TL;6.00;;TÜRK?YE;29.12.2025 14:00;Ara.50
8,6905E+12;8,6905E+12;-1;ADET;Ean 13;ÜLKER RONDO Ç?LEKL? 61 GR;15.00 TL;;;TÜRK?YE;29.12.2025 14:01;Ara.50
8,6905E+12;8,6905E+12;;ADET;Ean 13;ÜLKER KREMALI KAKAOLU 61GR;15.00 TL;;;TÜRK?YE;29.12.2025 14:01;Ara.50
8,6905E+12;8,6905E+12;;ADET;Ean 13;ÜLKER DORE 86GR;30.00 TL;;;TÜRK?YE;19.04.2024;
8,6905E+12;8,6905E+12;-3;ADET;Ean 13;ÜLKER ÇOKOPRENS ATI?TIRMALIK 73GR;25.00 TL;;;TÜRK?YE;3.10.2025 22:47;20.00
8,6905E+12;8,6905E+12;-6;ADET;Ean 13;ÜLKER PROB?S ATI?TIRMALIK;25.00 TL;;;TÜRK?YE;8.08.2024 17:46;175.00
8,6905E+12;8,6905E+12;;ADET;Ean 13;ÜLKER ALBEN? ATI?TIRMALIK 63GR;35.00 TL;;;TÜRK?YE;12.01.2026 10:18;30.00
8,6905E+12;8,6905E+12;;ADET;Ean 13;ÜLKER RONDO CANPARE FINDIK 81GR;25.00 TL;;;TÜRK?YE;27.04.2025 13:17;18.00
8,6905E+12;8,6905E+12;;ADET;Ean 13;ÜLKER 9 KAT TAT RULOKAT FINDIKLI 42GR;20.00 TL;;;TÜRK?YE;27.04.2025 20:16;15.00
8,6905E+12;8,6905E+12;;ADET;Ean 13;ÜLKER HALLEY 30GR;15.00 TL;;;TÜRK?YE;29.10.2025 10:58;10.00
8,6905E+12;8,6905E+12;-26;ADET;Ean 13;ÜLKER ÇUBUK KRAKER SADE 40G;7.50 TL;;;TÜRK?YE;19.04.2024;
8,6905E+12;8,6905E+12;;ADET;Ean 13;ÜLKER SADE ÇUBUK KRAKER 80GR;15.00 TL;;;TÜRK?YE;19.04.2024;
8,6905E+12;8,6905E+12;-1;ADET;Ean 13;ÜLKER KR?SP? ÇUBUK KRAKER ACILI 43GR;20.00 TL;;;TÜRK?YE;12.01.2026 11:31;15.00
8,6905E+12;8,6905E+12;;ADET;Ean 13;ÜLKER KR?SP? ÇUBUK KRAKER PEYN?RL? 43GR;20.00 TL;;;TÜRK?YE;12.01.2026 11:31;15.00
8,6905E+12;8,6905E+12;-5;ADET;Ean 13;ÜLKER OLALA SUFLE KEK 70GR;35.00 TL;;;TÜRK?YE;12.01.2026 11:32;30.00
8,6905E+12;8,6905E+12;-11;ADET;Ean 13;ÜLKER OLALA SUFLE FRAMBUAZLI KEK;35.00 TL;;;TÜRK?YE;12.01.2026 11:32;30.00
8,6905E+12;8,6905E+12;-1;ADET;Ean 13;ÜLKER KEKSTRA KONFET? KEK;15.00 TL;;;TÜRK?YE;24.09.2025 11:23;10.00
8,6905E+12;8,6905E+12;-5;ADET;Ean 13;ÜLKER KEKSTRA Ç?LEKL? 35GR;15.00 TL;;;TÜRK?YE;15.12.2025 20:51;10.00
8,69053E+12;8,69053E+12;;ADET;Ean 13;ET? POPKEK 60GR PORTAKAL ;20.00 TL;Tem.20;;TÜRK?YE;23.10.2025 12:03;15.00
8,69053E+12;8,69053E+12;;ADET;Ean 13;ET? POPKEK 60GR H?ND?STAN CEV?ZL? ;20.00 TL;Tem.20;;TÜRK?YE;23.10.2025 12:03;15.00
8,69053E+12;8,69053E+12;;ADET;Ean 13;ET? POPKEK 60GR L?MONLU;20.00 TL;Tem.20;;TÜRK?YE;23.10.2025 12:03;15.00
8,6905E+12;8,6905E+12;;ADET;Ean 13;ÜLKER DANKEK 8 KEK DUBLE Ç?KOLATA;15.00 TL;;;TÜRK?YE;28.10.2025 12:55;Ara.50
8,69053E+12;8,69053E+12;;ADET;Ean 13;ET? POPKEK 60GR KAKAOLU ;20.00 TL;Tem.20;;TÜRK?YE;23.10.2025 12:03;15.00
8,69053E+12;8,69053E+12;;ADET;Ean 13;ET? POPKEK 60GR B?TTERL? ;20.00 TL;Tem.20;;TÜRK?YE;23.10.2025 12:03;15.00
8,69053E+12;8,69053E+12;-4;ADET;Ean 13;ET? POPKEK 60GR V??NEL?;20.00 TL;Tem.20;;TÜRK?YE;23.10.2025 12:03;15.00
8,69053E+12;8,69053E+12;-1;ADET;Ean 13;ET? POPKEK 60GR MUZLU ;20.00 TL;Tem.20;;TÜRK?YE;23.10.2025 12:04;15.00
8,69053E+12;8,69053E+12;;ADET;Ean 13;ET? TOPKEK KAKAOLU H?ND?STAN CEV?ZL? 40GR;15.00 TL;May.20;;TÜRK?YE;29.03.2026 21:06;Ara.50
8,69053E+12;8,69053E+12;;ADET;Ean 13;ET? TOPKEK Ç?LEKL? 40GR;15.00 TL;May.20;;TÜRK?YE;29.03.2026 21:06;Ara.50
8,69053E+12;8,69053E+12;;ADET;Ean 13;ET? BROWNI GOLD V??NE 45GR;15.00 TL;;;TÜRK?YE;20.09.2025 22:19;Ara.50
8,69053E+12;8,69053E+12;;ADET;Ean 13;ET? TOPKEK PORTAKALLI 40GR;15.00 TL;May.20;;TÜRK?YE;29.03.2026 21:06;Ara.50
8,69053E+12;8,69053E+12;;ADET;Ean 13;ET? TOPKEK MEYVEL? 40GR;15.00 TL;May.20;;TÜRK?YE;29.03.2026 21:06;Ara.50
8,69053E+12;8,69053E+12;-3;ADET;Ean 13;ET? CRAX ÇUBUK KRAKER SADE 40GR;7.50 TL;;;TÜRK?YE;19.04.2024;
8,69053E+12;8,69053E+12;;ADET;Ean 13;ET? GONG PEYN?R VE ACI ÇE?N?L? MISIR VE P?R?NÇ PATLAKLI;20.00 TL;;;TÜRK?YE;25.11.2025 12:42;15.00
8,69053E+12;8,69053E+12;-1;ADET;Ean 13;ET? GONG BAL VE HARDAL AROMA CESNILI MISIR VE PRIN;20.00 TL;;;TÜRK?YE;25.11.2025 12:42;15.00
8,69053E+12;8,69053E+12;-3;ADET;Ean 13;ET? GONG 40GR;20.00 TL;;;TÜRK?YE;25.11.2025 12:41;15.00
8,69053E+12;8,69053E+12;;ADET;Ean 13;ET? CRAX PATLAYAN ACI BAHARATLI 50 GR;20.00 TL;;;TÜRK?YE;23.07.2025 16:13;17.50
8,69053E+12;8,69053E+12;;ADET;Ean 13;ET? CRAX CHILI-LIME 50GR ;20.00 TL;;;TÜRK?YE;23.07.2025 16:14;17.50
8,69053E+12;8,69053E+12;;ADET;Ean 13;ET? BALIK KRAKER 40GR;15.00 TL;;;TÜRK?YE;26.12.2025 22:26;10.00
8,69053E+12;8,69053E+12;;ADET;Ean 13;ET? BALIK KRAKER 85GR;25.00 TL;;;TÜRK?YE;29.03.2026 21:12;22.50
8,69053E+12;8,69053E+12;;ADET;Ean 13;ET? m?s?rl? BALIK KRAKER 40GR;15.00 TL;;;TÜRK?YE;19.12.2025 11:22;Ara.50
8,69053E+12;8,69053E+12;;ADET;Ean 13;ET? BURÇAK KURAB?YE FINDIKLI 198GR;75.00 TL;;;TÜRK?YE;19.04.2024;
8,69053E+12;8,69053E+12;-1;ADET;Ean 13;ET? M?N? GOLD BROWNI 180GR;80.00 TL;;;TÜRK?YE;6.11.2024 20:27;55.00
86920124;86920124;;ADET;Ean 8;ET? PUF KAKAOLU 18 GR;10.00 TL;?ub.60;;TÜRK?YE;11.04.2026 22:00;Tem.50
8,69053E+12;8,69053E+12;-4;ADET;Ean 13;ET? BEN?MO 80GR CIKOLATALI;35.00 TL;;;TÜRK?YE;3.09.2024 15:07;22.50
8,69053E+12;8,69053E+12;;ADET;Ean 13;ET? YULAFLI 125GR;30.00 TL;;;TÜRK?YE;12.01.2025 13:34;17.50
8,69053E+12;8,69053E+12;-1;ADET;Ean 13;ET? KAKOLU B?SKÜV? 125 GR;35.00 TL;;;TÜRK?YE;26.12.2025 22:27;25.00
8,69053E+12;8,69053E+12;;ADET;Ean 13;ET? BURÇAK L?MONLU KREMALI 100GR;30.00 TL;;;TÜRK?YE;20.12.2025 11:53;27.50
8,69053E+12;8,69053E+12;-1;ADET;Ean 13;ET? C?N LOKMALIK 114GR;30.00 TL;;;TÜRK?YE;7.05.2025 11:44;20.00
8,69053E+12;8,69053E+12;-2;ADET;Ean 13;ET? NERO 110GR;30.00 TL;12.00;;TÜRK?YE;26.12.2025 22:27;25.00
8,69053E+12;8,69053E+12;;ADET;Ean 13;ET? BURÇAK KREMALI 100 GR;30.00 TL;;;TÜRK?YE;20.12.2025 11:53;27.50
8,69053E+12;8,69053E+12;-9;ADET;Ean 13;ET? TUTKU 100 GR;25.00 TL;12.00;;TÜRK?YE;12.01.2025 13:37;17.50
8,69053E+12;8,69053E+12;;ADET;Ean 13;ET? KREMALI Ç?LEK 61 GR;15.00 TL;;;TÜRK?YE;20.12.2025 11:53;14.00
8,69053E+12;8,69053E+12;;ADET;Ean 13;ET? KREMALI FINDIKLI 61 GR;15.00 TL;;;TÜRK?YE;20.12.2025 11:53;14.00
8,69053E+12;8,69053E+12;-2;ADET;Ean 13;ET? KREMALI SADE 61 GR;15.00 TL;;;TÜRK?YE;20.12.2025 11:53;14.00
8,69053E+12;8,69053E+12;;ADET;Ean 13;ET? BURÇAK 131 GR;30.00 TL;;;TÜRK?YE;12.01.2025 13:37;17.50
8,69053E+12;8,69053E+12;-2;ADET;Ean 13;ET? BURÇAK Ç?KOLATALI 114 GR;40.00 TL;;;TÜRK?YE;5.02.2025 12:11;35.00
8,69053E+12;8,69053E+12;-1;ADET;Ean 13;ET? TUTKU BOLD 138 GR;35.00 TL;17.40;;TÜRK?YE;12.01.2025 13:56;25.00
8,69053E+12;8,69053E+12;;ADET;Ean 13;ET? BURÇAK FISTIK EZMEL? 158 GR;50.00 TL;;;TÜRK?YE;20.12.2025 11:53;47.50
80734369;80734369;;ADET;Ean 8;V?V?DENT CUBE 86 GR;100.00 TL;;;TÜRK?YE;11.04.2026 22:02;95.00
80966289;80966289;;ADET;Ean 8;V?V?DENT DRJ BOTTLE YE??L NANE 67GR;100.00 TL;;;TÜRK?YE;11.04.2026 22:02;95.00
80791577;80791577;;ADET;Ean 8;V?V?DENT XYLIT 45 DAK?KA 67GR;100.00 TL;;;TÜRK?YE;11.04.2026 22:02;95.00
80979180;80979180;;ADET;Ean 8;MENTOS PURE NANE 30 GR;60.00 TL;;;TÜRK?YE;6.04.2025 09:51;40.00
80841142;80841142;-1;ADET;Ean 8;MENTOS PURE Ç?LEK 30 GR;50.00 TL;;;TÜRK?YE;6.04.2025 09:52;40.00
86919951;86919951;;ADET;Ean 8;S?GARA PARLIAMENT AQUA BLUE;130.00 TL;;;TÜRK?YE;6.08.2026 09:11;120.00
86935401;86935401;;ADET;Ean 8;S?GARA CHESTERFIELD NAVY BLUE;120.00 TL;;;TÜRK?YE;6.08.2026 09:13;110.00
8,69053E+12;8,69053E+12;;ADET;Ean 13;ET? C?N PORTAKAL JÖLEL? 325GR;60.00 TL;;;TÜRK?YE;19.04.2024;
8,69053E+12;8,69053E+12;;ADET;Ean 13;ET? HO?BE? 40GR H?ND?STAN CEV?ZL? GOFRET ;20.00 TL;7.00;;TÜRK?YE;19.01.2026 23:00;15.00
8,69053E+12;8,69053E+12;;ADET;Ean 13;ET? HO?BE? 40GR KAKAOLU ;20.00 TL;7.00;;TÜRK?YE;19.01.2026 23:00;15.00
8,69053E+12;8,69053E+12;;ADET;Ean 13;ET? HO?BE? 142GR Ç?LEKL? ;60.00 TL;22.40;;TÜRK?YE;19.01.2026 22:59;50.00
8,69053E+12;8,69053E+12;-4;ADET;Ean 13;ET? HO?BE? 142GR KAKAOLU;60.00 TL;22.40;;TÜRK?YE;19.01.2026 22:59;50.00
86900478;86900478;;ADET;Ean 8;ET? C?N 25 GR;10.00 TL;;;TÜRK?YE;11.04.2026 21:59;Tem.50
86920292;86920292;-1;ADET;Ean 8;ET? C?N Ç?LEKLI 25GR;10.00 TL;;;TÜRK?YE;11.04.2026 22:00;Tem.50
86920117;86920117;;ADET;Ean 8;ET? PUF H?ND?STAN CEV?ZL? 16GR;10.00 TL;?ub.60;;TÜRK?YE;11.04.2026 22:00;Tem.50
86920131;86920131;-2;ADET;Ean 8;ET? PUF RENKLI 18 GR;10.00 TL;?ub.60;;TÜRK?YE;11.04.2026 22:00;Tem.50
8,69015E+12;8,69015E+12;;ADET;Ean 13;KERVAN POMPIT 10SAKIZ 20G.;15.00 TL;;;TÜRK?YE;7.04.2025 11:11;10.00
8,69332E+12;8,69332E+12;;ADET;Ean 13;FROGGER BUBBLE GUM SAKIZ 8 LI;15.00 TL;;;TÜRK?YE;26.12.2025 22:28;10.00
8,69303E+12;8,69303E+12;;ADET;Ean 13;ELVAN TODAY CRO?SSANT XL 62GR;25.00 TL;;;TÜRK?YE;26.10.2024 13:55;15.00
8,6905E+12;8,6905E+12;;ADET;Ean 13;KELLOGGS COCO POPS 40 GR;25.00 TL;;;TÜRK?YE;29.01.2025 10:42;10.00
8,69077E+12;8,69077E+12;-3;ADET;Ean 13;ÜLKER KREMALI B?SKÜV? 61GR;15.00 TL;;;TÜRK?YE;8.08.2024 17:55;8.00
8,68145E+12;8,68145E+12;;ADET;Ean 13;TOYBOX METRE SAKIZ 5 GR;20.00 TL;;;TÜRK?YE;19.04.2024;
8,69053E+12;8,69053E+12;;ADET;Ean 13;ET? HO?BE? 142GR MUZLU GOFRET ;60.00 TL;22.40;;TÜRK?YE;19.01.2026 22:59;50.00
8,69053E+12;8,69053E+12;-1;ADET;Ean 13;ET? SULTAN? 123GR;30.00 TL;;;TÜRK?YE;3.10.2025 22:49;25.00
8,6905E+12;8,6905E+12;;ADET;Ean 13;ÜLKER DANKEK RULO PASTA 235G Ç?KOLATALI ;70.00 TL;;;TÜRK?YE;25.11.2025 13:04;60.00
8,6905E+12;8,6905E+12;;ADET;Ean 13;ÜLKER DANKEK RULO PASTA 235G MUZLU ;70.00 TL;;;TÜRK?YE;25.11.2025 13:03;60.00
8,6905E+12;8,6905E+12;;ADET;Ean 13;ÜLKER DELUXE GOFRET 220GR;55.00 TL;;;TÜRK?YE;12.01.2026 11:27;50.00
8,69077E+12;8,69077E+12;-2;ADET;Ean 13;ÜLKER DELUXE GOFRET FINDIKLI 220GR;55.00 TL;;;TÜRK?YE;12.01.2026 11:27;50.00
8,6905E+12;8,6905E+12;;ADET;Ean 13;ÜLKER ALBEN? ATI?TIRMALIK 170GR;90.00 TL;;;TÜRK?YE;12.01.2026 10:18;72.50
8,69053E+12;8,69053E+12;;ADET;Ean 13;ET? POPKEK M?N? L?MON 180GR;70.00 TL;29.60;;TÜRK?YE;23.10.2025 12:04;60.00
8,69053E+12;8,69053E+12;;ADET;Ean 13;ET? POPKEK M?N? MUZLU 180GR;70.00 TL;29.60;;TÜRK?YE;23.10.2025 12:04;60.00
8,69053E+12;8,69053E+12;;ADET;Ean 13;ET? POPKEK M?N? KAKAOLU 180GR;70.00 TL;29.60;;TÜRK?YE;23.10.2025 12:04;60.00
8,69053E+12;8,69053E+12;;ADET;Ean 13;ET? BEN?MO BEYAZ Ç?KOLATA 80GR;30.00 TL;;;TÜRK?YE;20.12.2025 11:52;25.00
8,69053E+12;8,69053E+12;;ADET;Ean 13;ET? KOMBO LOKMALIK 84GR;30.00 TL;14.40;;TÜRK?YE;3.09.2024 15:08;20.00
8,69053E+12;8,69053E+12;;ADET;Ean 13;ET? PAYKEK ?EKL?HANEM 285GR;115.00 TL;;;TÜRK?YE;7.05.2025 12:10;110.00
7,6101E+12;7,6101E+12;;ADET;Ean 13;NESCAFE GOLD 50 GR CAM;249.00 TL;;;TÜRK?YE;19.04.2024;
8,69063E+12;8,69063E+12;;ADET;Ean 13;NESCAFE GOLD 100 GR CAM;425.00 TL;;;TÜRK?YE;19.04.2024;
7,6101E+12;7,6101E+12;;ADET;Ean 13;NESCAFE GOLD 200G CAM;749.00 TL;;;TÜRK?YE;19.04.2024;
8,69063E+12;8,69063E+12;;ADET;Ean 13;NESCAFE CLASIC POSET 200GR;399.00 TL;;;TÜRK?YE;19.04.2024;
8,69063E+12;8,69063E+12;;ADET;Ean 13;NESCAFE COFFEE MATE 100GR POSET;90.00 TL;;;TÜRK?YE;18.11.2024 19:32;6.00
5,41315E+12;5,41315E+12;-6;ADET;Ean 13;FAIRY BULASIK DETERJANI L?MONLU 650 ML;95.00 TL;;;TÜRK?YE;19.04.2024;
86900652;86900652;;ADET;Ean 8;PR?L 675ML BULASIK DETERJANI LIMON ;95.00 TL;;;TÜRK?YE;28.03.2026 01:07;85.00
8,6905E+12;8,6905E+12;;ADET;Ean 13;B?Z?M MISIR N??ASTASI 150GR;50.00 TL;;;TÜRK?YE;18.08.2026 13:48;45.00
8,69138E+12;8,69138E+12;;ADET;Ean 13;B?Z?M MUTFAK BU?DAY N??ASTASI 200GR;50.00 TL;;;TÜRK?YE;29.03.2026 20:35;49.00
8,6905E+12;8,6905E+12;;ADET;Ean 13;B?Z?M P?R?NÇ UNU 175GR;50.00 TL;;;TÜRK?YE;28.03.2026 01:08;40.00
8,69138E+12;8,69138E+12;;ADET;Ean 13;B?Z?M MUTFAK PUDRA ?EKER? 250GR;60.00 TL;;;TÜRK?YE;15.03.2026 19:50;50.00
8,69138E+12;8,69138E+12;-1;ADET;Ean 13;B?Z?M KREM ?ANTI 150GR SADE;85.00 TL;;;TÜRK?YE;11.07.2025 09:33;65.00
8,69187E+12;8,69187E+12;;ADET;Ean 13;?NC? P?R?NÇ UNU 200GR;60.00 TL;;;TÜRK?YE;15.08.2026 20:05;50.00
8,69187E+12;8,69187E+12;;ADET;Ean 13;?NC?  MISIR UNU 200GR ;60.00 TL;;;TÜRK?YE;15.08.2026 20:05;50.00
8,69187E+12;8,69187E+12;;ADET;Ean 13;?NC? GALETA UNU 200 GR;60.00 TL;;;TÜRK?YE;15.08.2026 20:05;50.00
8,69053E+12;8,69053E+12;;ADET;Ean 13;ET? PAYKEK MOZAIK 200GR;60.00 TL;;;TÜRK?YE;25.11.2025 13:00;50.00
8,69053E+12;8,69053E+12;-2;ADET;Ean 13;ET? PAYKEK MEYVEL? 200GR;60.00 TL;;;TÜRK?YE;25.11.2025 13:00;50.00
8,69053E+12;8,69053E+12;-2;ADET;Ean 13;ET? PAYKEK KAKOLU 200GR;60.00 TL;;;TÜRK?YE;25.11.2025 12:59;50.00
8,69053E+12;8,69053E+12;;ADET;Ean 13;ET? ET?MEK 143GR;50.00 TL;;;TÜRK?YE;3.09.2024 15:04;32.50
8,69053E+12;8,69053E+12;;ADET;Ean 13;ET? ET?MEK TUZSUZ 148GR;50.00 TL;;;TÜRK?YE;23.09.2025 22:23;45.00
8,69053E+12;8,69053E+12;-1;ADET;Ean 13;ET? GONG POPS 80GR PEYN?RL? ACILI60;60.00 TL;;;TÜRK?YE;12.01.2025 13:38;35.00
8,69053E+12;8,69053E+12;-1;ADET;Ean 13;ET? GONG POPS 80GR BAHARATLI;60.00 TL;;;TÜRK?YE;19.02.2025 12:40;40.00
8,69058E+12;8,69058E+12;-1;ADET;Ean 13;F?L?Z MAKARNA BONCUK;39.50 TL;;;TÜRK?YE;10.03.2026 15:45;35.00
8,69058E+12;8,69058E+12;-3;ADET;Ean 13;F?L?Z MAKARNA YÜKSük;39.50 TL;;;TÜRK?YE;10.03.2026 15:45;35.00
8,69058E+12;8,69058E+12;-1;ADET;Ean 13;F?L?Z MAKARNA D?RSEK;39.50 TL;15.75;;8,69058E+12;10.03.2026 15:45;35.00
8,69058E+12;8,69058E+12;-1;ADET;Ean 13;F?L?Z MAKARNA BURGU;39.50 TL;;;TÜRK?YE;10.03.2026 15:45;35.00
8,69058E+12;8,69058E+12;-2;ADET;Ean 13;F?L?Z MAKARNA KELEBEK;39.50 TL;;;TÜRK?YE;10.03.2026 15:45;35.00
8,69058E+12;8,69058E+12;-2;ADET;Ean 13;F?L?Z MAKARNA MANTI;39.50 TL;;;TÜRK?YE;10.03.2026 15:45;35.00
8,69058E+12;8,69058E+12;-1;ADET;Ean 13;F?L?Z MAKARNA ?NCE UZUN;39.50 TL;;;TÜRK?YE;10.03.2026 15:44;35.00
8,69058E+12;8,69058E+12;;ADET;Ean 13;F?L?Z MAKARNA ARPA ?EHR?YE;39.50 TL;;;TÜRK?YE;10.03.2026 15:44;35.00
8,69058E+12;8,69058E+12;-5;ADET;Ean 13;F?L?Z MAKARNA TEL ?EHR?YE;39.50 TL;;;TÜRK?YE;10.03.2026 15:44;35.00
8,69058E+12;8,69058E+12;-4;ADET;Ean 13;F?L?Z MAKARNA F?YONK;39.50 TL;;;TÜRK?YE;10.03.2026 15:44;35.00
8,69058E+12;8,69058E+12;-2;ADET;Ean 13;F?L?Z MAKARNA SPAGHETT?;39.50 TL;;;8,69058E+12;10.03.2026 15:44;35.00
8,69058E+12;8,69058E+12;;ADET;Ean 13;ANKARA MAKARNA 500GR MANTI;39.50 TL;14.75;;8,69058E+12;10.04.2026 22:54;35.00
8,69058E+12;8,69058E+12;;ADET;Ean 13;ANKARA MAKARNA 500GR YUKSUK;39.50 TL;14.75;;8,69058E+12;10.04.2026 22:54;35.00
8,69058E+12;8,69058E+12;;ADET;Ean 13;ANKARA MAKARNA 500GR FIYONK;39.50 TL;14.75;;8,69058E+12;10.04.2026 22:54;35.00
8,69058E+12;8,69058E+12;;ADET;Ean 13;ANKARA MAKARNA 500GR BURGU;39.50 TL;14.75;;8,69058E+12;10.04.2026 22:54;35.00
8,69039E+12;8,69039E+12;;ADET;Ean 13;SEB?L C?N MISIR 500 GR;40.00 TL;;;TÜRK?YE;19.04.2024;
8,68318E+12;8,68318E+12;;ADET;Ean 13;DO?AL PATLATAN MISIR 500GR;25.00 TL;;;8,69058E+12;19.04.2024;
8,69079E+12;8,69079E+12;;ADET;Ean 13;TADIM BOL TUZLU AY ÇEK?RDE?? 55GR ;10.00 TL;;;8,69058E+12;19.04.2024;
8,69079E+12;0;;ADET;Ean 13;TADIM KAVRULMU? AY ÇEK?RDE?? 55 GR;10.00 TL;;;8,69058E+12;19.04.2024;
8,69079E+12;8,69079E+12;;ADET;Ean 13;TADIM BOL TUZLU AY ÇEK?RDE?? 135GR;25.00 TL;;;8,69058E+12;19.04.2024;
8,69079E+12;8,69079E+12;-15;ADET;Ean 13;TADIM KAVRULMU? AY ÇEK?RDE?? S?YAH 180G;60.00 TL;;;8,69058E+12;4.04.2026 17:44;55.00
8,69079E+12;8,69079E+12;-5;ADET;Ean 13;TADIM BOL TUZLU AY ÇEK?RDE?? 180GR ;60.00 TL;;;8,69058E+12;4.04.2026 17:44;55.00
8,69893E+12;8,69893E+12;;ADET;Ean 13;C?PS BABYTOS;20.00 TL;;;8,69058E+12;14.06.2025 15:17;15.00
8,69062E+12;8,69062E+12;-3;ADET;Ean 13;C?PS PART? BOY LAYS FIRINDAN YO?URT VE MEVS?M YE??LL?KL? 134 GR;80.00 TL;28.50;;8,69058E+12;6.05.2026 22:34;75.00
8,69062E+12;8,69062E+12;-1;ADET;Ean 13;C?PS PART? BOY ÇEREZZA DEV YER FISTIKLI;80.00 TL;28.50;;8,69058E+12;6.05.2026 22:34;75.00
8,69062E+12;8,69062E+12;-1;ADET;Ean 13;C?PS PART? BOY LAYS YO?URT VE MEVS?M YE??LL?KL? 155G;80.00 TL;28.50;;8,69058E+12;6.05.2026 22:33;75.00
8,69062E+12;8,69062E+12;;ADET;Ean 13;C?PS PART? BOY DOR?TOS HOT CORN ACI 162GR;80.00 TL;28.50;;8,69058E+12;6.05.2026 22:33;75.00
8,69062E+12;8,69062E+12;-1;ADET;Ean 13;C?PS PART? BOY LAYS KLAS?K 155GR;80.00 TL;28.50;;8,69058E+12;6.05.2026 22:33;75.00
8,69062E+12;8,69062E+12;;ADET;Ean 13;C?PS PART? BOY ÇEREZZA DEV BAHARATLI;80.00 TL;28.50;;8,69058E+12;6.05.2026 22:33;75.00
8,69062E+12;8,69062E+12;-1;ADET;Ean 13;C?PS PART? BOY DOR?TOS TACO BAHARATLI 170GR;80.00 TL;28.50;;8,69058E+12;6.05.2026 22:33;75.00
8,69062E+12;8,69062E+12;;ADET;Ean 13;C?PS PART? BOY DOR?TOS NACHO 158 GR;80.00 TL;28.50;;8,69058E+12;6.05.2026 22:33;75.00
8,69062E+12;8,69062E+12;;ADET;Ean 13;C?PS PART? BOY ÇEREZZA S?NEMA 158GR;80.00 TL;28.50;;8,69058E+12;6.05.2026 22:33;75.00
8,69062E+12;8,69062E+12;;ADET;Ean 13;C?PS PART? BOY RUFFLES PEYN?R SO?AN AROMALI 155GR;80.00 TL;28.50;;8,69058E+12;6.05.2026 22:33;8.00
8,69062E+12;8,69062E+12;;ADET;Ean 13;C?PS PART? BOY RUFFLES KETÇAPLI 155GR;80.00 TL;28.50;;8,69058E+12;6.05.2026 22:32;75.00
8,69062E+12;8,69062E+12;-2;ADET;Ean 13;C?PS PART? BOY RUFFLES ORIGINAL 155GR;80.00 TL;28.50;;8,69058E+12;6.05.2026 22:32;75.00
8,69062E+12;8,69062E+12;;ADET;Ean 13;C?PS PART? BOY DOR?TOS D?PPAS;80.00 TL;28.50;;8,69058E+12;6.05.2026 22:32;75.00
8,69062E+12;8,69062E+12;-2;ADET;Ean 13;C?PS SÜPER BOY RUFFLES PEYN?R SO?AN 104 GR;60.00 TL;24.55;;8,69058E+12;23.04.2026 09:40;55.00
8,69062E+12;8,69062E+12;-2;ADET;Ean 13;C?PS SÜPER BOY LAYS FIRINDAN YO?URT 110GR;60.00 TL;24.55;;8,69058E+12;23.04.2026 09:39;55.00
8,69062E+12;8,69062E+12;-3;ADET;Ean 13;C?PS SÜPER BOY LAYS YOGURT VE MEVSIM YESILLIKLI 104 GR;60.00 TL;24.55;;8,69058E+12;23.04.2026 09:39;55.00
8,69062E+12;8,69062E+12;;ADET;Ean 13;C?PS SÜPER BOY  LAYS KLASIK 107 GR;60.00 TL;24.55;;8,69058E+12;23.04.2026 09:39;55.00
8,69062E+12;8,69062E+12;;ADET;Ean 13;C?PS SÜPER BOY LAYS SÜPER BOY TUZ VE S?RKE 95GR;60.00 TL;24.55;;8,69058E+12;23.04.2026 09:39;55.00
8,69062E+12;8,69062E+12;-2;ADET;Ean 13;C?PS SÜPER BOY DOR?TOS NACHO PEYN?RL? 111 GR;60.00 TL;24.55;;8,69058E+12;23.04.2026 09:39;55.00
8,69062E+12;8,69062E+12;-2;ADET;Ean 13;C?PS SÜPER BOY DOR?TOS TACO BAHARATLI 128GR ;60.00 TL;24.55;;8,69058E+12;23.04.2026 09:39;55.00
8,69062E+12;8,69062E+12;-2;ADET;Ean 13;C?PS SÜPER BOY DOR?TOS HOT CORN ACI B?BERL? 111 GR;60.00 TL;24.55;;8,69058E+12;23.04.2026 09:39;55.00
8,69062E+12;8,69062E+12;-1;ADET;Ean 13;C?PS SÜPER BOY  RUFFLES OR?G?NALS SADE PATATES C?PS? 104 GR;60.00 TL;24.55;;8,69058E+12;23.04.2026 09:32;55.00
8,69062E+12;8,69062E+12;-4;ADET;Ean 13;C?PS SÜPER BOY RUFFLES KETÇAPLI 104 GR;60.00 TL;24.55;;8,69058E+12;23.04.2026 09:32;55.00
8,69062E+12;8,69062E+12;-1;ADET;Ean 13;C?PS SÜPER BOY DOR?TOS 131GR;60.00 TL;24.55;;8,69058E+12;23.04.2026 09:32;55.00
8,69062E+12;8,69062E+12;;ADET;Ean 13;C?PS SÜPER BOY RUFFLES MANGALDA ET TADINDA;60.00 TL;24.55;;8,69058E+12;23.04.2026 09:32;55.00
8,69062E+12;8,69062E+12;;ADET;Ean 13;C?PS SÜPER BOY ÇEREZZA KOKTEYL MANGAL 121GR;60.00 TL;24.55;;8,69058E+12;23.04.2026 09:32;55.00
8,69062E+12;8,69062E+12;;ADET;Ean 13;C?PS SÜPER BOY DOR?TOS R?SK 109 G;60.00 TL;24.55;;8,69058E+12;23.04.2026 09:31;55.00
8,69062E+12;8,69062E+12;-2;ADET;Ean 13;C?PS SÜPER BOY ÇEREZZA TV SÜT MISIRI AROMALI 121 GR;60.00 TL;24.55;;8,69062E+12;23.04.2026 09:31;55.00
8,69062E+12;8,69062E+12;-2;ADET;Ean 13;C?PS SÜPER BOY ÇEREZZA KOKTEYL 117GR;60.00 TL;24.55;;8,69058E+12;23.04.2026 09:31;55.00
8,69062E+12;8,69062E+12;;ADET;Ean 13;C?PS SÜPER BOY ÇEREZZA ACILI ACI BAHARATLI 117GR;60.00 TL;24.55;;8,69058E+12;23.04.2026 09:31;55.00
8,69062E+12;8,69062E+12;;ADET;Ean 13;C?PS SÜPER BOY DOR?TOS TURCA HA?HA?L1;60.00 TL;24.55;;8,69058E+12;23.04.2026 09:31;55.00
8,69062E+12;8,69062E+12;-1;ADET;Ean 13;C?PS SÜPER BOY ÇEREZZA PEYN?R SO?AN 117GR;60.00 TL;24.55;;8,69058E+12;23.04.2026 09:31;55.00
8,69062E+12;8,69062E+12;-4;ADET;Ean 13;C?PS CHEETOS FIRINDAN B?FTEK 41GR;35.00 TL;8.00;;;11.06.2026 13:51;30.00
8,69062E+12;8,69062E+12;-4;ADET;Ean 13;C?PS CHEETOS FIRINDAN PEYNIR 41GR;35.00 TL;8.00;;;11.06.2026 13:51;30.00
8,69062E+12;8,69062E+12;-2;ADET;Ean 13;C?PS CHEETOS FIRINDAN FISTIK 41GR;35.00 TL;8.00;;;11.06.2026 13:51;30.00
8,69062E+12;8,69062E+12;;ADET;Ean 13;C?PS SÜPER BOY CHEETOS FLAV?NHOT YEN?;60.00 TL;24.55;;;23.04.2026 09:31;55.00
8,69062E+12;8,69062E+12;;ADET;Ean 13;C?PS SÜPER BOY CHEETOS FLAM?N HOT;60.00 TL;24.55;;;23.04.2026 09:31;55.00
8,69062E+12;8,69062E+12;-1;ADET;Ean 13;C?PS SÜPER BOY LAYS BAHARATLI 104 GR;60.00 TL;24.55;;8,69058E+12;23.04.2026 09:31;55.00
8,69053E+12;8,69053E+12;;ADET;Ean 13;ET? C?C?BEBE 700GR 4'LÜ PAKET ;149.95 TL;;;8,69058E+12;19.01.2026 22:55;135.00
8,6905E+12;8,6905E+12;;ADET;Ean 13;ÜLKER BEBE B?SKÜV? 800GR;145.00 TL;;;TÜRK?YE;10.04.2026 22:55;135.00
80770831;80770831;;ADET;Ean 8;V?V?DENT XYLIT 45 ZARF 26GR;60.00 TL;;;TÜRK?YE;5.04.2025 12:13;40.00
86945226;86945226;;ADET;Ean 8;V?V?DENT XYLIT 45 YE??L NANE 26GR;60.00 TL;;;TÜRK?YE;13.05.2026 14:30;50.00
86945219;86945219;;ADET;Ean 8;V?V?DENT 45 DAK?KA NANE 26GR ;60.00 TL;;;TÜRK?YE;13.05.2026 15:04;50.00
80770855;80770855;;ADET;Ean 8;V?V?DENT 45 DAK?KA AHUDUDU 26GR;60.00 TL;;;TÜRK?YE;5.04.2025 12:13;40.00
80829010;80829010;;ADET;Ean 8;MENTOS CLEANBREATH 2HOURS 21GR;60.00 TL;;;TÜRK?YE;19.04.2024;
80980131;80980131;;ADET;Ean 8;MENTOS DEFENSIVE 21 GR VISNE;50.00 TL;;;TÜRK?YE;19.04.2024;
80866251;80866251;;ADET;Ean 8;MENTOS CILEK AROMALI STRAWBERRY SEKER 37.5GR;30.00 TL;;;8,69058E+12;11.04.2026 22:03;25.00
87311396;87311396;;ADET;Ean 8;MENTOS KARISIK MEYVE AROMALI RAINBOW SEKER 37.5GR;30.00 TL;;;TÜRK?YE;11.04.2026 22:03;25.00
87108019;87108019;;ADET;Ean 8;MENTOS SAKIZLI DRAJE NANE 37,5 GR.;30.00 TL;;;TÜRK?YE;11.04.2026 22:03;25.00
80897354;80897354;;ADET;Ean 8;BIG BABOL SHAKIES CÜZDAN MUZLU SAKIZ;30.00 TL;;;8,69058E+12;30.08.2024 18:09;25.00
80927266;80927266;;ADET;Ean 8;V?V?DENT STORMING NANE 33 GR;60.00 TL;;;TÜRK?YE;5.04.2025 12:13;40.00
80832386;80832386;-1;ADET;Ean 8;V?V?DENT STORMING KARPUZLU 33 GR;60.00 TL;;;TÜRK?YE;5.04.2025 12:13;40.00
80950677;80950677;-2;ADET;Ean 8;V?V?DENT 45 DAKIKA NANE 33 GR;60.00 TL;;;TÜRK?YE;5.04.2025 12:14;40.00
80794776;80794776;;ADET;Ean 8;V?V?DENT STORMING YESIL NANE 33 GR;60.00 TL;;;TÜRK?YE;5.04.2025 12:14;40.00
80758594;80758594;;ADET;Ean 8;V?V?DENT EXTRA MENTOL NANE 26 GR;60.00 TL;;;TÜRK?YE;5.04.2025 12:14;45.00
80914006;80914006;;ADET;Ean 8;MENTOS CLEANBREATH 2 HOURS 21GR;60.00 TL;;;TÜRK?YE;19.04.2024;
80761310;80761310;-1;ADET;Ean 8;V?V?DENT DAMLA SAKIZLI 26 GR;60.00 TL;;;TÜRK?YE;5.04.2025 12:14;40.00
80840299;80840299;;ADET;Ean 8;V?V?DENT 360 KARPUZLU SAKIZ 14'LÜ;60.00 TL;;;8,69058E+12;13.05.2026 15:04;50.00
80902379;80902379;;ADET;Ean 8;V?V?DENT 360 NANEL? SAKIZ 14'LÜ;60.00 TL;;;8,69058E+12;13.05.2026 15:04;50.00
80970057;80970057;;ADET;Ean 8;V?V?DENT ACTIVE MIKRO KRISTALLER 33 GR;60.00 TL;;;TÜRK?YE;5.04.2025 12:14;35.00
8,69052E+12;8,69052E+12;;ADET;Ean 13;FIRST SENSATIONS 27GR DAMLA;60.00 TL;;;8,69058E+12;11.06.2026 14:37;50.00
7,6222E+12;7,6222E+12;;ADET;Ean 13;FIRST 60DK 27GR KESKIN ZARF;60.00 TL;;;8,69058E+12;11.06.2026 14:38;50.00
8,69052E+12;8,69052E+12;;ADET;Ean 13;FIRST SENSATIONS 27GR TROPIKAL MEYVELI;60.00 TL;;;8,69058E+12;11.06.2026 14:38;50.00
8,69052E+12;8,69052E+12;-2;ADET;Ean 13;FIRST SENSATIONS 27GR KARPUZ;60.00 TL;;;8,69058E+12;11.06.2026 14:38;50.00
8,69052E+12;8,69052E+12;;ADET;Ean 13;FIRST SENSATIONS 27GR CILEK KARAMEL;60.00 TL;;;8,69058E+12;11.06.2026 14:38;50.00
8,69052E+12;8,69052E+12;-1;ADET;Ean 13;FIRST SENSATIONS 27GR AHUDUDU VE KARADUT;60.00 TL;;;8,69058E+12;11.06.2026 14:38;50.00
8,69052E+12;8,69052E+12;;ADET;Ean 13;FALIM SAKIZ 5L? ORMAN MEYVELER?;15.00 TL;;;8,69058E+12;1.03.2026 20:46;Ara.50
8,69052E+12;8,69052E+12;;ADET;Ean 13;FALIM SAKIZ 5L? Ç?LEK;15.00 TL;;;8,69058E+12;1.03.2026 20:46;Ara.50
8,69052E+12;8,69052E+12;;ADET;Ean 13;FALIM SAKIZ 5L? I?IL KARBONATLI;15.00 TL;;;8,69052E+12;1.03.2026 20:46;Ara.50
8,69052E+12;8,69052E+12;-2;ADET;Ean 13;FALIM SAKIZ 5L? DAMLA SAKIZLI;15.00 TL;;;8,69052E+12;1.03.2026 20:45;Ara.50
8,69052E+12;8,69052E+12;;ADET;Ean 13;FALIM SAKIZ 5L? NANEL?;15.00 TL;;;8,69058E+12;17.09.2025 14:15;10.00
80920373;80920373;;ADET;Ean 8;V?V?DENT FRUIT TIME 22.4G CILEK;30.00 TL;;;8,69058E+12;24.04.2025 14:19;20.00
80823261;80823261;;ADET;Ean 8;V?V?DENT FRESH TIME 22.4G;30.00 TL;;;8,69058E+12;24.04.2025 14:19;20.00
7,6222E+12;7,6222E+12;;ADET;Ean 13;F?RST INFINITY Ç?LEK 19.5GR;60.00 TL;;;8,69058E+12;11.06.2026 14:37;50.00
7,6222E+12;7,6222E+12;;ADET;Ean 13;F?RST INFINITY NANE 19.5 GR;60.00 TL;;;8,69058E+12;11.06.2026 14:37;50.00
8,69084E+12;8,69084E+12;;ADET;Ean 13;ÜLKER YUPO COKOJELO BÖ?ÜRTLENL? 20GR;15.00 TL;;;8,69058E+12;1.06.2025 12:43;Ara.50
8,69084E+12;8,69084E+12;-1;ADET;Ean 13;ÜLKER ONEO SAKIZ BUBDLE 22.5 GR TUTTI FRUTTI;25.00 TL;;;8,69058E+12;5.11.2025 23:05;15.00
8,69084E+12;8,69084E+12;;ADET;Ean 13;ONEO SAKIZ BUBDLE 22.5 GR KOLA;25.00 TL;;;8,69058E+12;5.11.2025 23:05;15.00
8,69084E+12;8,69084E+12;;ADET;Ean 13;ÜLKER YUPO COKOJELO 20GR PORTAKAL;15.00 TL;;;8,69058E+12;1.06.2025 12:44;Ara.50
8,69332E+12;8,69332E+12;;ADET;Ean 13;NAZAR 5LI SAKIZ DAMLA;15.00 TL;;;8,69058E+12;28.03.2026 01:09;Ara.50
8,69011E+12;8,69011E+12;;ADET;Ean 13;ÇAYKUR ALTINBAS DEMLIK CAY 200GR BERGAMOTLU;195.00 TL;;;8,69058E+12;21.07.2026 16:03;125.00
8,69011E+12;8,69011E+12;;ADET;Ean 13;ÇAYKUR ALTINBA? 200G DEMLIK;195.00 TL;;;8,69058E+12;21.07.2026 16:03;125.00
8,69011E+12;8,69011E+12;-1;ADET;Ean 13;ÇAYKUR DEMLIK 40LI 200GR;195.00 TL;;;8,69058E+12;21.07.2026 16:03;125.00
8,69011E+12;8,69011E+12;-1;ADET;Ean 13;ÇAYKUR F?L?Z 500 GR,;250.00 TL;;;TÜRK?YE;21.07.2026 16:01;210.00
8,69011E+12;8,69011E+12;;ADET;Ean 13;ÇAYKUR KAMELYA 500GR ;250.00 TL;;;TÜRK?YE;21.07.2026 16:01;215.00
8,69011E+12;8,69011E+12;;ADET;Ean 13;ÇAYKUR 500GR T?RYAK?;250.00 TL;;;TÜRK?YE;21.07.2026 16:01;215.00
8,69011E+12;8,69011E+12;;ADET;Ean 13;ÇAYKUR RIZE 500 GR;250.00 TL;;;TÜRK?YE;21.07.2026 16:01;215.00
8,69037E+12;8,69037E+12;;ADET;Ean 13;OFCAY EFSANE KARADENIZ FILIZ CAYI 500GR;145.00 TL;;;8,69011E+12;26.12.2025 22:29;99.00
8,6922E+12;8,6922E+12;;ADET;Ean 13;ÇAY M?GROS BERGAMOT 500GR;85.00 TL;;;8,69011E+12;19.04.2024;
8,6824E+12;8,6824E+12;;ADET;Ean 13;ORCAY GOLD 1.KG [X12];180.00 TL;;;8,69011E+12;19.04.2024;
8,69011E+12;8,69011E+12;-1;ADET;Ean 13;ÇAYKUR T?RYAK? 1KG;490.00 TL;;;TÜRK?YE;21.07.2026 16:02;475.00
8,69011E+12;8,69011E+12;-3;ADET;Ean 13;ÇAYKUR R?ZE 1KG ;490.00 TL;;;8,69011E+12;21.07.2026 16:02;475.00
8,69011E+12;8,69011E+12;;ADET;Ean 13;ÇAYKUR F?L?Z 1000 GR;490.00 TL;;;8,69011E+12;21.07.2026 16:02;485.00
8,69078E+12;8,69078E+12;-4;ADET;Ean 13;BALKÜPÜ KESME ?EKER 1KG;69.00 TL;;;TÜRK?YE;27.10.2025 14:14;59.50
8,69078E+12;8,69078E+12;-2;ADET;Ean 13;BALKÜPÜ TOZ ?EKER 1KG;65.00 TL;;;TÜRK?YE;8.03.2026 12:38;60.00
8,69038E+12;8,69038E+12;;ADET;Ean 13;KARDEM KÜP ?EKER 1 KG;65.00 TL;;;TÜRK?YE;11.04.2026 00:05;55.00
8,69063E+12;8,69063E+12;-4;ADET;Ean 13;DR. OETKER PUD?NG 147GR KAKAOLU;57.50 TL;;;TÜRK?YE;19.04.2024;
8,69064E+12;8,69064E+12;;ADET;Ean 13;KNORR ÇORBA KREMALI TAVUK;50.00 TL;18.75;;8,69011E+12;9.07.2026 17:18;45.00
8,69064E+12;8,69064E+12;;ADET;Ean 13;KNORR ÇORBA ?EHR?YEL? TAVUK;50.00 TL;18.75;;8,69011E+12;9.07.2026 17:18;45.00
8,69064E+12;8,69064E+12;;ADET;Ean 13;KNORR ÇORBA KREMALI DOMATES;50.00 TL;18.75;;8,69011E+12;9.07.2026 17:18;45.00
8,69064E+12;8,69064E+12;;ADET;Ean 13;KNORR ÇORBA YAYLA;50.00 TL;18.75;;8,69011E+12;9.07.2026 17:18;45.00
8,69064E+12;8,69064E+12;;ADET;Ean 13;KNORR ÇORBA KREMALI MANTAR;50.00 TL;18.75;;8,69011E+12;9.07.2026 17:18;45.00
8,69064E+12;8,69064E+12;;ADET;Ean 13;KNORR ÇORBA TARHANA;50.00 TL;18.75;;8,69011E+12;9.07.2026 17:18;45.00
8,69058E+12;8,69058E+12;-3;ADET;Ean 13;SÖKE UN 1 KG;50.00 TL;;;8,69011E+12;17.12.2025 08:45;45.00
8,69064E+12;8,69064E+12;;ADET;Ean 13;KNORR ÇORBA ??KEMBE;50.00 TL;18.75;;8,69011E+12;9.07.2026 17:18;45.00
8,69063E+12;8,69063E+12;-1;ADET;Ean 13;DR. OETKER MAYA 3*10GR;30.00 TL;;;8,69011E+12;14.06.2025 15:19;25.00
8,69063E+12;8,69063E+12;-2;ADET;Ean 13;DR. OETKER KABARTMA TOZU 5 LI;30.00 TL;;;8,69011E+12;14.06.2025 15:19;25.00
8,69063E+12;8,69063E+12;-2;ADET;Ean 13;DR.OETKER VANILIN 5 LI;30.00 TL;;;TÜRK?YE;14.06.2025 15:19;25.00
8,69077E+12;8,69077E+12;-5;ADET;Ean 13;B?LLUR TUZ 750GR;30.00 TL;;;8,69011E+12;20.12.2025 14:37;27.50
8,6906E+12;8,6906E+12;;ADET;Ean 13;SAL?NA TUZ 750GR;25.00 TL;;;8,69011E+12;2.07.2026 17:42;20.00
8,69324E+12;8,69324E+12;;ADET;Ean 13;SEL?N 200ML LIMON KOLONYA PED;120.00 TL;;;TÜRK?YE;19.04.2024;
8,69124E+12;8,69124E+12;;ADET;Ean 13;KARTOPU GUL SUYU 323ML;50.00 TL;;;8,69011E+12;26.12.2025 22:30;18.00
8,69303E+12;8,69303E+12;;ADET;Ean 13;ELISE KULAK CUBUGU;40.00 TL;;;8,69011E+12;19.04.2024;
8,68183E+12;8,68183E+12;;ADET;Ean 13;LINKAGE USB SARJ KABLOSU TYPE C 1 MT;150.00 TL;;;8,69011E+12;29.03.2026 21:15;50.00
8,69056E+12;8,69056E+12;;ADET;Ean 13;BO?AZ?Ç? KOLONYA 950CC;225.00 TL;;;8,69011E+12;11.12.2024 18:22;199.00
3,01426E+12;3,01426E+12;-7;ADET;Ean 13;PERMATIK KARTELA TEKLI;25.00 TL;;;TÜRK?YE;19.04.2024;
7,70202E+12;7,70202E+12;;ADET;Ean 13;PERMATIK BANYO TEKLI;30.00 TL;;;TÜRK?YE;19.04.2024;
8,68129E+12;8,68129E+12;;ADET;Ean 13;PARODONTAX 2L?;350.00 TL;;;TÜRK?YE;19.04.2024;
8,68129E+12;8,68129E+12;;ADET;Ean 13;SENSODYNE ONARIM KORUMA FIRSAT SETI;199.00 TL;;;TÜRK?YE;19.04.2024;
8,69056E+12;8,69056E+12;;ADET;Ean 13;BANAT COMPAKT D?? FIRÇASI;75.00 TL;;;TÜRK?YE;19.04.2024;
8,71895E+12;8,71895E+12;;ADET;Ean 13;COLGATE TRIPLE ACTION WHITE 75ML;40.00 TL;;;TÜRK?YE;23.04.2024 11:29;
6,93681E+12;6,93681E+12;;ADET;Ean 13;NEROX KURDAN 400 ADET;15.00 TL;;;TÜRK?YE;19.04.2024;
8,68325E+12;8,68325E+12;;ADET;Ean 13;SANTAVIK YARA BANDI;15.00 TL;;;TÜRK?YE;3.07.2024 12:25;5.00
86900058;86900058;;ADET;Ean 8;ARKO KREM YA?LI 20ML;50.00 TL;;;TÜRK?YE;19.04.2024;
5,02523E+12;5,02523E+12;;ADET;Ean 13;PANASONIC 2LI INCE PIL;30.00 TL;;;TÜRK?YE;19.04.2024;
8,88755E+12;8,88755E+12;-1;ADET;Ean 13;PANASONIC KALEM PIL 4 LU;60.00 TL;;;TÜRK?YE;19.04.2024;
8,69782E+12;8,69782E+12;-2;ADET;Ean 13;FRESHMAKER ISLAK CEP MENDILI;15.00 TL;;;TÜRK?YE;19.04.2024;
8,68121E+12;8,68121E+12;;ADET;Ean 13;BABY TURCO CEP ISLAK 15 LI;10.00 TL;;;TÜRK?YE;19.01.2025 12:32;5.00
5,00039E+12;5,00039E+12;;ADET;Ean 13;DURACELL INCE PIL 2 LI;120.00 TL;;;TÜRK?YE;29.10.2025 15:25;80.00
5,00039E+12;5,00039E+12;;ADET;Ean 13;DURACELL KALEM PIL 2 LI PAKET;120.00 TL;;;TÜRK?YE;29.10.2025 15:25;80.00
8,69991E+12;8,69991E+12;;ADET;Ean 13;ANCHOR TIRNAK MAKASI 2LI DELUXE (NO108);60.00 TL;;;TÜRK?YE;23.04.2024 18:11;
8,69153E+12;8,69153E+12;;ADET;Ean 13;MÜJDE ÇORAP D?Z ALTI NO:87;35.00 TL;;;TÜRK?YE;4.12.2025 11:14;25.00
8,68017E+12;8,68017E+12;;ADET;Ean 13;502 YAPISTIRICI ELSABOND;60.00 TL;;;TÜRK?YE;11.04.2026 00:06;50.00
8,69389E+12;8,69389E+12;;ADET;Ean 13;JAPON YAPISTIRICI 1.4 GR;20.00 TL;;;TÜRK?YE;19.04.2024;
8,69779E+12;8,69779E+12;;ADET;Ean 13;TOSCOW ÇAKMAK GAZI;50.00 TL;;;TÜRK?YE;26.12.2025 22:31;45.00
8,00344E+12;8,00344E+12;;ADET;Ean 13;CHUPA CHUPS TOP?TOP;15.00 TL;;;TÜRK?YE;11.04.2026 00:07;Tem.50
8,68225E+12;8,68225E+12;;ADET;Ean 13;MRY ÇAKMAK;40.00 TL;;;TÜRK?YE;19.04.2024;
8,68398E+12;8,68398E+12;;ADET;Ean 13;STR ÇAKMAK ;25.00 TL;;;TÜRK?YE;19.04.2024;
8,41277E+12;8,41277E+12;;ADET;Ean 13;ÇAKMAK CLIPPER BASKILI;40.00 TL;;;TÜRK?YE;19.04.2024;
8,68187E+12;8,68187E+12;-10;ADET;Ean 13;ÇAKMAK TOKAI TA?LI KÜÇÜK BOY;15.00 TL;;BARKODSUZ;Afganistan;1.05.2025 16:18;10.00
8,69615E+12;8,69615E+12;;ADET;Ean 13;NAZO TOZ ICECEK 9GR PORTAKAL;15.00 TL;;;Afganistan;11.04.2026 00:07;Ara.50
8,69615E+12;8,69615E+12;;ADET;Ean 13;NAZO TOZ ICECEK 9 GR SEFTALI;15.00 TL;;;Afganistan;11.04.2026 00:07;Ara.50
8,69615E+12;8,69615E+12;;ADET;Ean 13;NAZO TOZ ICECEK 9GR VISNE;15.00 TL;;;Afganistan;11.04.2026 00:08;Ara.50
8,69615E+12;8,69615E+12;;ADET;Ean 13;NAZO TOZ ICECEK 9GR LIMON;15.00 TL;;;Afganistan;11.04.2026 00:07;Ara.50
8,69745E+12;8,69745E+12;;ADET;Ean 13;KD SICAK CIKOLATA 25GR;15.00 TL;;;Afganistan;19.04.2024;
8,69055E+12;8,69055E+12;;ADET;Ean 13;CAM SIL MATIK ORIGINAL 500 ML;95.00 TL;;;Afganistan;10.11.2025 15:43;50.00
6,92121E+12;6,92121E+12;;ADET;Ean 13;CHUPA CHUPS CILEK MISKET LIMONLU SEKER 15 GR;25.00 TL;;;Afganistan;11.04.2026 22:21;20.00
8,69077E+12;8,69077E+12;-1;ADET;Ean 13;ÜLKER ECE ?KRAMLIK Ç?KOLATA FINDIK 455GR;400.00 TL;;;Afganistan;2.03.2026 08:33;345.00
8,69055E+12;8,69055E+12;;ADET;Ean 13;KOM?L? SALOON 400ML GUL SIVI SABUN;45.00 TL;;;Afganistan;31.10.2025 09:57;35.00
8,69742E+12;8,69742E+12;;ADET;Ean 13;KOM?L? SIVI SABUN 400ML GÜLLÜ;45.00 TL;17.50;;Afganistan;31.10.2025 09:58;35.00
8,69011E+12;8,69011E+12;-3;ADET;Ean 13;B?RYA? AYÇ?ÇEK YA?I 1LT;150.00 TL;;;Afganistan;19.01.2025 12:36;95.00
8,69138E+12;8,69138E+12;;ADET;Ean 13;B?Z?M MISIR YA?I 1 LT;150.00 TL;;;Afganistan;26.12.2025 22:32;125.00
8,69259E+12;8,69259E+12;;ADET;Ean 13;TUNAS BLOK SADE HELVA;35.00 TL;;;Afganistan;19.04.2024;
8,69259E+12;8,69259E+12;;ADET;Ean 13;TUNAS BLOK KAKAOLU HELVA;35.00 TL;;;Afganistan;19.04.2024;
8,69157E+12;8,69157E+12;;ADET;Ean 13;BURCU HA?LANMI? BARBUNYA 800GR TENEKE;75.00 TL;;;Afganistan;1.06.2025 12:46;55.00
8,69157E+12;8,69157E+12;;ADET;Ean 13;BURCU HA?LANMI? FASULYE 800GR TENEKE;75.00 TL;;;Afganistan;19.04.2024;
8,69297E+12;8,69297E+12;;ADET;Ean 13;KOM?L? KONFOR MEND?L;15.00 TL;;;TÜRK?YE;26.12.2025 22:32;10.00
8,69051E+12;8,69051E+12;;ADET;Ean 13;TUKAS BARBEKU SOS 400 GR;50.00 TL;;;TÜRK?YE;20.04.2024;
8,69051E+12;8,69051E+12;;ADET;Ean 13;TUKA? RANCH SOS 400 GR;50.00 TL;;;TÜRK?YE;20.04.2024;
8,69636E+12;8,69636E+12;;ADET;Ean 13;HE?NZ MAYONEZ 400GR;90.00 TL;;;TÜRK?YE;20.04.2024;
8,69051E+12;8,69051E+12;;ADET;Ean 13;TUKA? HARDAL 400 GR;50.00 TL;;;TÜRK?YE;20.04.2024;
8,69636E+12;8,69636E+12;;ADET;Ean 13;HE?NZ KETÇAP 400GR;65.00 TL;;;TÜRK?YE;20.04.2024;
8,6905E+12;8,6905E+12;;ADET;Ean 13;B?Z?M KETÇAP 600GR ACILI;100.00 TL;;;TÜRK?YE;29.03.2026 20:47;60.00
8,6905E+12;8,6905E+12;;ADET;Ean 13;B?Z?M KETÇAP 400 GR TATLI;75.00 TL;;;TÜRK?YE;12.12.2024 18:52;45.00
8,6905E+12;8,6905E+12;;ADET;Ean 13;B?Z?M KETÇAP 400GR+MAYONEZ 330GR;150.00 TL;;;TÜRK?YE;29.03.2026 20:48;85.00
8,7157E+12;8,7157E+12;;ADET;Ean 13;HE?NZ KETÇAP ACILI 460 GR;65.00 TL;;;TÜRK?YE;20.04.2024;
8,69259E+12;8,69259E+12;;ADET;Ean 13;TUNAS Ç?LEK REÇEL? 380GR;40.00 TL;;;TÜRK?YE;20.04.2024;
1111;11112;;ADET;Ean 13;TUNAS KAYISI REÇEL? 380GR;40.00 TL;;;TÜRK?YE;20.04.2024;
8,69259E+12;8,69259E+12;;ADET;Ean 13;TUNAS V??NE REÇEL? 380GR ;40.00 TL;;;TÜRK?YE;20.04.2024;
8,69259E+12;8,69259E+12;;ADET;Ean 13;TUNAS KAYISI REÇEL? 380GR;40.00 TL;;;TÜRK?YE;20.04.2024;
8,68125E+12;8,68125E+12;;ADET;Ean 13;SIL BAHCEDEN BAGBAHCE GUL RECELI 380GR;40.00 TL;;;TÜRK?YE;20.04.2024;
8,6905E+12;8,6905E+12;;ADET;Ean 13;ÜLKER ÇOKOKREM 440GR KASE;125.00 TL;;;TÜRK?YE;27.06.2026 09:25;115.00
8,6905E+12;8,6905E+12;;ADET;Ean 13;ÜLKER ÇOKOKREM 180GR;70.00 TL;;;TÜRK?YE;27.06.2026 09:24;60.00
8,69064E+12;8,69064E+12;;ADET;Ean 13;CLEAR ?AMPUAN 600ML YO?UN ARINDIRICI;170.00 TL;;;TÜRK?YE;2.09.2025 16:45;159.00
8,68313E+12;8,68313E+12;;ADET;Ean 13;CLEAR COOL SPORT MENTOL 485ML;170.00 TL;;;TÜRK?YE;2.09.2025 16:45;159.00
8,68313E+12;8,68313E+12;;ADET;Ean 13;CLEAR MEN LEGEND BY CR7 350 ML;159.00 TL;;;TÜRK?YE;2.09.2025 16:44;145.00
8,69057E+12;8,69057E+12;;ADET;Ean 13;BLENDAX SAMPUAN LIMON AROMALI 500 ML;125.00 TL;;;TÜRK?YE;21.04.2025 13:27;115.00
8,69057E+12;8,69057E+12;;ADET;Ean 13;BLENDAX ?AMPUAN 500ML MENTOL FERAHLI?I;125.00 TL;;;TÜRK?YE;21.04.2025 13:28;87.50
8,69057E+12;8,69057E+12;;ADET;Ean 13;BLENDAX ?AMPUAN 500ML ISIRGAN OZLU;125.00 TL;;;TÜRK?YE;21.04.2025 13:27;115.00
8,69057E+12;8,69057E+12;;ADET;Ean 13;BLENDAX 500ML SAMP. KEPEGE KARSI ETKILI;125.00 TL;;;TÜRK?YE;21.04.2025 13:28;87.50
8,69064E+12;8,69064E+12;;ADET;Ean 13;ELIDOR ANINDA ONARICI SAMPUAN 325 ML;100.00 TL;;;TÜRK?YE;20.04.2024;
8,68313E+12;8,68313E+12;;ADET;Ean 13;ELIDOR KEPEGE KARSI ETKILI 400 ML;129.00 TL;;;TÜRK?YE;20.04.2024;
8,68313E+12;8,68313E+12;;ADET;Ean 13;ELIDOR SAMPUAN KEPE.KARSI ETKILI 2IN1 500ML;120.00 TL;;;TÜRK?YE;20.04.2024;
8,68313E+12;8,68313E+12;;ADET;Ean 13;ELIDOR SAMPUAN 500 ML ESMER PARLK.;95.00 TL;;;TÜRK?YE;20.04.2024;
8,70022E+12;8,70022E+12;;ADET;Ean 13;HEAD SHOULDERS OLD SPICE 300 ML;185.00 TL;;;TÜRK?YE;6.12.2025 13:53;135.00
8,00654E+12;8,00654E+12;;ADET;Ean 13;HEAD SHOULDERS KADINLARA OZEL DOKULME KARSITI 350 ML;185.00 TL;;;TÜRK?YE;6.12.2025 13:53;139.00
8,69084E+12;8,69084E+12;;ADET;Ean 13;ÜLKER KREM?N? MILKSHAKE 41GR;20.00 TL;;;TÜRK?YE;19.01.2025 12:38;10.00
8,69084E+12;8,69084E+12;;ADET;Ean 13;ÜLKER KREM?N? Ç?LEKL? 41GR;20.00 TL;;;TÜRK?YE;19.01.2025 12:39;10.00
8,69084E+12;8,69084E+12;;ADET;Ean 13;ÜLKER KREM?N? AHUDUDU 41GR;20.00 TL;;;TÜRK?YE;6.05.2025 19:46;15.00
8,69084E+12;8,69084E+12;;ADET;Ean 13;ÜLKER KREM?N? MILKSHAKE Ç?LEKL? 41 G;20.00 TL;;;TÜRK?YE;19.01.2025 12:38;10.00
8,69084E+12;8,69084E+12;;ADET;Ean 13;ÜLKER KREM?N? V??NE TOFFE 41GR;20.00 TL;;;TÜRK?YE;19.01.2025 12:38;10.00
8,6905E+12;8,6905E+12;;ADET;Ean 13;ÜLKER BONBON LIMON;25.00 TL;;;TÜRK?YE;20.12.2025 10:40;15.00
8,69771E+12;8,69771E+12;;ADET;Ean 13;ASPEROX SARI GÜÇ 1000ML;135.00 TL;;;TÜRK?YE;1.11.2025 10:56;99.00
8,69064E+12;8,69064E+12;;ADET;Ean 13;YUMO? EXTRA 1440ML ÇAMA?IR YUMU?ATICISI LAVANTA & MANOLYA;220.00 TL;;;TÜRK?YE;8.10.2025 11:49;185.00
8,68313E+12;8,68313E+12;;ADET;Ean 13;YUMO? EXTRA 1440ML ÇAMA?IR YUMU?ATICISI ?AKAYIK;220.00 TL;;;TÜRK?YE;6.11.2025 09:59;195.00
8,68313E+12;8,68313E+12;;ADET;Ean 13;YUMO? EXTRA 1440ML ÇAMA?IR YUMU?ATICISI AMBER;220.00 TL;;;TÜRK?YE;6.11.2025 10:00;195.00
8,69064E+12;8,69064E+12;;ADET;Ean 13;YUMO? EXTRA 1200ML RENK KORUMA;220.00 TL;;;TÜRK?YE;8.10.2025 11:49;145.00
8,69064E+12;8,69064E+12;;ADET;Ean 13;YUMO? EXTRA 1440ML ÇAMA?IR YUMU?ATICISI LILYUM;220.00 TL;;;TÜRK?YE;8.10.2025 11:49;145.00
8,69064E+12;8,69064E+12;;ADET;Ean 13;YUMO? EXTRA 1440ML ÇAMA?IR YUMU?ATICISI HANIMELI;220.00 TL;;;TÜRK?YE;6.11.2025 10:00;195.00
8,68313E+12;8,68313E+12;;ADET;Ean 13;DOMESTOS FIRSAT PAKETI 2LI;180.00 TL;;;TÜRK?YE;29.06.2026 09:20;125.00
8,69064E+12;8,69064E+12;;ADET;Ean 13;C?F KREM 675ML CAM MAVI;85.00 TL;;;TÜRK?YE;8.10.2025 12:46;75.00
8,69064E+12;8,69064E+12;;ADET;Ean 13;C?F KREM 750ML AMONYAKLI;85.00 TL;;;TÜRK?YE;8.10.2025 12:46;75.00
8,69064E+12;8,69064E+12;;ADET;Ean 13;C?F KREM 750ML LIMON;85.00 TL;;;TÜRK?YE;8.10.2025 12:46;75.00
8,69741E+12;8,69741E+12;;ADET;Ean 13;YAMANLAR TURSU BIDON LUX 700 GR.;115.00 TL;;;TÜRK?YE;20.04.2024;
8,69696E+12;8,69696E+12;;ADET;Ean 13;YENI AYDIN KARISIK TURSU 2 KG;110.00 TL;;;TÜRK?YE;20.04.2024;
8,69741E+12;8,69741E+12;;ADET;Ean 13;YAMANLAR TURSU 150GR LUX CESITLERI;50.00 TL;;;TÜRK?YE;14.06.2025 15:22;40.00
8,69741E+12;8,69741E+12;;ADET;Ean 13;YAMANLAR TURSU 250GR KARISIK;50.00 TL;;;TÜRK?YE;14.06.2025 15:23;40.00
8,69696E+12;8,69696E+12;-1;ADET;Ean 13;YEN?AYDIN TUR?U KARI?IK 200 GR;55.00 TL;;;TÜRK?YE;14.06.2025 15:23;40.00
8,69696E+12;8,69696E+12;;ADET;Ean 13;YENIAYDIN TURSU BIBER POSET;55.00 TL;;;TÜRK?YE;14.06.2025 15:23;40.00
8,6905E+12;8,6905E+12;-3;ADET;Ean 13;ÜLKER D?DO KLAS?K 35GR;30.00 TL;;;TÜRK?YE;19.01.2025 13:13;17.50
8,6905E+12;8,6905E+12;;ADET;Ean 13;ÜLKER DANKEK LOKMALIK HINDISTAN;60.00 TL;;;TÜRK?YE;10.12.2025 13:17;55.00
8,6905E+12;8,6905E+12;-1;ADET;Ean 13;ÜLKER DANKEK LOKMALIK KAKOLU;60.00 TL;;;TÜRK?YE;10.12.2025 13:18;55.00
8,6905E+12;8,6905E+12;;ADET;Ean 13;ÜLKER DANKEK HAVUCLU TARCINLI 180GR;60.00 TL;;;TÜRK?YE;20.12.2025 10:40;55.00
8,6905E+12;8,6905E+12;-1;ADET;Ean 13;ÜLKER DANKEK LOKMALIK ÜZÜMLÜ;60.00 TL;;;TÜRK?YE;10.12.2025 13:17;55.00
8,6905E+12;8,6905E+12;-21;ADET;Ean 13;ÜLKER DANKEK POTI MEYVELI 40GR;10.00 TL;;;TÜRK?YE;16.01.2025 15:00;8.00
8,6905E+12;8,6905E+12;-94;ADET;Ean 13;ÜLKER DANKEK POTI KAKAOLU 48GR;10.00 TL;;;TÜRK?YE;16.01.2025 15:00;8.00
8,6905E+12;8,6905E+12;;ADET;Ean 13;ÜLKER DANKEK PÖT? HAVUÇLU TARÇINLI KEK;10.00 TL;;;TÜRK?YE;1.06.2025 12:48;9.00
8,6905E+12;8,6905E+12;-24;ADET;Ean 13;ÜLKER DANKEK PöT? H?ND?STAN CEV?ZL? 48GR;10.00 TL;;;TÜRK?YE;16.01.2025 15:00;8.00
8,6905E+12;8,6905E+12;;ADET;Ean 13;ÜLKER RONDO CANPARE Ç?KOLATALI 90GR;25.00 TL;;;TÜRK?YE;27.04.2025 13:18;18.00
8,6905E+12;8,6905E+12;;ADET;Ean 13;ÜLKER SUSAMLI ÇUBUK KRAKER 70GR;20.00 TL;;;TÜRK?YE;12.01.2026 11:29;17.50
8,6905E+12;8,6905E+12;-30;ADET;Ean 13;ÜLKER SUSAMLI ÇUBUK KRAKER 45GR;15.00 TL;;;TÜRK?YE;12.01.2026 11:28;10.00
8,6905E+12;8,6905E+12;;ADET;Ean 13;ÜLKER SAKLIKÖY Ç?KOLATALI SÜTLÜ 100GR;35.00 TL;;;TÜRK?YE;27.04.2025 13:16;30.00
8,6905E+12;8,6905E+12;;ADET;Ean 13;ÜLKER SAKLIKOY FRAMBUAZLI BUSKUVI 100 GR;35.00 TL;;;TÜRK?YE;27.04.2025 13:16;30.00
8,6905E+12;8,6905E+12;;ADET;Ean 13;ÜLKER SAKLIKÖY L?MONLU B?SKÜV? 100GR;35.00 TL;;;TÜRK?YE;27.04.2025 13:16;30.00
8,6905E+12;8,6905E+12;-2;ADET;Ean 13;ÜLKER SAKLIKÖY SÜTLÜ KREMALI B?SKÜV? 100 GR;25.00 TL;;;TÜRK?YE;19.01.2025 13:32;25.00
8,6905E+12;8,6905E+12;;ADET;Ean 13;ÜLKER ALTINBA?AK LIGHT 46GR;15.00 TL;;;TÜRK?YE;1.06.2025 12:49;12.00
8,6905E+12;8,6905E+12;;ADET;Ean 13;ÜLKER PÖT?BÖR 175GR KAKAOLU;30.00 TL;;;TÜRK?YE;16.01.2025 15:01;22.50
8,69077E+12;8,69077E+12;;ADET;Ean 13;ÜLKER DANKEK BATON KEK 200 G TAM TAHILLI KEK;60.00 TL;;;TÜRK?YE;25.11.2025 13:05;40.00
8,6905E+12;8,6905E+12;;ADET;Ean 13;ÜLKER ÇOKOMEL DEV MUZLU 22G;10.00 TL;;;TÜRK?YE;26.11.2025 11:26;Tem.50
8,6905E+12;8,6905E+12;;ADET;Ean 13;ÜLKER ÇOKOMEL DEV ORIJINAL 22 G;10.00 TL;;;TÜRK?YE;26.11.2025 11:27;Tem.50
8,6905E+12;8,6905E+12;-2;ADET;Ean 13;ÜLKER HALLEY MINI GRANULLU 66GR25;30.00 TL;;;TÜRK?YE;20.04.2024;
8,6908E+12;8,6908E+12;;ADET;Ean 13;PORÇÖZ EKSTRA GÜÇLÜ 1 LT;89.00 TL;;;TÜRK?YE;2.09.2025 16:50;69.00
8,69432E+12;8,69432E+12;;ADET;Ean 13;TETIK TUZ RUHU 600 GR.;35.00 TL;;;TÜRK?YE;1.06.2025 12:47;25.00
8,6905E+12;8,6905E+12;;ADET;Ean 13;ÜLKER HALLEY BEYAZ 210 GR;95.00 TL;;;8,69058E+12;1.07.2026 19:12;80.00
8,6905E+12;4,65989E+11;;ADET;Ean 13;ÜLKER HALLEY OR?J?NAL 240 G;95.00 TL;;;8,69058E+12;12.01.2026 10:20;85.00
8,6905E+12;8,6905E+12;-1;ADET;Ean 13;ÜLKER HALLEY 8'L?;95.00 TL;;;8,69058E+12;1.07.2026 19:12;80.00
8,6905E+12;8,6905E+12;;ADET;Ean 13;ÜLKER HALLEY KARADUTLU 236GR;95.00 TL;;;8,69058E+12;1.07.2026 19:12;80.00
8,6905E+12;8,6905E+12;;ADET;Ean 13;ÜLKER HALLEY PORTAKALLI 236 G;95.00 TL;;;8,69058E+12;1.07.2026 19:12;80.00
86942478;86942478;;ADET;Ean 8;S?GARA KENT DARK BLUE LONG;105.00 TL;;;TÜRK?YE;18.02.2026 22:48;95.00
86937764;86937764;;ADET;Ean 8;S?GARA MARLBORO EDGE SKY;120.00 TL;;;TÜRK?YE;6.08.2026 09:12;110.00
8,69297E+12;8,69297E+12;;ADET;Ean 13;ÜLKER L?NK ?ÇECEK ?EFTAL? 200GR;20.00 TL;May.80;;TÜRK?YE;7.11.2025 11:13;15.00
8,68132E+12;8,68132E+12;-1;ADET;Ean 13;SÜTA? TEREYA? YAYIK 225 GR;225.00 TL;70.00;;TÜRK?YE;3.04.2026 19:36;159.50
8,68132E+12;8,68132E+12;;ADET;Ean 13;SÜTA? TEREYA?I 200 GR;160.00 TL;62.00;;TÜRK?YE;21.01.2026 14:20;115.00
8,69057E+12;8,69057E+12;;ADET;Ean 13;L?PTON ?CE TEA 1LT KARPUZ ;70.00 TL;23.50;;TÜRK?YE;22.07.2026 12:13;65.00
8,69057E+12;8,69057E+12;;ADET;Ean 13;L?PTON ?CE TEA 1.5LT NANE VE KARPUZ;80.00 TL;30.00;;TÜRK?YE;22.07.2026 12:13;75.00
8,69062E+12;8,69062E+12;;ADET;Ean 13;C?PS ÇOKLU PAKET RUFFLES 3 LÜ;45.00 TL;;;TÜRK?YE;15.01.2026 12:47;18.00
8,69062E+12;8,69062E+12;;ADET;Ean 13;C?PS ÇOKLU PAKET CHEETOS 3 LÜ;45.00 TL;;;TÜRK?YE;15.01.2026 12:47;18.00
8,6905E+12;8,6905E+12;-3;ADET;Ean 13;ÜLKER D?DO KARE 55,5GR;50.00 TL;;;TÜRK?YE;12.01.2026 10:12;45.00
8,6905E+12;8,6905E+12;-3;ADET;Ean 13;ÜLKER DANKEK TART  KEK Ç?LEKL? M?N? 150 GR;60.00 TL;;;TÜRK?YE;25.11.2025 13:05;50.00
8,6905E+12;8,6905E+12;;ADET;Ean 13;ÜLKER HANIMELLER ASORT? PO?ET 150GR;50.00 TL;;;TÜRK?YE;28.10.2025 13:08;40.00
8,691E+12;8,691E+12;;ADET;Ean 13;YURT MISIR KONSERVES? 3*220GR;65.00 TL;;;TÜRK?YE;21.04.2024;
8,69051E+12;8,69051E+12;;ADET;Ean 13;TUKA? MISIR 3 AL 2 ODE 150 *3 G;90.00 TL;;;TÜRK?YE;21.04.2024;
8,69056E+12;8,69056E+12;;ADET;Ean 13;DARDANEL TON KLAS?K 140*4;425.00 TL;;;TÜRK?YE;4.01.2025 19:04;385.00
8,69056E+12;8,69056E+12;;ADET;Ean 13;DARDANEL TON BALIGI 75*4 GR 3+1;275.00 TL;;;TÜRK?YE;4.01.2025 19:05;195.00
8,69056E+12;8,69056E+12;;ADET;Ean 13;DARDANEL EKONOM?K TON 75*4;215.00 TL;;;TÜRK?YE;4.01.2025 19:06;175.00
8,69056E+12;8,69056E+12;;ADET;Ean 13;DARDANEL KLAS?K 140*2;325.00 TL;;;TÜRK?YE;4.01.2025 19:08;299.00
8,69056E+12;8,69056E+12;;ADET;Ean 13;TONLA 75*3;90.00 TL;;;TÜRK?YE;21.04.2024;
8,69056E+12;8,69056E+12;;ADET;Ean 13;TONLA MISIRLI TON150 GR;89.00 TL;;;TÜRK?YE;21.04.2024;
8,69056E+12;8,69056E+12;;ADET;Ean 13;TOMLA FASULYEL? TON 150GR;89.00 TL;;;TÜRK?YE;21.04.2024;
8,68229E+12;8,68229E+12;;ADET;Ean 13;B?Z?M BULYON ET SUYU 12'L? 120GR;75.00 TL;;;TÜRK?YE;18.08.2026 13:47;60.00
8,68229E+12;8,68229E+12;-1;ADET;Ean 13;B?Z?M MUTFAK TAVUK BULYON 120GR;75.00 TL;;;TÜRK?YE;18.08.2026 13:47;60.00
8,69058E+12;8,69058E+12;;ADET;Ean 13;ANKARA ?RM?K 500 GR;50.00 TL;;;TÜRK?YE;2.02.2025 20:36;35.00
8,69138E+12;8,69138E+12;;ADET;Ean 13;B?Z?M ÇORBA EZOGEL?N 80GR;50.00 TL;;;TÜRK?YE;18.08.2026 13:46;42.50
8,69138E+12;8,69138E+12;;ADET;Ean 13;B?Z?M ÇORBA ?EHR?YEL? TAVUK 51GR;50.00 TL;;;TÜRK?YE;18.08.2026 13:46;42.50
8,69138E+12;8,69138E+12;;ADET;Ean 13;B?Z?M ÇORBA TARHANA 65GR;50.00 TL;;;TÜRK?YE;18.08.2026 13:46;42.50
8,69138E+12;8,69138E+12;;ADET;Ean 13;B?Z?M ÇORBA KREMALI MANTAR 65GR;50.00 TL;;;TÜRK?YE;18.08.2026 13:46;42.50
8,69138E+12;8,69138E+12;;ADET;Ean 13;B?Z?M ÇORBA ??KEMBE 65GR;50.00 TL;;;TÜRK?YE;18.08.2026 13:46;42.50
8,69138E+12;8,69138E+12;;ADET;Ean 13;B?Z?M ÇORBA KREMALI TAVUK 62GR;50.00 TL;;;TÜRK?YE;18.08.2026 13:46;42.50
8,69138E+12;8,69138E+12;;ADET;Ean 13;B?Z?M ÇORBA YAYLA 80GR;50.00 TL;;;TÜRK?YE;18.08.2026 13:45;42.50
8,6905E+12;8,6905E+12;;ADET;Ean 13;ÜLKER KAKAO 50GR;60.00 TL;;;TÜRK?YE;11.01.2026 22:55;50.00
8,6905E+12;8,6905E+12;-1;ADET;Ean 13;ÜLKER DAMLA Ç?KOLATA;160.00 TL;;;TÜRK?YE;11.01.2026 22:53;120.00
8,69064E+12;8,69064E+12;-4;ADET;Ean 13;TAT DOMATES SALCA TNK 1KG 24LU;125.00 TL;;;TÜRK?YE;26.09.2025 21:09;60.00
8,69051E+12;8,69051E+12;;ADET;Ean 13;TUKA? DOMATES SALÇASI 830GR;55.00 TL;;;8,69011E+12;14.06.2025 15:24;50.00
8,69064E+12;8,69064E+12;-2;ADET;Ean 13;TAT DOMATES SALÇASI TENEKE 430 GR;60.00 TL;;;TÜRK?YE;26.09.2025 21:09;49.00
8,69171E+12;8,69171E+12;-1;ADET;Ean 13;BISCOLATA STIX SUTLU CIKOLATALI 40 GR;30.00 TL;;;TÜRK?YE;21.04.2024;
8,69171E+12;8,69171E+12;;ADET;Ean 13;B?SCOLATA STIX KARAMEL PARÇACIKLI 36GR;30.00 TL;;;TÜRK?YE;21.04.2024;
7,45125E+11;7,45125E+11;;ADET;Code 39;MENTOL M?X;25.00 TL;;;TÜRK?YE;21.04.2024;
8,00148E+12;8,00148E+12;-6;ADET;Ean 13;ACE KLAS?K 1 LT;79.00 TL;;;TÜRK?YE;21.04.2024;
9,0001E+12;9,0001E+12;;ADET;Ean 13;VERNEL MAX 1440ML TAZE GÜL;135.00 TL;;;TÜRK?YE;8.11.2024 13:15;95.00
9,0001E+12;9,0001E+12;;ADET;Ean 13;VERNEL MAX 1440ML TAZE LALE;135.00 TL;;;TÜRK?YE;8.11.2024 13:15;95.00
8,00148E+12;8,00148E+12;;ADET;Ean 13;ACE 1 LT KLASIK;69.00 TL;;;TÜRK?YE;15.06.2025 17:51;50.00
8,69302E+12;8,69302E+12;;ADET;Ean 13;SIR YA? SÖKÜCÜ 750ML;90.00 TL;;;TÜRK?YE;21.04.2024 14:02;
8,69057E+12;8,69057E+12;;ADET;Ean 13;FINISH PARLATICI 400GR SIVI LIMONLU;70.00 TL;;;TÜRK?YE;26.04.2024 12:30;1.00
8,69057E+12;8,69057E+12;;ADET;Ean 13;FINISH TUZ 1,5KG;100.00 TL;;;TÜRK?YE;22.04.2024 17:19;
8,69057E+12;8,69057E+12;;ADET;Ean 13;CALGON TOZ 500GR;175.00 TL;;;TÜRK?YE;23.04.2024 11:16;
8,69534E+12;8,69534E+12;;ADET;Ean 13;BA?CI ZEYT?N 200GR;110.00 TL;;;TÜRK?YE;4.06.2026 11:08;100.00
8,69534E+12;8,69534E+12;;ADET;Ean 13;BA?CI Ç?Z?K YE??L ZEYT?N 200 GR;110.00 TL;;;TÜRK?YE;4.06.2026 11:08;100.00
8,6901E+12;8,6901E+12;;ADET;Ean 13;MARMARABIRLIK ZEYTIN 800 GR ELIT VAKUMLU;195.00 TL;;;TÜRK?YE;21.04.2024;
8,69741E+12;8,69741E+12;;ADET;Ean 13;ONUR DOGAL YA?LI S?YAH ZEYT?N;100.00 TL;;;TÜRK?YE;21.04.2024;
8,68351E+12;8,68351E+16;;ADET;Code 128;ÜLKER ALBEN? CAPPUC?NO 36 GR;10.00 TL;;;;21.04.2024 13:39;
8,69063E+12;8,69063E+12;;ADET;Ean 13;VEFA S?RKE ÜZÜM 500ML;75.00 TL;;;TÜRK?YE;21.04.2024;
8,69335E+12;8,69335E+12;;ADET;Ean 13;DO?ANAY  NARE BEYAZ S?RKE 1L;35.00 TL;;;TÜRK?YE;21.04.2024;
8,69335E+12;8,69335E+12;;ADET;Ean 13;DO?ANAY ELMA S?RKES? 500 ML;65.00 TL;;;TÜRK?YE;21.04.2024;
8,69335E+25;3,51787E+11;;ADET;Ean 13;VEFA L?MON SOSU 500 ML;30.00 TL;;;TÜRK?YE;8.08.2024 19:14;20.00
8,69741E+12;8,69741E+12;;ADET;Ean 13;V?NDU NAR EK??S? 500GR;30.00 TL;;;TÜRK?YE;21.04.2024;
8,69475E+12;8,69475E+12;;ADET;Ean 13;KEMAL KUKRER NAR EKSILI SOS 1+1 250 GR;125.00 TL;;;TÜRK?YE;21.04.2024;
8,68228E+12;8,68228E+12;;ADET;Ean 13;ELDE ISLAK HAVLU 90LI;25.00 TL;;;TÜRK?YE;20.06.2024 11:16;20.00
8,6821E+12;8,6821E+12;;ADET;Ean 13;VANESSA ISLAK HAVLU 70 L?;25.00 TL;;;TÜRK?YE;20.06.2024 11:16;17.50
8,69065E+12;8,69065E+12;;ADET;Ean 13;BEYBI MUAYENE ELDIVENI 100LU S;245.00 TL;;;TÜRK?YE;11.04.2026 00:11;150.00
8,69065E+12;8,69065E+12;;ADET;Ean 13;BEYBI ELDIVEN 100LU -M-;245.00 TL;;;TÜRK?YE;11.04.2026 00:12;150.00
8,69941E+12;8,69941E+12;;ADET;Ean 13;SERA 5 LI FIRSAT PAKETI;350.00 TL;;;TÜRK?YE;11.04.2026 00:12;225.00
4,0154E+12;4,0154E+12;;ADET;Ean 13;ORK?D ULTRA GECE 6LI;75.00 TL;;;TÜRK?YE;21.12.2025 11:23;50.00
8,69074E+12;8,69074E+12;;ADET;Ean 13;KOROPLAST BUZDOLABI POSETI BUYUK;50.00 TL;;;TÜRK?YE;11.04.2026 22:24;40.00
8,69998E+12;8,69998E+12;;ADET;Ean 13;TTR ALÜM?NYUM FOLYO;125.00 TL;;;TÜRK?YE;31.10.2025 19:39;45.00
8,69542E+12;8,69542E+12;;ADET;Ean 13;GREEN ALUMINYUM FOLYO 10MT.;45.00 TL;;;TÜRK?YE;21.04.2024;
8,69941E+12;8,69941E+12;;ADET;Ean 13;SERA BUZ TORBASI 7 L?;70.00 TL;;;TÜRK?YE;21.04.2024;
8,68142E+12;8,68142E+12;;ADET;Ean 13;PRATIKON STREÇ F?LM 10M;60.00 TL;;;TÜRK?YE;31.10.2025 19:42;40.00
8,69074E+12;8,69074E+12;;ADET;Ean 13;?DEAL BUZDOLABI PO?ET? 4 AL 3 ÖDE;45.00 TL;;;TÜRK?YE;21.04.2024;
9E+12;9E+12;;ADET;Ean 13;LUKS SABUN 80GR WHITE IMPRESS;30.00 TL;16.00;;TÜRK?YE;21.04.2024;
9E+12;9E+12;-4;ADET;Ean 13;LUX SABUN 80GR MOR MAGICAL SPEEL;30.00 TL;16.00;;TÜRK?YE;21.04.2024;
9E+12;9E+12;;ADET;Ean 13;LUX SABUN 80GR SOFT TOUCH PEMBE;30.00 TL;16.00;;TÜRK?YE;21.04.2024;
9E+12;9E+12;;ADET;Ean 13;LUX SABUN 80GR VELVET TOUCH;30.00 TL;16.00;;TÜRK?YE;21.04.2024;
9E+12;9E+12;;ADET;Ean 13;LUX SABUN 80GR AQUA SPARKLE;30.00 TL;16.00;;TÜRK?YE;21.04.2024;
8,69743E+12;8,69743E+12;;ADET;Ean 13;TEX DOLAP & CEKMECE KOKUSU MARSILYA SAB.21 GR TDK0;40.00 TL;;;Afganistan;13.06.2025 21:24;20.00
8,69743E+12;8,69743E+12;;ADET;Ean 13;TEX DOLAP & CEKMECE KOKUSU LAVANTA KES.21 GR TDK00;40.00 TL;;;Afganistan;13.06.2025 21:24;20.00
8,69743E+12;8,69743E+12;;ADET;Ean 13;TEX DOLAP & CEKMECE KOKUSU MANOLYA FER.21 GR TDK00;40.00 TL;;;Afganistan;13.06.2025 21:24;20.00
8,69762E+12;8,69762E+12;;ADET;Ean 13;MAG?C SAVER BAG VAKUMLU PO?ET;99.00 TL;;;Afganistan;21.04.2024;
8,69011E+12;8,69011E+12;;ADET;Ean 13;ÇAYKUR SÜZME PO?ET 100LU BARDAK;250.00 TL;;;TÜRK?YE;21.07.2026 16:03;225.00
8,69064E+12;8,69064E+12;;ADET;Ean 13;ÇAY L?PTON BARDAK 100'LÜ EARL GREY ;270.00 TL;;;TÜRK?YE;2.11.2025 13:11;199.00
8,69064E+12;8,69064E+12;;ADET;Ean 13;ÇAY L?PTON BARDAK 100'LÜ YELLOW;270.00 TL;;;TÜRK?YE;2.11.2025 13:11;199.00
8,69064E+12;8,69064E+12;;ADET;Ean 13;ÇAY L?PTON DEML?K 48'L? YELLOW;149.00 TL;;;TÜRK?YE;2.11.2025 13:11;119.00
8,69012E+12;8,69012E+12;;ADET;Ean 13;TORKU BANADA 400 GR;199.00 TL;;;TÜRK?YE;23.06.2026 14:52;185.00
86941402;86941402;;ADET;Ean 8;S?GARA VICEROY RED ;105.00 TL;;;TÜRK?YE;18.02.2026 22:49;95.00
4,0306E+12;4,0306E+12;;ADET;Ean 13;S?GARA POLO SLIMS GREY;67.00 TL;;;TÜRK?YE;21.04.2024;
8,69052E+12;8,69052E+12;-4;ADET;Ean 13;KENT 12429 OL?PS MENTOL;30.00 TL;;;TÜRK?YE;20.05.2026 19:11;25.00
7,62221E+12;7,62221E+12;;ADET;Ean 13;KENT OL?PS STICK 28GR EXTRA;30.00 TL;;;TÜRK?YE;20.05.2026 19:11;25.00
1,50014E+12;1,50014E+12;;ADET;Ean 13;ULUDA? FRUTT? EKSTRA ORMAN MEYVEL?  250 ML;50.00 TL;;;TÜRK?YE;20.11.2025 12:44;35.00
3,57466E+12;3,57466E+12;;ADET;Ean 13;JOHNSON'S BEBEK ?AMPUANI 750 ML;150.00 TL;;;TÜRK?YE;21.04.2024;
3,57466E+12;3,57466E+12;;ADET;Ean 13;JOHNSON'S BEBEK ?AMPUANI 200 ML;50.00 TL;;;TÜRK?YE;21.04.2024;
5,449E+12;5,449E+12;;ADET;Ean 13;COCA COLA 200ML KOLA CAM;50.00 TL;;;TÜRK?YE;21.07.2026 16:10;40.00
86944335;86944335;;ADET;Ean 8;S?GARA WINSTON SELENDER BLUE LONG;120.00 TL;;;TÜRK?YE;4.08.2026 19:13;102.00
8,69053E+12;8,69053E+12;;ADET;Ean 13;ET? Ç?KOLATA MAX?MUS LOADING ;30.00 TL;Eyl.60;;TÜRK?YE;22.04.2024;
8,69053E+12;8,69053E+12;;ADET;Ean 13;ET? Ç?KOLATA MAX?MUS SÜTLÜ 36GR;20.00 TL;Tem.60;;TÜRK?YE;22.04.2024;
8,69058E+12;8,69058E+12;;ADET;Ean 13;SÖKE UN 2 KG;99.00 TL;;;8,69011E+12;17.12.2025 08:45;95.00
8,69079E+12;8,69079E+12;;ADET;Ean 13;TADIM ANTEP FISTI?I 45GR ;125.00 TL;;;TÜRK?YE;9.09.2025 16:08;100.00
8,69079E+12;8,69079E+12;;ADET;Ean 13;TADIM ANTEP FISTI?I 90GR ;245.00 TL;;;TÜRK?YE;9.09.2025 16:08;200.00
8,69079E+12;8,69079E+12;;ADET;Ean 13;TADIM BADEM ?Ç? 45GR ;55.00 TL;;;TÜRK?YE;9.09.2025 16:07;44.00
8,69079E+12;8,69079E+12;;ADET;Ean 13;TADIM BADEM ?Ç? 90GR ;110.00 TL;;;TÜRK?YE;9.09.2025 16:06;88.00
8,69079E+12;8,69079E+12;;ADET;Ean 13;TADIM FEST?VAL 75GR ;80.00 TL;;;TÜRK?YE;13.09.2025 15:38;75.00
8,69079E+12;8,69079E+12;;ADET;Ean 13;TADIM KARNAVAL 75GR ;145.00 TL;;;TÜRK?YE;13.09.2025 16:16;135.00
8,69079E+12;8,69079E+12;;ADET;Ean 13;TADIM FEST?VAL 45GR ;50.00 TL;;;TÜRK?YE;13.09.2025 16:06;45.00
8,69079E+12;8,69079E+12;;ADET;Ean 13;TADIM KLAS?K 45GR ;40.00 TL;;;TÜRK?YE;9.09.2025 16:06;35.00
8,69079E+12;8,69079E+12;;ADET;Ean 13;TADIM KLAS?K 75 GR;60.00 TL;;;TÜRK?YE;9.09.2025 14:54;48.00
8,69079E+12;8,69079E+12;;ADET;Ean 13;TADIM FINDIK ?Ç? 90gr;170.00 TL;;;TÜRK?YE;13.09.2025 15:37;145.00
8,69079E+12;8,69079E+12;;ADET;Ean 13;TADIM CEV?Z ?Ç? 70GR ;95.00 TL;;;TÜRK?YE;9.09.2025 14:52;72.00
8,69079E+12;8,69079E+12;;ADET;Ean 13;TADIM KAJU FISTI?I 75GR ;70.00 TL;;;TÜRK?YE;9.09.2025 14:52;65.00
8,69079E+12;8,69079E+12;;ADET;Ean 13;TADIM KABAK ÇEK?RDE?? 40GR ;27.00 TL;;;TÜRK?YE;9.09.2025 14:52;23.00
8,69079E+12;8,69079E+12;;ADET;Ean 13;TADIM KABAK ÇEK?RDE?? 80GR ;54.00 TL;;;TÜRK?YE;17.02.2026 13:06;47.00
8,69079E+12;8,69079E+12;;ADET;Ean 13;TADIM YER FISTI?I FISTIXX RANCH SOS 75 GR;30.00 TL;;;TÜRK?YE;9.09.2025 14:52;20.00
8,69079E+12;8,69079E+12;;ADET;Ean 13;TADIM YER FISTI?I FISTIXX BARBEKÜ SOSLU 75GR ;22.00 TL;;;TÜRK?YE;9.09.2025 14:51;20.00
8,69079E+12;8,69079E+12;;ADET;Ean 13;TADIM YER FISTI?I FISTIXX ACI SOSLU 75GR;22.00 TL;;;TÜRK?YE;9.09.2025 14:51;20.00
8,69079E+12;8,69079E+12;;ADET;Ean 13;TADIM YER FISTI?I FISTIXX EK?? KREMA SO?AN ÇE?N?L? 60GR;22.00 TL;;;TÜRK?YE;9.09.2025 14:51;20.00
8,69079E+12;8,69079E+12;;ADET;Ean 13;TADIM YER FISTI?I FISTIXX KLAS?K TUZLU 75GR ;22.00 TL;;;TÜRK?YE;9.09.2025 14:51;20.00
8,69079E+12;8,69079E+12;-1;ADET;Ean 13;TADIM YER FISTI?I ??LENM?? 45GR;23.00 TL;;;TÜRK?YE;9.09.2025 14:51;20.00
8,69079E+12;8,69079E+12;;ADET;Ean 13;TADIM KOKTEYL 75 GR;80.00 TL;;;TÜRK?YE;13.09.2025 16:14;70.00
8,69079E+12;8,69079E+12;-12;ADET;Ean 13;TADIM TUZLU YER FISTI?I 90GR ;45.00 TL;;;TÜRK?YE;9.09.2025 14:48;32.00
8,69079E+12;8,69079E+12;-12;ADET;Ean 13;TADIM TUZLU YER FISTI?I 45GR ;23.00 TL;;;TÜRK?YE;9.09.2025 14:48;16.00
8,69079E+12;8,69079E+12;-2;ADET;Ean 13;TADIM KLAS?K 180GR ;145.00 TL;;;TÜRK?YE;13.09.2025 16:11;125.00
8,69079E+12;8,69079E+12;-2;ADET;Ean 13;TADIM YER FISTI?I KAVRULMU? 180 GR;90.00 TL;;;TÜRK?YE;9.09.2025 14:47;40.00
8,69079E+12;8,69079E+12;;ADET;Ean 13;TADIM FEST?VAL 180GR ;235.00 TL;;;TÜRK?YE;13.09.2025 16:06;195.00
8,69079E+12;8,69079E+12;-2;ADET;Ean 13;TADIM KABAK ÇEK?RDE?? 180GR;118.00 TL;;;TÜRK?YE;17.02.2026 13:06;105.00
8,69079E+12;8,69079E+12;;ADET;Ean 13;TADIM TUZLU SARI LEBLEB? 90GR ;40.00 TL;;;TÜRK?YE;17.02.2026 13:06;35.00
8,69079E+12;8,69079E+12;;ADET;Ean 13;TADIM BEYAZ LEBLEB? 90GR ;45.00 TL;;;TÜRK?YE;9.09.2025 14:47;32.00
8,69079E+12;8,69079E+12;-1;ADET;Ean 13;TADIM Ç?FTE KAVRULMU? SARI LEBLEB? 90GR ;40.00 TL;;;TÜRK?YE;9.09.2025 14:47;30.00
8,69128E+12;8,69128E+12;;ADET;Ean 13;IPEK PAMUK 100 GR;45.00 TL;;;TÜRK?YE;22.04.2024;
8,69171E+12;8,69171E+12;;ADET;Ean 13;?ÖLEN OZMO CAILLOU KAKOLU FINDIKLI KREMALI TÜP Ç?KOLATA 35GR;30.00 TL;;;TÜRK?YE;14.10.2024 12:00;17.50
8,69171E+12;8,69171E+12;;ADET;Ean 13;OZMO CORNET 25GR CILEK KREMA DOLGULU;30.00 TL;;;TÜRK?YE;23.10.2025 13:33;25.00
8,69914E+12;8,69914E+12;;ADET;Ean 13;?ÖLEN BISCOLATA MOOD SÜTLÜ Ç?KOLATA 40GR;30.00 TL;;;TÜRK?YE;26.04.2024 10:24;
1;11143;-2;ADET;Ean 13;OZMO HOPPO CIKOLATALI KREMA DOLGULU BISKUVI 40 GR;20.00 TL;;;TÜRK?YE;14.08.2024 19:05;17.50
1;1113;-2;ADET;Ean 13;OZMO HOPPO CIKOLATALI KREMA DOLGULU BISKUVI 40 GR;20.00 TL;;;TÜRK?YE;14.08.2024 19:05;17.50
1;8,69914E+12;-2;ADET;Ean 13;OZMO HOPPO CIKOLATALI KREMA DOLGULU BISKUVI 40 GR;30.00 TL;;;TÜRK?YE;26.04.2024 11:15;
8,69171E+12;8,69171E+12;-4;ADET;Ean 13;OZMO FUN 23GR;35.00 TL;;;TÜRK?YE;23.10.2025 13:33;30.00
8,69062E+12;8,69062E+12;;ADET;Ean 13;C?PS PART? BOY LAYS BAHARAT 155GR;80.00 TL;28.50;;TÜRK?YE;6.05.2026 22:32;75.00
8,69171E+12;8,69171E+12;;ADET;Ean 13;BISKOLATA SITIX SUTLU CIKOLATALI 27.5 GR;30.00 TL;;;TÜRK?YE;22.04.2024;
8,69171E+12;8,69171E+12;-2;ADET;Ean 13;BISCOLATA STIX PIRINC PATLAKLI 34 GR;30.00 TL;;;TÜRK?YE;22.04.2024;
8,69171E+12;8,69171E+12;;ADET;Ean 13;?ÖLEN NUTYMAX FINDIK KREMALI 46GR;50.00 TL;;;TÜRK?YE;21.06.2025 21:46;35.00
8,69171E+12;8,69171E+12;;ADET;Ean 13;?ÖLEN NUTYMAX ANTEP FISTIKLI 46GR;50.00 TL;;;TÜRK?YE;22.04.2024;
8,69171E+12;8,69171E+12;;ADET;Ean 13;NUTYMAX EKSTRA FINDIK 40 GR;50.00 TL;;;TÜRK?YE;21.06.2025 21:46;35.00
8,69914E+12;8,69914E+12;;ADET;Ean 13;?ÖLEN BOMBASTIC KEK 40 GR;30.00 TL;;;TÜRK?YE;20.12.2025 11:59;25.00
8,69914E+12;8,69914E+12;;ADET;Ean 13;?ÖLEN BOOM BASTIC 40GR;30.00 TL;;;Afganistan;20.12.2025 11:59;25.00
8,69743E+12;8,69743E+12;;ADET;Ean 13;SU SIRMAKE? 0.5L;10.00 TL;;;TÜRK?YE;15.08.2024 15:17;Tem.50
8,69011E+12;8,69011E+12;;ADET;Ean 13;B?RYA? AYÇ?ÇEK YA?I 5LT TENEKE;549.00 TL;;;TÜRK?YE;5.06.2026 11:49;535.00
86940863;86940863;;ADET;Ean 8;S?GARA TEKEL 2000 KIRMIZI UZUN;100.00 TL;;;TÜRK?YE;18.02.2026 22:49;90.00
4,0306E+12;4,0306E+12;;ADET;Ean 13;S?GARA WEST NAVY;97.00 TL;;;TÜRK?YE;23.10.2025 14:01;84.00
4,0306E+12;4,0306E+12;;ADET;Ean 13;S?GARA WEST GRI;97.00 TL;;;TÜRK?YE;23.10.2025 14:01;84.00
8,69079E+12;8,69079E+12;;ADET;Ean 13;SU ER?KL? 1LT;30.00 TL;;;TÜRK?YE;5.09.2025 13:53;25.00
8,69077E+12;8,69077E+12;-3;ADET;Ean 13;SÜTA? ÜÇGEN PEYN?R 8'L?;50.00 TL;22.00;;TÜRK?YE;4.05.2026 09:27;45.00
86941433;86941433;;ADET;Ean 8;S?GARA TEKEL 2001 MAVI UZUN;105.00 TL;;;TÜRK?YE;18.02.2026 22:49;95.00
8,68243E+12;8,68243E+12;;ADET;Ean 13;CAPO NARCISO FINDIK 60G*12;50.00 TL;;;TÜRK?YE;20.09.2024 14:51;45.00
4,77061E+12;4,77061E+12;;ADET;Ean 13;4,77061E+12;20.00 TL;;;TÜRK?YE;23.04.2024;
5,90095E+12;5,90095E+12;;ADET;Ean 13;WH?SKAS KED? MAMASI TAVUKLU 85GR;40.00 TL;;;TÜRK?YE;7.05.2025 00:13;30.00
5,90095E+12;5,90095E+12;;ADET;Ean 13;WH?SKAS TAVUKLU 400 GR;160.00 TL;;;TÜRK?YE;7.05.2025 00:13;100.00
5,90095E+12;5,90095E+12;;ADET;Ean 13;WH?KAS SI?IRLI GR;140.00 TL;;;TÜRK?YE;11.04.2026 22:27;130.00
8,69297E+12;8,69297E+12;;ADET;Ean 13;KOM?L? TUVALET KA?IDI KONFOR 12'L?;139.00 TL;;;TÜRK?YE;20.09.2024 13:20;125.00
40084725;40084725;-5;ADET;Ean 8;KINDER SUT DILIMI;30.00 TL;;;TÜRK?YE;27.02.2025 15:18;15.00
4,0084E+12;4,0084E+12;;ADET;Ean 13;KINDER PINGUI 30 GR;30.00 TL;18.75;;TÜRK?YE;28.11.2025 09:45;25.00
8,6919E+12;8,6919E+12;-1;ADET;Ean 13;KOTEX ULTRA NORMAL 24 LU;175.00 TL;;;TÜRK?YE;20.12.2025 20:51;160.00
8,6919E+12;8,6919E+12;;ADET;Ean 13;KOTEX ULTRA SUPER EKO.UZUN 4 LU 18 LI;175.00 TL;;;TÜRK?YE;11.04.2026 22:28;120.00
8,69771E+12;8,69771E+12;-1;ADET;Ean 13;ASPEROX MAV? GÜÇ 1000ML;135.00 TL;;;TÜRK?YE;1.11.2025 10:56;99.00
8,69054E+12;8,69054E+12;;ADET;Ean 13;BINGO 750GR ÇAMASIR SUYU FERAHLATAN;39.00 TL;;;TÜRK?YE;23.04.2024;
8,69432E+12;8,69432E+12;;ADET;Ean 13;TETIK DOMESTOS 800GR;50.00 TL;;;TÜRK?YE;1.06.2025 12:56;34.00
8,69054E+12;8,69054E+12;;ADET;Ean 13;BINGO SOFT 1 KG LOVELY;79.00 TL;;;TÜRK?YE;23.04.2024;
8,6935E+12;8,6935E+12;;ADET;Ean 13;AJAX FABULOSO 900 ML CICEK;119.00 TL;;;TÜRK?YE;23.04.2024;
8,6935E+12;8,6935E+12;;ADET;Ean 13;AJAX FABULOSO 1000ML YUZEY TEM LAVANTA;119.00 TL;;;TÜRK?YE;23.04.2024;
8,69064E+12;8,69064E+12;;ADET;Ean 13;C?F KREM 500ML LIMON;75.00 TL;;;TÜRK?YE;8.10.2025 12:46;60.00
8,69064E+12;8,69064E+12;;ADET;Ean 13;YUMOS EXTRA 1200ML PAMUK CICEGI VE VANILYA;220.00 TL;;;TÜRK?YE;11.04.2026 22:30;145.00
8,69064E+12;8,69064E+12;;ADET;Ean 13;YUMO? EXTRA 1200ML PURE SENSITIVE HASSAS CILTLER;220.00 TL;;;TÜRK?YE;6.11.2025 10:00;195.00
8,69064E+12;8,69064E+12;;ADET;Ean 13;YUMO? EXTRA 1220ML Ç?ÇEK BAHÇES?;220.00 TL;;;TÜRK?YE;6.11.2025 10:00;195.00
8,69771E+12;8,69771E+12;;ADET;Ean 13;ASPEROX YÜZEY TEM?ZLEY?C?;90.00 TL;;;TÜRK?YE;23.04.2024;
8,69771E+12;8,69771E+12;;ADET;Ean 13;ASPEROX YÜZEY TEM?ZLEY?C? GÜN I?I?I;90.00 TL;;;TÜRK?YE;23.04.2024;
8,6974E+12;8,6974E+12;;ADET;Ean 13;KOM?L? 3LT SIVI SABUN LAVANTA;140.00 TL;48.00;;TÜRK?YE;7.12.2025 16:47;120.00
80908432;80908432;;ADET;Ean 8;BIG BABOL 90GR FANTASTIC WORLD SAKIZ;40.00 TL;;;TÜRK?YE;23.04.2024;
8,69053E+12;8,69053E+12;;ADET;Ean 13;ET? BROWN? ?NTENSE M?N? KAKAOLU 160GR;90.00 TL;;;TÜRK?YE;19.01.2026 23:02;80.00
8,69121E+12;8,69121E+12;;ADET;Ean 13;ST?L AYAKKABI BOYASI KOYU KAHVE 60GR;35.00 TL;;;TÜRK?YE;24.04.2024;
8,69121E+12;8,69121E+12;;ADET;Ean 13;ST?L AYAKKABI BOYASI 60GR SIYAH;40.00 TL;;;TÜRK?YE;24.04.2024;
8,69121E+12;8,69121E+12;;ADET;Ean 13;ST?L PREM 3LU PARL SUN;15.00 TL;;;TÜRK?YE;24.04.2024;
8,69864E+12;8,69864E+12;;ADET;Ean 13;NEVATON SET BOYA 7.3 KARAMEL KUMRAL;95.00 TL;;;TÜRK?YE;24.04.2024;
8,69864E+12;8,69864E+12;;ADET;Ean 13;NEVATON SET 7.0 KUMRAL;95.00 TL;;;TÜRK?YE;24.04.2024;
8,69864E+12;8,69864E+12;;ADET;Ean 13;NEVATON SET BOYA 6.0 KOYU KAHVE;95.00 TL;;;TÜRK?YE;24.04.2024;
8,69864E+12;8,69864E+12;;ADET;Ean 13;NEVATON SAC BOYASI GUMUS RUYA;95.00 TL;;;TÜRK?YE;24.04.2024;
8,69864E+12;8,69864E+12;;ADET;Ean 13;NEVACOLOR PREMIUM SAC BOYASI MIX;95.00 TL;;;TÜRK?YE;24.04.2024;
8,69864E+12;8,69864E+12;;ADET;Ean 13;NEVACOLOR PREMIUM SAC BOYASI MIX;95.00 TL;;;TÜRK?YE;24.04.2024;
8,69864E+12;8,69864E+12;;ADET;Ean 13;NEVATON SET 7.7 KARAMEL KAHVE;95.00 TL;;;TÜRK?YE;24.04.2024;
8,69864E+12;8,69864E+12;;ADET;Ean 13;NEVATON SAC BOYASI 8.11 ACIK KUM.YOG.KULLU;95.00 TL;;;TÜRK?YE;24.04.2024;
8,69864E+12;8,69864E+12;;ADET;Ean 13;NEVATON SET 8.3 ALTIN SARISI;95.00 TL;;;TÜRK?YE;24.04.2024;
86939775;86939775;;ADET;Ean 8;S?GARA MONTE CARLO SLENDER DARK BLUE;100.00 TL;;;TÜRK?YE;16.02.2026 19:08;90.00
4,06146E+12;4,06146E+12;;ADET;Ean 13;NUSSKNACKER 100G;195.00 TL;;;TÜRK?YE;24.04.2024;
8,6974E+12;8,6974E+12;;ADET;Ean 13;KOM?L? YUVAM PEÇETE 100'LÜ;30.00 TL;;;TÜRK?YE;22.06.2026 11:45;308,692,971,762,241.00
8,69297E+12;8,69297E+12;;ADET;Ean 13;KOM?L? YUVAM HAVLU KA?IT 6'LI;195.00 TL;;;TÜRK?YE;18.08.2026 14:42;179.00
8,69297E+12;8,69297E+12;;ADET;Ean 13;KOM?L? YUVAM TUVALET KA?IDI 8'L?;99.00 TL;;;TÜRK?YE;10.02.2025 12:54;85.00
8,69297E+12;8,69297E+12;;ADET;Ean 13;KOM?L? YUVAM TUVALET KA?IDI 24'LÜ;210.00 TL;;;TÜRK?YE;15.08.2024 15:53;2,108,692,971,762,130.00
8,69297E+12;8,69297E+12;;ADET;Ean 13;KOM?L? TUVALET KA?IDI;175.00 TL;;;TÜRK?YE;24.04.2024;
8,69297E+12;8,69297E+12;;ADET;Ean 13;KOM?L? KONFOR HAVLU 12'L?;245.00 TL;;;TÜRK?YE;10.02.2025 12:52;215.00
8,6905E+12;8,6905E+12;;ADET;Ean 13;ÜLKER Ç?Z? ÇITIR ATI?TIRMALIK PEYN?R SO?AN 40 GR;25.00 TL;;;TÜRK?YE;12.01.2026 11:20;20.00
6,98424E+12;6,98424E+12;;ADET;Ean 13;VMAX ELEKTRIK BANDI SIYAH;15.00 TL;;;TÜRK?YE;24.04.2024;
8,7146E+12;8,7146E+12;;ADET;Ean 13;JACOBS GOLD 2 GR 20*26;15.00 TL;;;TÜRK?YE;11.04.2026 23:42;Ara.50
8,69063E+12;8,69063E+12;;ADET;Ean 13;NESCAFE CLASSIC 2GR;15.00 TL;;;TÜRK?YE;11.04.2026 23:42;Ara.50
8,69063E+12;8,69063E+12;;ADET;Ean 13;NESCAFE GOLD 2 GR;15.00 TL;;;TÜRK?YE;11.04.2026 23:41;Ara.50
8,69861E+12;8,69861E+12;;ADET;Ean 13;BELEN?OR A?DA BEZ?;15.00 TL;;;TÜRK?YE;25.04.2024;
8,69051E+12;8,69051E+12;;ADET;Ean 13;ARKO MEN TIRAS KOPUGU FOAM 200 ML.;125.00 TL;;;TÜRK?YE;2.09.2025 16:32;120.00
8,69061E+12;8,69061E+12;;ADET;Ean 13;SESU ILIK A?DA 250ML;100.00 TL;44.95;;TÜRK?YE;11.04.2026 23:42;65.00
8,69063E+12;8,69063E+12;;ADET;Ean 13;ÇAMSAKIZI SUPER AGDA 240GR;100.00 TL;;;TÜRK?YE;25.04.2024;
8,69051E+12;8,69051E+12;;ADET;Ean 13;ARKO TIRAS KREMI 100GR EXTRA SENSITIVE;69.00 TL;;;TÜRK?YE;2.09.2025 16:31;60.00
8,69064E+12;8,69064E+12;;ADET;Ean 13;ALG?DA MAGNUM COOKIE 95ML;90.00 TL;;;TÜRK?YE;29.04.2026 09:44;85.00
8,69064E+12;8,69064E+12;-3;ADET;Ean 13;ALG?DA MAGNUM BADEM 100ML;90.00 TL;;;TÜRK?YE;29.04.2026 09:44;85.00
8,69064E+12;8,69064E+12;;ADET;Ean 13;ALG?DA MAGNUM DOUBLE CHOCOLATE 95ML;90.00 TL;;;TÜRK?YE;29.04.2026 09:44;85.00
8,69064E+12;8,69064E+12;;ADET;Ean 13;ALG?DA MAGNUM CLASSIC 100ML;90.00 TL;;;TÜRK?YE;29.04.2026 09:43;85.00
8,69064E+12;8,69064E+12;;ADET;Ean 13;ALG?DA MAGNUM DOUBLE KARADUT 95ML;90.00 TL;;;TÜRK?YE;29.04.2026 09:43;85.00
8,69064E+12;8,69064E+12;-3;ADET;Ean 13;ALG?DA MAGNUM BEYAZ 100ML;90.00 TL;;;TÜRK?YE;29.04.2026 09:43;85.00
8,68313E+12;8,68313E+12;;ADET;Ean 13;ALG?DA MAGNUM EUPHORIA L?MON AHUDUDU;90.00 TL;;;TÜRK?YE;29.04.2026 09:43;85.00
8,68313E+12;8,68313E+12;;ADET;Ean 13;ALG?DA MAGNUM CHILL YABAN MERS?N? COOKIE;90.00 TL;;;TÜRK?YE;29.04.2026 09:43;85.00
8,68313E+12;8,68313E+12;;ADET;Ean 13;ALG?DA CORNETTO D?SC ANTEP FISTIKLI 130 ML;85.00 TL;;;TÜRK?YE;2.01.2026 19:11;65.00
8,68313E+12;8,68313E+12;;ADET;Ean 13;ALG?DA MARA? USULU KORNET;65.00 TL;;;TÜRK?YE;2.01.2026 19:14;50.00
8,68313E+12;8,68313E+12;-1;ADET;Ean 13;ALG?DA CORNETTO CLASSICO Ç?LEK KAYMAK 120 ML;50.00 TL;;;TÜRK?YE;2.01.2026 19:14;40.00
8,69064E+12;8,69064E+12;;ADET;Ean 13;ALG?DA CORNETTO KAYMAK 125ML;50.00 TL;;;TÜRK?YE;2.01.2026 19:14;40.00
8,69064E+12;8,69064E+12;-1;ADET;Ean 13;ALG?DA CORNETTO CLASSICO Ç?KOLATA ;50.00 TL;;;TÜRK?YE;2.01.2026 19:14;40.00
8,68313E+12;8,68313E+12;;ADET;Ean 13;ALG?DA CORNETTO D?SC CHOCO COFFEE 130 ML;75.00 TL;;;TÜRK?YE;10.04.2026 10:57;70.00
8,68313E+12;8,68313E+12;-4;ADET;Ean 13;ALG?DA CORNETTO D?SC M?LKA 130 ML;75.00 TL;;;TÜRK?YE;10.04.2026 10:57;70.00
8,68313E+12;8,68313E+12;-5;ADET;Ean 13;ALG?DA CORNETTO D?SC KARAMELL? 130 ML;75.00 TL;;;TÜRK?YE;10.04.2026 10:57;70.00
8,68313E+12;8,68313E+12;;ADET;Ean 13;ALG?DA CORNETTO OREO 130 ML;75.00 TL;;;TÜRK?YE;10.04.2026 10:57;70.00
8,69064E+12;8,69064E+12;-1;ADET;Ean 13;ALG?DA NOGGER SANDWICH 145MKL;65.00 TL;;;TÜRK?YE;2.01.2026 19:14;50.00
8,68313E+12;8,68313E+12;;ADET;Ean 13;ALG?DA NOGGER KAYMAK Ç?KOLATA;65.00 TL;;;TÜRK?YE;2.01.2026 19:14;50.00
8,68313E+12;8,68313E+12;-10;ADET;Ean 13;ALG?DA BOOM BOOM KAKAO FINDIK;50.00 TL;;;TÜRK?YE;2.01.2026 19:15;35.00
8,68313E+12;8,68313E+12;;ADET;Ean 13;ALG?DA BOOM BOOM ALTIN KARAMEL FINDIK;50.00 TL;;;TÜRK?YE;2.01.2026 19:14;35.00
8,68313E+12;8,68313E+12;;ADET;Ean 13;ALG?DA V?ENETTA VAN?LYA ST?CK 90 ML;30.00 TL;;;TÜRK?YE;10.04.2026 10:58;25.00
8,68313E+12;8,68313E+12;-9;ADET;Ean 13;ALG?DA FR?GOLA 60 ML;40.00 TL;;;TÜRK?YE;23.05.2026 14:04;50.00
8,68313E+12;8,68313E+12;-1;ADET;Ean 13;ALG?DA M?LKA 82 ML;50.00 TL;;;TÜRK?YE;2.01.2026 19:14;40.00
8,69064E+12;8,69064E+12;;ADET;Ean 13;ALG?DA CLASSICS OREO 65 ML;20.00 TL;;;TÜRK?YE;25.12.2024 15:06;15.00
8,69064E+12;8,69064E+12;;ADET;Ean 13;ALG?DA CLASSICS ANTEP FISTIKLI 65ML;20.00 TL;;;TÜRK?YE;25.12.2024 15:07;15.00
8,69064E+12;8,69064E+12;;ADET;Ean 13;ALG?DA CLASSICS VANILYA 65ML;20.00 TL;;;TÜRK?YE;25.12.2024 15:07;15.00
8,69064E+12;8,69064E+12;;ADET;Ean 13;ALG?DA CLASSICS KAKAOLU 65GR;20.00 TL;;;TÜRK?YE;25.12.2024 15:07;15.00
8,69064E+12;8,69064E+12;-1;ADET;Ean 13;ALG?DA KEY?F 110ML KORNET;25.00 TL;;;TÜRK?YE;2.01.2026 19:15;20.00
8,69064E+12;8,69064E+12;;ADET;Ean 13;ALG?DA MARA? CUP 105ML;40.00 TL;;;TÜRK?YE;2.01.2026 19:15;30.00
8,69064E+12;8,69064E+12;;ADET;Ean 13;ALG?DA TWISTER OCEAN 56GR;15.00 TL;;;TÜRK?YE;25.12.2024 15:08;10.00
8,69064E+12;8,69064E+12;;ADET;Ean 13;ALG?DA TWISTER FORESET 56GR;15.00 TL;;;TÜRK?YE;25.12.2024 15:08;10.00
8,69064E+12;8,69064E+12;;ADET;Ean 13;ALG?DA CONBOO KAKAO VANILYA 60 ML;15.00 TL;;;TÜRK?YE;2.01.2026 19:16;10.00
8,69064E+12;8,69064E+12;;ADET;Ean 13;ALG?DA CONBOO Ç?LEK VAN?LYA 60ML;15.00 TL;;;TÜRK?YE;2.01.2026 19:16;10.00
8,68313E+12;8,68313E+12;;ADET;Ean 13;ALG?DA TW?STER COOL L?MONATA ;15.00 TL;;;TÜRK?YE;25.12.2024 15:09;10.00
8,69064E+12;8,69064E+12;;ADET;Ean 13;ALG?DA MAX GOKKUSAGI 59 ML;15.00 TL;;;TÜRK?YE;2.01.2026 19:16;10.00
8,69064E+12;8,69064E+12;;ADET;Ean 13;ALG?DA BUZ PARMAK LIMON;10.00 TL;;;TÜRK?YE;25.12.2024 15:10;Tem.50
8,69064E+12;8,69064E+12;;ADET;Ean 13;ALG?DA MAX 4 KOSE VANILYA 32GR;7.50 TL;;;TÜRK?YE;25.12.2024 15:10;5.00
8,68313E+12;8,68313E+12;;ADET;Ean 13;ALG?DA V??? 55 ML;10.00 TL;;;TÜRK?YE;2.01.2026 19:16;5.00
8,68313E+12;8,68313E+12;;ADET;Ean 13;ALG?DA MAGNUM M?N? 5 L? CLADDIC;300.00 TL;;;TÜRK?YE;2.01.2026 19:01;165.00
8,68313E+12;8,68313E+12;;ADET;Ean 13;ALG?DA MAGNUM M?N? EUPHORIA*3 L?MON AHUDUDU BADEM;325.00 TL;;;TÜRK?YE;2.01.2026 18:57;300.00
8,68313E+12;8,68313E+12;;ADET;Ean 13;ALG?DA MAGNUM M?N? 6LI DÜET;325.00 TL;;;TÜRK?YE;2.01.2026 18:57;250.00
8,69064E+12;8,69064E+12;;ADET;Ean 13;ALG?DA MAGNUM MINI PKT PRM.BADEM 345ML;325.00 TL;;;TÜRK?YE;2.01.2026 18:58;250.00
8,69064E+12;8,69064E+12;-1;ADET;Ean 13;ALG?DA KEY?F 750ML KAKAO VAN?LYA;100.00 TL;;;TÜRK?YE;2.01.2026 19:09;80.00
8,69064E+12;8,69064E+12;;ADET;Ean 13;ALG?DA KEY?F 750ML V??NE L?MON ;100.00 TL;;;TÜRK?YE;2.01.2026 19:09;80.00
8,69064E+12;8,69064E+12;-1;ADET;Ean 13;ALG?DA KEY?F 750ML FISTIK VAN?LYA;100.00 TL;;;TÜRK?YE;2.01.2026 19:09;80.00
8,69064E+12;8,69064E+12;;ADET;Ean 13;ALG?DA KEY?F 750ML VAN?LYA;100.00 TL;;;TÜRK?YE;2.01.2026 19:09;80.00
8,69064E+12;8,69064E+12;;ADET;Ean 13;ALG?DA KEY?F 1400ML FISTIK VAN?LYA KAKAO;140.00 TL;;;TÜRK?YE;2.01.2026 19:08;110.00
8,69064E+12;8,69064E+12;;ADET;Ean 13;ALG?DA KEY?F 1400 ML Ç?LEK KAKAO VAN?LYA;140.00 TL;;;TÜRK?YE;2.01.2026 19:07;110.00
8,69064E+12;8,69064E+12;;ADET;Ean 13;ALG?DA MARA? KESME 650ML;200.00 TL;;;TÜRK?YE;2.01.2026 19:03;150.00
8,69064E+12;8,69064E+12;;ADET;Ean 13;ALG?DA VIENNETTA VAN CIKO 800ML;200.00 TL;;;TÜRK?YE;2.01.2026 19:04;150.00
8,68313E+12;8,68313E+12;;ADET;Ean 13;ALG?DA CARTE DOR SELECT?ON PAT?SSER?E ?SV?ÇRE ÇIKO H?ND;295.00 TL;;;TÜRK?YE;10.04.2026 10:55;290.00
8,68313E+12;8,68313E+12;;ADET;Ean 13;CARTE DOR 800ML SELECTION MEYVE SOLENI;295.00 TL;;;TÜRK?YE;11.04.2026 22:32;
8,68313E+12;8,68313E+12;;ADET;Ean 13;ALG?DA CARTE DOR 800ML SELECTION CIKOLATA KARNAVAL;295.00 TL;;;TÜRK?YE;10.04.2026 10:55;290.00
8,68313E+12;8,68313E+12;;ADET;Ean 13;ALG?DA CARTE DOR ANTEP VAN?LYA B?TTER Ç?KOLATA 850 ML;275.00 TL;;;TÜRK?YE;10.04.2026 10:56;265.00
8,68313E+12;8,68313E+12;;ADET;Ean 13;ALG?DA CARTE DOR SELECT?ON  B?TTER VAN?LYA;295.00 TL;;;TÜRK?YE;10.04.2026 10:55;290.00
8,68313E+12;8,68313E+12;;ADET;Ean 13;ALG?DA CARTE DOR  KAKAO PARÇA Ç?KO VAN?LYA;275.00 TL;;;TÜRK?YE;10.04.2026 10:56;265.00
8,68313E+12;8,68313E+12;;ADET;Ean 13;ALG?DA CARTE DOR ?SV?ÇRE Ç?KO KARAMEL PARÇA MUZ;275.00 TL;;;TÜRK?YE;10.04.2026 10:56;265.00
8,68313E+12;8,68313E+12;;ADET;Ean 13;ALG?DA CARTE DOR BAL BADEM VAN?LYA KARAMEL;275.00 TL;;;TÜRK?YE;10.04.2026 10:56;265.00
8,68313E+12;8,68313E+12;;ADET;Ean 13;ALG?DA CARTE DOR V??NE PARÇA Ç?KO VAN?LYA B?TTER;275.00 TL;;;TÜRK?YE;10.04.2026 10:56;265.00
8,68313E+12;8,68313E+12;;ADET;Ean 13;ALG?DA MARA? USULU V??NE SADE L?MON;100.00 TL;;;TÜRK?YE;2.01.2026 19:09;80.00
8,69064E+12;8,69064E+12;;ADET;Ean 13;ALG?DA MARAS SADE CIFTE DOVULMUS 500ML;225.00 TL;;;TÜRK?YE;2.01.2026 19:02;165.00
8,69064E+12;8,69064E+12;;ADET;Ean 13;ALG?DA MARA? USULU SADE Ç?KOLATALI;200.00 TL;;;TÜRK?YE;2.01.2026 19:04;150.00
8,68313E+12;8,68313E+12;;ADET;Ean 13;ALG?DA MARA? USULU SADE ANTEP FISTIKLI;225.00 TL;;;TÜRK?YE;2.01.2026 19:03;165.00
86932936;86932936;;ADET;Ean 8;S?GARA CAMEL BLACK;120.00 TL;;;TÜRK?YE;4.08.2026 19:15;103.00
8,69053E+12;8,69053E+12;;ADET;Ean 13;ET? Ç?KOLATA CANGA WH?TE ;30.00 TL;;;TÜRK?YE;4.11.2025 10:44;25.00
8,69053E+12;8,69053E+12;;ADET;Ean 13;ET? Ç?KOLATA CANGA COOKIE;30.00 TL;;;TÜRK?YE;4.11.2025 10:44;25.00
8,69053E+12;8,69053E+12;;ADET;Ean 13;ET? Ç?KOLATA WANTED MISIR GEVREKL? KAREMELL? 22GR;15.00 TL;May.80;;TÜRK?YE;20.12.2025 11:55;Ara.50
90495526;90495526;;ADET;Ean 8;CAPPY 200ML KAYISI ;20.00 TL;7.00;;TÜRK?YE;5.06.2026 17:36;15.00
90495489;90495489;;ADET;Ean 8;CAPPY 200 ML ?EFTAL?;20.00 TL;7.00;;TÜRK?YE;5.06.2026 17:36;15.00
90495434;90495434;;ADET;Ean 8;CAPPY 200ML PORTAKAL;20.00 TL;7.00;;TÜRK?YE;5.06.2026 17:36;15.00
90338588;90338588;;ADET;Ean 8;CAPPY 200ML KARISIK;20.00 TL;7.00;;TÜRK?YE;5.06.2026 17:36;15.00
5,449E+12;5,449E+12;;ADET;Ean 13;CAPPY 1 LT SEFTALI;80.00 TL;28.00;;TÜRK?YE;4.08.2026 11:41;70.00
8,69057E+12;8,69057E+12;;ADET;Ean 13;L?PTON ?CE TEA 1LT L?MON ;70.00 TL;23.50;;TÜRK?YE;22.07.2026 12:13;65.00
8,69057E+12;8,69057E+12;;ADET;Ean 13;L?PTON ?CE TEA 1LT Ç?LEK A?KI ;70.00 TL;23.50;;TÜRK?YE;22.07.2026 12:13;65.00
8,68121E+12;8,68121E+12;;ADET;Ean 13;SLEEPY NATURAL JUMBO JUNIOR 20 LI;180.00 TL;;;TÜRK?YE;7.11.2025 13:57;165.00
8,69074E+12;8,69074E+12;;ADET;Ean 13;CAN BEBE JUMBO 6  NUMARA 17 L?;130.00 TL;;;TÜRK?YE;26.04.2024;
8,69074E+12;8,69074E+12;;ADET;Ean 13;CANPED EM?C? KÜLOT S BEDEN 9 LU;215.00 TL;;;TÜRK?YE;15.06.2025 17:54;125.00
6,5966E+12;6,5966E+12;;ADET;Ean 13;NAR TOPU BEL LASTIGI 10 MT;35.00 TL;;;TÜRK?YE;11.04.2026 23:43;25.00
8,6905E+12;8,6905E+12;-5;ADET;Ean 13;ÜLKER 9 KAT MUZLU 39GR ;15.00 TL;;;TÜRK?YE;26.04.2024;
8,69053E+12;8,69053E+12;;ADET;Ean 13;ET? CRAX PEYN?RL? 50GR;20.00 TL;;;TÜRK?YE;26.05.2026 10:03;15.00
8,69053E+12;8,69053E+12;-3;ADET;Ean 13;ET? CRAX BAHARATLI 50 GR;20.00 TL;;;TÜRK?YE;26.05.2026 10:03;15.00
8,68157E+12;8,68157E+12;;ADET;Ean 13;DRAMEX DUVAR ?ARJI;75.00 TL;;;TÜRK?YE;26.04.2024;
8,68367E+12;8,68367E+12;;ADET;Ean 13;LUCATESH M?KROFONLU KULAKLIK;100.00 TL;;;TÜRK?YE;26.04.2024;
8,6828E+12;8,6828E+12;;ADET;Ean 13;PANASON?C LED AMPUL;75.00 TL;;;TÜRK?YE;11.04.2026 22:33;65.00
8,7187E+12;8,7187E+12;;ADET;Ean 13;PHILIPS AMPUL LED 9 W;75.00 TL;;;TÜRK?YE;26.04.2024;
8,68247E+12;8,68247E+12;;ADET;Ean 13;KORÇAM LED AMPUL;40.00 TL;;;TÜRK?YE;26.04.2024;
8,68274E+12;8,68274E+12;;ADET;Ean 13;ITALYANO TIRNAK MAKASI 2LI;75.00 TL;;;TÜRK?YE;11.10.2024 22:34;50.00
8,68284E+12;8,68284E+12;;ADET;Ean 13;KOKO TURBO METAL CAKMAK;20.00 TL;;;TÜRK?YE;26.04.2024;
8,68349E+12;8,68349E+12;;ADET;Ean 13;ÇAKMAK KOKO SOFT;20.00 TL;;;TÜRK?YE;26.04.2024;
8,69628E+12;8,69628E+12;-24;ADET;Ean 13;BAM YUMURTA L BOY 15L?;100.00 TL;36.00;;TÜRK?YE;6.04.2026 15:19;105.00
8,68098E+12;8,68098E+12;-10;ADET;Ean 13;BAM YUMURTA L BOY 30LU;185.00 TL;72.00;;TÜRK?YE;6.04.2026 15:20;195.00
86941204;86941204;;ADET;Ean 8;S?GARA CAMEL YELLOW KISA SOFT;120.00 TL;;;TÜRK?YE;4.08.2026 19:15;105.00
8,69053E+12;8,69053E+12;-2;ADET;Ean 13;ET? BROWN? GOLD KAKAOLU 45GR;15.00 TL;;;TÜRK?YE;20.09.2025 22:19;Ara.50
8,69994E+12;8,69994E+12;;ADET;Ean 13;EDA BEBE BIBERON;60.00 TL;;;TÜRK?YE;26.04.2024;
8,69084E+12;8,69084E+12;;ADET;Ean 13;ÜLKER YUPO E?LENCEL? KALPER 80 G;35.00 TL;;;TÜRK?YE;5.04.2025 23:07;30.00
8,69084E+12;8,69084E+12;;ADET;Ean 13;ÜLKER YUPO JEL?BON JELLY EK?? 65 GR;35.00 TL;;;TÜRK?YE;5.04.2025 23:07;30.00
8,69084E+12;8,69084E+12;;ADET;Ean 13;ÜLKER YUPO JEL?BONE?LENCEL? KI? 80 G;35.00 TL;;;TÜRK?YE;5.04.2025 23:07;30.00
8,69084E+12;8,69084E+12;;ADET;Ean 13;ÜLKER YUPO E?LENCEL? DONDURMA 80 G;35.00 TL;;;TÜRK?YE;5.04.2025 23:07;30.00
8,69084E+12;8,69084E+12;;ADET;Ean 13;ÜLKER YUPO 10LU LOL?POP 110 G;75.00 TL;;;TÜRK?YE;1.05.2025 12:37;20.00
8,69084E+12;8,69084E+12;;ADET;Ean 13;ÜLKER YUPO KOLALI JEL?BON 80 G;35.00 TL;;;TÜRK?YE;5.04.2025 23:07;30.00
8,69084E+12;8,69084E+12;;ADET;Ean 13;ÜLKER YUPO MEYVE BAHÇES? ;35.00 TL;;;TÜRK?YE;5.04.2025 23:08;30.00
8,69084E+12;8,69084E+12;;ADET;Ean 13;ÜLKER YUPO JEL?BON AYICIK;35.00 TL;;;TÜRK?YE;5.04.2025 23:08;30.00
8,69084E+12;8,69084E+12;;ADET;Ean 13;ÜLKER YUPO SÜPER JEL? 80 G;35.00 TL;;;TÜRK?YE;5.04.2025 23:08;30.00
8,69084E+12;8,69084E+12;;ADET;Ean 13;ÜLKER YUPO JEL?BON SOLUCAN;35.00 TL;;;TÜRK?YE;5.04.2025 23:08;30.00
8,6905E+12;8,6905E+12;;ADET;Ean 13;ÜLKER YUPO JEL?BON VAMP?R D??? 80 G;35.00 TL;;;TÜRK?YE;5.04.2025 23:08;30.00
8,69084E+12;8,69084E+12;;ADET;Ean 13;ÜLKER YUPO SUPER JEL? L?MON PORTAKAL AROMALI ;35.00 TL;;;TÜRK?YE;5.04.2025 23:08;30.00
8,69084E+12;8,69084E+12;;ADET;Ean 13;ÜLKER KREMINI CANDYMINI 41GR;15.00 TL;;;TÜRK?YE;27.04.2024;
8,69077E+12;8,69077E+12;-12;ADET;Ean 13;SÜTA? YO?URT TAVA 1 KG;120.00 TL;57.90;;TÜRK?YE;4.05.2026 09:04;110.00
7,6222E+12;7,6222E+12;;ADET;Ean 13;SEVENDAYS KRUVASAN FINDIKLI 60 G;40.00 TL;;;TÜRK?YE;11.07.2026 13:01;35.00
7,6222E+12;7,6222E+12;-1;ADET;Ean 13;SEVENDAYS KRUVASAN KAKAO KREMALI 60 G;40.00 TL;;;TÜRK?YE;27.04.2024;
8,69051E+12;8,69051E+12;;ADET;Ean 13;TUKA? DOMATES SALÇASI 700G;70.00 TL;;;TÜRK?YE;13.11.2024 21:29;60.00
8,69051E+12;8,69051E+12;;ADET;Ean 13;TUKA? DOMATES SALÇASI 370GR ;55.00 TL;;;TÜRK?YE;13.11.2024 21:29;45.00
8,69051E+12;8,69051E+12;;ADET;Ean 13;TUKA? KETCAP+MAYONEZ EKONOM?K SET 700 GR;109.00 TL;;;TÜRK?YE;27.04.2024;
8,69051E+12;8,69051E+12;-1;ADET;Ean 13;TUKA? BÖ?ÜRTLEN REÇEL? 380GR;125.00 TL;;;TÜRK?YE;1.11.2025 23:49;110.00
8,69051E+12;8,69051E+12;-1;ADET;Ean 13;TUKA? AHUDUDU REÇEL? 380 GR;125.00 TL;;;TÜRK?YE;1.11.2025 23:49;110.00
8,69051E+12;8,69051E+12;;ADET;Ean 13;TUKA? Ç?LEK REÇEL? 380GR;125.00 TL;;;TÜRK?YE;1.11.2025 23:49;110.00
8,69051E+12;8,69051E+12;;ADET;Ean 13;TUKA? V??NE REÇEL? 380GR;125.00 TL;;;TÜRK?YE;1.11.2025 23:49;110.00
8,69051E+12;8,69051E+12;;ADET;Ean 13;TUKA? KAYISI REÇELI 380 GR;125.00 TL;;;TÜRK?YE;1.11.2025 23:49;110.00
8,69051E+12;8,69051E+12;;ADET;Ean 13;TUKA? BARBUNYA P?LAK? 400GR;85.00 TL;;;TÜRK?YE;12.09.2025 10:29;65.00
8,69051E+12;8,69051E+12;;ADET;Ean 13;TUKA? FASULYE P?LAK? 430GR;85.00 TL;;;TÜRK?YE;12.09.2025 10:29;65.00
8,69051E+12;8,69051E+12;;ADET;Ean 13;TUKA? TATLI B?BER SALÇASI 700 G;135.00 TL;;;TÜRK?YE;13.11.2024 21:30;120.00
8,69051E+12;8,69051E+12;;ADET;Ean 13;TUKA? KÖZLENM?? B?BER 680 GR;100.00 TL;;;TÜRK?YE;13.11.2024 21:27;85.00
8,69051E+12;8,69051E+12;;ADET;Ean 13;TUKA? KÖZLENM?? SARIMSAKSIZ PATLICAN 680 G;150.00 TL;;;TÜRK?YE;13.11.2024 21:28;67.50
8,69051E+12;8,69051E+12;-1;ADET;Ean 13;TUKA? KAHVALTILIK SOS 300 GR;75.00 TL;;;TÜRK?YE;13.11.2024 21:29;60.00
8,69051E+12;8,69051E+12;;ADET;Ean 13;TUKA? YAKAN B?BER TUR?USU 325 GR;65.00 TL;;;TÜRK?YE;13.11.2024 21:30;50.00
8,69051E+12;8,69051E+12;;ADET;Ean 13;TUKA? KORN??ON TUR?USU 370 G;80.00 TL;;;TÜRK?YE;27.04.2024;
8,69051E+12;8,69051E+12;;ADET;Ean 13;TUKA? KARI?IK TUR?U 670 GR;125.00 TL;;;TÜRK?YE;27.04.2024;
8,69051E+12;8,69051E+12;-1;ADET;Ean 13;TUKA? AJVAR SOS 350 G;60.00 TL;;;TÜRK?YE;13.11.2024 21:30;45.00
8,68091E+12;8,68091E+12;;ADET;Ean 13;INDOMIE 75G SPECIAL FLAVOUR NOODLE;25.00 TL;;;TÜRK?YE;10.08.2026 13:06;20.00
8,68091E+12;8,68091E+12;-2;ADET;Ean 13;INDOMIE 75G TAVUK AROMALI NOODLE;25.00 TL;;;TÜRK?YE;10.08.2026 13:06;20.00
8,68091E+12;8,68091E+12;;ADET;Ean 13;INDOMIE 75G SEBZE ÇE?N?L? NOODLE;25.00 TL;;;TÜRK?YE;10.08.2026 13:06;20.00
8,68091E+12;8,68091E+12;-2;ADET;Ean 13;INDOMIE BARDAK BOY KÖR?L? NOODLE 60GR ;50.00 TL;;;TÜRK?YE;17.04.2026 09:21;40.00
8,68091E+12;8,68091E+12;;ADET;Ean 13;INDOMIE BARDAK BOY SEBZEL? NOODLE 60 G;50.00 TL;;;TÜRK?YE;17.04.2026 09:20;40.00
8,68091E+12;8,68091E+12;;ADET;Ean 13;INDOMIE BARDAK BOY DANA ETL? NOODLE 60GR;50.00 TL;;;TÜRK?YE;17.04.2026 09:20;40.00
8,68091E+12;8,68091E+12;-5;ADET;Ean 13;INDOMIE BARDAK BOY TAVUKLU NOODLE 60GR;50.00 TL;;;TÜRK?YE;17.04.2026 09:20;40.00
8,68091E+12;8,68091E+12;;ADET;Ean 13;INDOMIE GURME NOODLE ACI VE BAHARATLI 80GR;30.00 TL;;;TÜRK?YE;17.04.2026 09:22;25.00
8,68091E+12;8,68091E+12;;ADET;Ean 13;INDOMIE GURME SOYA SOSLU NOODLE 80 GR;30.00 TL;;;TÜRK?YE;17.04.2026 09:22;25.00
8,6905E+12;8,6905E+12;;ADET;Ean 13;ÜLKER Ç?Z? ÇITIR 80 G;45.00 TL;;;TÜRK?YE;7.02.2026 21:43;25.00
5,449E+12;5,449E+12;;ADET;Ean 13;FANTA 1LT ;80.00 TL;22.00;;TÜRK?YE;19.08.2026 16:26;75.00
8,69297E+12;8,69297E+12;-1;ADET;Ean 13;?Ç?M ÜÇGEN PEYN?R 8L? 100GR;50.00 TL;;;TÜRK?YE;4.05.2026 09:52;45.00
8,69297E+12;8,69297E+12;;ADET;Ean 13;?Ç?M SÜZME PEYN?R 250GR;75.00 TL;;;TÜRK?YE;2.10.2025 11:42;60.00
8,69297E+12;8,69297E+12;;ADET;Ean 13;?Ç?M AYRAN 170ML;10.00 TL;;;TÜRK?YE;1.05.2025 12:38;8.00
8,69297E+12;8,69297E+12;-1;ADET;Ean 13;?Ç?M KREM PEYN?R 180 GR;65.00 TL;;;TÜRK?YE;4.05.2026 09:54;69.00
8,69297E+12;8,69297E+12;-3;ADET;Ean 13;?Ç?M SÜZME PEYN?R 500GR;145.00 TL;;;TÜRK?YE;2.10.2025 11:43;119.00
8,6905E+12;8,6905E+12;;ADET;Ean 13;?Ç?M BEYAZ PEYN?R TAM YA?LI 500GR ;129.00 TL;;;TÜRK?YE;30.10.2025 10:27;119.00
8,69297E+12;8,69297E+12;;ADET;Ean 13;?Ç?M BEYAZ PEYNIR 250GR;65.00 TL;;;TÜRK?YE;30.10.2025 10:26;52.50
8,69297E+12;8,69297E+12;-2;ADET;Ean 13;?Ç?M TAZE KA?AR 600 GR;295.00 TL;;;TÜRK?YE;30.01.2025 12:07;180.00
8,6905E+12;8,6905E+12;-2;ADET;Ean 13;?Ç?M TAZE KA?AR 400GR;235.00 TL;;;TÜRK?YE;30.10.2025 10:19;160.00
8,69297E+12;8,69297E+12;;ADET;Ean 13;?Ç?M TAZE KA?AR 200GR;125.00 TL;;;TÜRK?YE;27.06.2024 13:39;65.00
8,6905E+12;8,6905E+12;;ADET;Ean 13;?Ç?M AYRAN 1LT;50.00 TL;;;TÜRK?YE;11.04.2026 22:34;37.50
8,69297E+12;8,69297E+12;;ADET;Ean 13;?Ç?M AYRAN 2 LT;90.00 TL;;;TÜRK?YE;11.04.2026 22:35;70.00
8,6905E+12;8,6905E+12;;ADET;Ean 13;?Ç?M YO?URT 2 KG;110.00 TL;;;TÜRK?YE;16.01.2025 12:25;89.50
8,69297E+12;8,69297E+12;;ADET;Ean 13;?Ç?M YO?URT 1.2 KG;70.00 TL;;;TÜRK?YE;6.02.2025 12:28;57.50
8,69297E+12;8,69297E+12;;ADET;Ean 13;?Ç?M YO?URT 1 KG;65.00 TL;;;TÜRK?YE;6.02.2025 12:30;60.00
8,69297E+12;8,69297E+12;;ADET;Ean 13;?Ç?M YO?URT 500 GR;35.00 TL;;;TÜRK?YE;16.01.2025 12:26;27.50
86912785;86912785;-12;ADET;Ean 8;MEYÖZ 200 ML V??NEL? MEYVE SUYU;15.00 TL;;;TÜRK?YE;10.05.2025 11:29;10.00
86928465;86928465;;ADET;Ean 8;MEYÖZ 200 ML KARI?IK MEYVE SUYU;15.00 TL;Nis.81;;TÜRK?YE;10.05.2025 11:29;10.00
86912808;86912808;-1;ADET;Ean 8;MEYÖZ 200 ML ?EFTAL?L? MEYVE SUYU;15.00 TL;Nis.81;;TÜRK?YE;10.05.2025 11:29;10.00
8,69742E+12;8,69742E+12;;ADET;Ean 13;?MAMO?LU D?L?M KAVURMA 100GR;135.00 TL;100.00;;TÜRK?YE;27.04.2024;
8,68159E+12;8,68159E+12;;ADET;Ean 13;BE?LER DANA SUCUK 190GR;220.00 TL;102.00;;TÜRK?YE;19.12.2025 10:15;185.00
8,69138E+12;8,69138E+12;-2;ADET;Ean 13;B?Z?M MARGAR?N 250 GR;49.50 TL;21.66;;TÜRK?YE;18.08.2026 13:48;45.00
80135876;80135876;-3;ADET;Ean 8;NUTELLA 400 GR;235.00 TL;79.50;;TÜRK?YE;31.10.2025 14:50;215.00
8,6905E+12;8,6905E+12;;ADET;Ean 13;ÇAMLICA GAZOZ 200ML;25.00 TL;A?u.13;;TÜRK?YE;3.09.2024 14:14;Ara.50
4,00018E+12;4,00018E+12;-6;ADET;Ean 13;CAPR?SUN MULT? V?TAM?N 200 ML;25.00 TL;8.00;;TÜRK?YE;29.05.2026 11:47;20.00
8,69072E+12;8,69072E+12;;ADET;Ean 13;ULUDA? RAMAZAN ?ERBET? 1 LT;70.00 TL;23.00;;TÜRK?YE;18.03.2026 13:34;60.00
5,449E+12;5,449E+12;;ADET;Ean 13;COCA COLA 2 LT KOLA;95.00 TL;38.00;;TÜRK?YE;19.08.2026 16:21;90.00
8,69057E+12;8,69057E+12;;ADET;Ean 13;PEPS? 1LT KOLA;70.00 TL;;;TÜRK?YE;5.06.2026 11:46;65.00
8,69079E+12;8,69079E+12;;ADET;Ean 13;TADIM KAVRULMU? AY ÇEK?RDE?? 135GR ;25.00 TL;;;8,69058E+12;27.04.2024;
8,69912E+12;8,69912E+12;-1;ADET;Ean 13;JUST POWER 500 ML;40.00 TL;Ara.75;;TÜRK?YE;28.01.2025 11:56;25.00
ASASFAS;8,69011E+12;;ADET;Ean 13;ÇAYKUR BARDAK SÜZME ÇAY 25LI ;115.00 TL;;;;21.07.2026 16:03;75.00
1200;1200;;KG;Gramaj;TERAZ? BO? STOK KARTI;;;;;29.04.2024 10:55;1.00
19LUKSU;19LUKSU;;ADET;Code 39;SU 19 L?TRE;125.00 TL;;BARKODSUZ;TÜRK?YE;3.06.2026 16:44;85.00
10LUK SU;10LUK SU;;ADET;Ean 8;SU 10 L?TRE ÖZKAYNAK;90.00 TL;30.00;;TÜRK?YE;2.04.2026 16:21;80.00
1 TL;1 TL;-76,999.46;ADET;Code 39;1 TL;1.00 TL;;;TÜRK?YE;29.04.2024;
2 TL;2 TL;;ADET;Code 39;2 TL;2.00 TL;;;TÜRK?YE;29.04.2024;
3 TL;3 TL;;ADET;Code 39;3 TL;3.00 TL;;;TÜRK?YE;29.04.2024;
2.5 TL;2.5 TL;;ADET;Code 39;2.5  TL;2.50 TL;;;TÜRK?YE;29.04.2024;
BEBETO BURGER;BEBETO BURGER;;ADET;Adetli;BEBETO JEL?BON BURGER;10.00 TL;;BARKODSUZ;TÜRK?YE;27.11.2025 21:46;5.00
3.5 TL;3.5 TL;;ADET;Code 39;3.5 TL;3.50 TL;;;TÜRK?YE;29.04.2024;
0;8695258;;ADET;Code 39;0;90.00 TL;;;TÜRK?YE;9.07.2025 08:59;70.00
86912792;86912792;-5;ADET;Ean 8;MEYÖZ 200ML KAYISILI MEYVE SUYU;15.00 TL;;;TÜRK?YE;10.05.2025 11:29;10.00
8,69052E+12;8,69052E+12;-1;ADET;Ean 13;KENT TOF?TA YUM?YUM Ç?LEKL? 6.7 GR;7.50 TL;;;TÜRK?YE;29.04.2024;
8,69052E+12;8,69052E+12;;ADET;Ean 13;KENT TOF?TA YUM?YUM V??NEL? 6,7 GR;7.50 TL;;;TÜRK?YE;29.04.2024;
8,69052E+12;8,69052E+12;;ADET;Ean 13;KENT TOF?TA YUM?YUM PORTAKAL 6,7 GR;7.50 TL;;;TÜRK?YE;29.04.2024;
TROLL? JEL?BON GÖZ;TROLL? JEL?BON GÖZ;;ADET;Code 39;TROLL? JEL?BON GÖZ;40.00 TL;22.00;;TÜRK?YE;6.05.2024 21:02;35.00
8,69063E+12;8,69063E+12;;ADET;Ean 13;NESCAFE CLASS?C PO?ET 100GR;220.00 TL;30.Eki;;TÜRK?YE;29.04.2024;
8,85012E+12;8,85012E+12;;ADET;Ean 13;NESCAFE COFFEE MATE 170GR KUTU;130.00 TL;54.70;;TÜRK?YE;29.04.2024;
8,85012E+12;8,85012E+12;;ADET;Ean 13;NESCAFE COFFEE MATE 400GR KUTU;250.00 TL;111.01;;TÜRK?YE;29.04.2024;
7,6101E+12;7,6101E+12;-3;ADET;Ean 13;NESCAFE GOLD 100 GR;299.00 TL;125.19;;TÜRK?YE;29.04.2024;
8,69063E+12;8,69063E+12;;ADET;Ean 13;NESCAFE GOLD 200 GR;550.00 TL;216.44;;TÜRK?YE;29.04.2024;
8,69063E+12;8,69063E+12;;ADET;Ean 13;NESCAFE GOLD 50 GR;175.00 TL;66.18;;TÜRK?YE;29.04.2024;
8,69063E+12;8,69063E+12;-1;ADET;Ean 13;NESCAFE COFFEE MATE 200GR POSET;130.00 TL;46.20;;TÜRK?YE;30.10.2025 11:11;95.00
8,69063E+12;8,69063E+12;;ADET;Ean 13;NESCAFE CLASIC POSET 50GR;105.00 TL;30.Eki;;TÜRK?YE;29.04.2024;
86940702;86940702;-1;ADET;Ean 8;S?GARA KENT DRANGE GREY LONG;105.00 TL;;;TÜRK?YE;18.02.2026 22:49;97.00
8,69297E+12;8,69297E+12;-23;ADET;Ean 13;?Ç?M SÜT 1LT YARIM YA?LI;60.00 TL;26.00;;TÜRK?YE;29.05.2026 15:50;60.00
8,69088E+12;8,69088E+12;-2;ADET;Ean 13;YUDUM AYÇ?ÇEK YAGI 1 LT;180.00 TL;57.50;;TÜRK?YE;11.07.2026 11:13;159.00
8,69335E+12;8,69335E+12;;ADET;Ean 13;DO?ANAY ?ALGAM SUYU ACILI 1L;75.00 TL;19.58;;Afganistan;4.06.2026 11:11;65.00
8,69335E+12;8,69335E+12;;ADET;Ean 13;DO?ANAY ?ALGAM SUYU ACISIZ 1 L;75.00 TL;19.50;;Afganistan;4.06.2026 11:11;65.00
8,69064E+12;8,69064E+12;-1;ADET;Ean 13;KNORR ÇORBA EZOGEL?N;50.00 TL;17.00;;Afganistan;9.07.2026 17:17;45.00
8,69064E+12;8,69064E+12;;ADET;Ean 13;KNORR KÖFTE HARCI 82 GR;60.00 TL;26.00;;Afganistan;29.04.2024;
8,69063E+12;8,69063E+12;;ADET;Ean 13;DR. OETKER PUD?NG 120GR MUZLU;45.00 TL;19.50;;Afganistan;25.09.2025 20:59;35.00
8,6905E+12;8,6905E+12;;ADET;Ean 13;ÜLKER KAKAO 25GR;35.00 TL;10.00;;Afganistan;11.01.2026 22:55;25.00
8,69534E+12;8,69534E+12;-1;ADET;Ean 13;BA?CI ZEYT?N 200GR B?BERL?;125.00 TL;;;TÜRK?YE;4.06.2026 11:08;120.00
8,00654E+12;8,00654E+12;-1;ADET;Ean 13;G?LETTE BLUE 3 PLUS;50.00 TL;;;Afganistan;11.04.2026 22:35;45.00
8,69534E+12;8,69534E+12;-1;ADET;Ean 13;BA?CI GURME KURU SELE SIYAH ZEYTIN 400 GR.;195.00 TL;95.00;;Afganistan;4.06.2026 11:09;175.00
8,69078E+12;8,69078E+12;;ADET;Ean 13;BALKÜPÜ TOZ ?EKER 5KG;315.00 TL;172.50;;Afganistan;8.03.2026 12:42;295.00
8,69011E+12;;;ADET;[Hiçbiri];ÇAYKUR BARDAK SÜZME ÇAY 25LI ;39.50 TL;34.50;;Afganistan;13.09.2024 11:16;34.50
8,69054E+12;8,69054E+12;;ADET;Ean 13;TENO PEÇETE 100 ADET;20.00 TL;Tem.34;;8,69011E+12;19.06.2025 13:46;17.50
25;8,6974E+12;;ADET;Ean 13;KOM?L? ISLAK HAVLU 70 LI;30.00 TL;14.13;;8,69011E+12;10.02.2025 12:54;25.00
8,69074E+12;8,69074E+12;;ADET;Ean 13;?DEAL BUZDOLABI PO?ETI ORTA BOY 24*33;30.00 TL;9.00;;8,69011E+12;25.09.2025 20:54;17.50
8,69273E+12;8,69273E+12;;ADET;Ean 13;ACORD BULA?IK SUNGER?;15.00 TL;May.41;;TÜRK?YE;25.09.2025 20:54;10.00
8,69074E+12;8,69074E+12;;ADET;Ean 13;KOROPLAST P???RME KA?IDI 2L?;175.00 TL;79.00;;TÜRK?YE;11.04.2026 23:47;100.00
8,69058E+12;8,69058E+12;;ADET;Ean 13;F?L?Z MAKARNA FIRIN ;39.50 TL;15.75;;TÜRK?YE;10.03.2026 15:44;35.00
8,69745E+12;8,69745E+12;;ADET;Ean 13;WALL FLOWER ÇOP TORBASI JUMBO BOY 10 AD;37.50 TL;26.50;;TÜRK?YE;29.04.2024;
8,69071E+12;8,69071E+12;;ADET;Ean 13;ASTRA ÇÖP TORBASI KÜÇÜK BOY;30.00 TL;15.00;;TÜRK?YE;31.10.2025 10:06;25.00
8,68199E+12;8,68199E+12;;ADET;Ean 13;AT?PLAST ÇÖP TORBASI ORTA BOY;30.00 TL;15.00;;TÜRK?YE;31.10.2025 10:06;25.00
8,69753E+12;8,69753E+12;;ADET;Ean 13;STAR ÇÖP TORBASI BÜYÜK BOY;35.00 TL;15.00;;TÜRK?YE;31.10.2025 10:06;32.50
8,69745E+12;8,69745E+12;;ADET;Ean 13;WALL FLOWER ÇÖP TORBASI BATTAL BOY 10 ADET;40.00 TL;27.50;;TÜRK?YE;29.04.2024;
8,69753E+12;8,69753E+12;;ADET;Ean 13;STAR ÇÖP TORBASI BATTAL BOY;35.00 TL;22.00;;TÜRK?YE;31.10.2025 10:06;32.50
8,699E+12;8,699E+12;;ADET;Ean 13;BERRAK TUVALTE KA?IDI 32L?;275.00 TL;135.00;;TÜRK?YE;10.12.2025 22:04;225.00
8,699E+12;8,699E+12;;ADET;Ean 13;ULTRA BERRAK RULO HAVLU KA?IDI 6LI;110.00 TL;53.75;;TÜRK?YE;10.12.2025 22:03;95.00
8,68372E+12;8,68372E+12;;ADET;Ean 13;MASTER POTATO SOUR CREAM ONION 160G;115.00 TL;48.00;;TÜRK?YE;4.03.2026 11:44;100.00
8,69064E+12;8,69064E+12;-1;ADET;Ean 13;TAT KETÇAP SADE 390 GR;115.00 TL;34.50;;TÜRK?YE;15.03.2026 19:54;79.00
8,69064E+12;8,69064E+12;;ADET;Ean 13;TAT KETÇAP ACILI 390GR ;115.00 TL;34.50;;TÜRK?YE;15.03.2026 19:54;79.00
1,50014E+12;1,50014E+12;;ADET;Ean 13;ULUDA? L?MONATA 330 ML;40.00 TL;13.54;;TÜRK?YE;31.10.2025 11:28;40.00
8,00184E+12;8,00184E+12;;ADET;Ean 13;ORK?D ULTRA EXTRA TEKL?;75.00 TL;29.50;;TÜRK?YE;21.12.2025 11:24;60.00
8,69052E+12;8,69052E+12;;ADET;Ean 13;JACOBS LAHVE 3Ü1 ARADA 10LU;135.00 TL;30.00;;TÜRK?YE;11.04.2026 23:48;65.00
8,68024E+12;8,68024E+12;;ADET;Ean 13;K?DZ? SOUR ELMALI ;10.00 TL;Mar.75;;TÜRK?YE;29.04.2024;
8,68024E+12;8,68024E+12;;ADET;Ean 13;M?SKETS ?EKER VE SÜT KAPLAMALI ?EKER;10.00 TL;Mar.75;;TÜRK?YE;29.04.2024;
8,68024E+12;8,68024E+12;;ADET;Ean 13;K?DZ? SOUR PORTAKALLI ?EKER;10.00 TL;Mar.75;;TÜRK?YE;29.04.2024;
8,68024E+12;8,68024E+12;;ADET;Ean 13;K?DZ? SOUR Ç?LEKL? ?EKER;10.00 TL;Mar.75;;TÜRK?YE;29.04.2024;
7,70202E+12;7,70202E+12;;ADET;Ean 13;G?LLETTE BLUE 2 MAXIMUM TEKLI;40.00 TL;Kas.50;;Afganistan;11.04.2026 23:49;35.00
8,68196E+12;8,68196E+12;-1;ADET;Ean 13;BALONCUK KÖPÜK;25.00 TL;5.00;;Afganistan;11.04.2026 23:49;20.00
6,91582E+12;6,91582E+12;;ADET;Ean 13;AKINCI BONCUKLU TABANCA;150.00 TL;35.00;;Afganistan;26.04.2026 21:32;100.00
8,69966E+12;8,69966E+12;;ADET;Ean 13;TOYS PLASTIK OYUNCAK;50.00 TL;35.00;;Afganistan;29.04.2024;
8,68209E+12;8,68209E+12;;ADET;Ean 13;CECE BON;10.00 TL;Mar.75;;Afganistan;29.04.2024;
8,699E+12;8,699E+12;;ADET;Ean 13;BERRAK 2 L? HAVLU ;40.00 TL;;;TÜRK?YE;25.09.2025 20:55;35.00
8,68351E+12;8,68351E+12;;ADET;Ean 13;ÜLKER ÇOKOKREM  350 GR CAM;125.00 TL;;;TÜRK?YE;27.06.2026 09:26;115.00
8,69037E+12;8,69037E+12;;ADET;Ean 13;OFÇAY EFSANE F?L?Z 1 KG;230.00 TL;120.00;;TÜRK?YE;29.04.2024;
8,69072E+12;8,69072E+12;-2;ADET;Ean 13;ÇAY DO?U? TOMURCUK 100 GR;75.00 TL;26.00;;TÜRK?YE;2.11.2025 13:14;70.00
8,69853E+12;8,69853E+12;;ADET;Ean 13;SEY?DO?LU HELVA 500 GR SADE;129.00 TL;65.00;;TÜRK?YE;29.04.2024;
8,69064E+12;8,69064E+12;;ADET;Ean 13;ÇAY L?PTON 20'L? YE??L ÇAY YUMU?AK ?Ç?ML? 20GR;80.00 TL;17.00;;TÜRK?YE;11.04.2026 23:50;75.00
8,69064E+12;8,69064E+12;;ADET;Ean 13;ÇAY L?PTON 20'L? IHLAMUR ;80.00 TL;17.00;;TÜRK?YE;2.11.2025 13:11;65.00
8,69547E+12;8,69547E+12;;ADET;Ean 13;OBACAY KARADEN?Z ÇAYI FINCAN 25LI;70.00 TL;17.00;;TÜRK?YE;11.04.2026 23:50;45.00
8,62023E+11;8,62023E+12;;ADET;Ean 13;DR. LORY ANT?BAKTER?YEL EL DEZENFEKTANI;25.00 TL;19.00;;TÜRK?YE;29.04.2024;
8,68202E+11;8,68202E+12;;ADET;Ean 13;DR. LORY SIVI EL SABUNU 500 ML;25.00 TL;19.00;;TÜRK?YE;29.04.2024;
8,69853E+12;8,69853E+12;;ADET;Ean 13;SEY?DOGLU HELVA 500 GR CEV?ZL?;160.00 TL;60.00;;TÜRK?YE;28.01.2025 12:31;120.00
8,69853E+12;8,69853E+12;;ADET;Ean 13;SEY?DO?LU HELVA 175 GR KAKAOLU;50.00 TL;26.00;;TÜRK?YE;29.04.2024;
8,69853E+12;8,69853E+12;;ADET;Ean 13;SEY?DO?LU HELVA 175 GR SADE;45.00 TL;26.00;;TÜRK?YE;29.04.2024;
8,69853E+12;8,69853E+12;;ADET;Ean 13;SEY?DO?LU TAH?N 550GR B?DON;230.00 TL;90.00;;TÜRK?YE;24.09.2025 18:46;200.00
8,69853E+12;8,69853E+12;-1;ADET;Ean 13;SEY?DO?LU PEKMEZ 700GR B?DON ÜZÜM;230.00 TL;73.00;;TÜRK?YE;11.04.2026 23:51;2,345.00
8,69335E+12;8,69335E+12;;ADET;Ean 13;DO?ANAY NARE BEYAZ S?RKE 2L;55.00 TL;20.00;;TÜRK?YE;29.04.2024;
8,69064E+12;8,69064E+12;-4;ADET;Ean 13;DOMESTOS DA? ES?NT?S? 806 ML;95.00 TL;27.00;;TÜRK?YE;8.10.2025 11:51;65.00
8,68051E+12;8,68051E+12;;ADET;Ean 13;BIOBLAS BONAT?COILS GÜNLÜK ?AMPUAN SARIMSAKLI 500 ML;100.00 TL;69.00;;TÜRK?YE;29.04.2024;
8,68051E+12;8,68051E+12;;ADET;Ean 13;BIOBLAS BOTANICOILS GÜNLÜK ?AMPUAN ARGAN YA?LI 500 ML;100.00 TL;69.00;;TÜRK?YE;29.04.2024;
8,69053E+12;8,69053E+12;;ADET;Ean 13;BERRAK SALATALIK TUR?U 720ML;150.00 TL;29.00;;TÜRK?YE;6.11.2025 10:53;55.00
8,69064E+12;8,69064E+12;;ADET;Ean 13;YUMO? EXTRA 1440ML ÇAMA?IR YUMU?ATICISI YABAN? ORK?DE;220.00 TL;77.00;;TÜRK?YE;6.11.2025 10:00;195.00
8,69072E+12;8,69072E+12;;ADET;Ean 13;ÇAY DO?U? 1 KG F?L?Z;395.00 TL;125.00;;TÜRK?YE;23.06.2026 14:57;299.00
8,69072E+12;8,69072E+12;;ADET;Ean 13;ÇAY DO?U? 1 KG R?ZE;395.00 TL;125.00;;TÜRK?YE;23.06.2026 14:57;299.00
8,69062E+12;8,69062E+12;;ADET;Ean 13;OL?N AYÇ?ÇEK YA?I 2 L;125.00 TL;90.00;;TÜRK?YE;27.09.2024 09:44;115.00
8,69062E+12;8,69062E+12;;ADET;Ean 13;OL?N AYÇ?ÇEK YA?I 1 LT;65.00 TL;45.00;;TÜRK?YE;27.09.2024 09:43;60.00
8,6929E+12;8,6929E+12;;ADET;Ean 13;V?K?NG SOFT 3L TUTKULU ÇAMA?IR YUMU?ATICISI;149.00 TL;50.00;;TÜRK?YE;14.06.2025 15:31;120.00
8,6929E+12;8,6929E+12;;ADET;Ean 13;VIKING SOFT 3LT ÇAMA?IR YUMU?ATICISI ROMANT?K;149.00 TL;50.00;;TÜRK?YE;14.06.2025 15:32;120.00
8,6929E+12;8,6929E+12;;ADET;Ean 13;VIKING SOFT 3LT ÇAMA?IR YUMU?ATICISI ;149.00 TL;50.00;;TÜRK?YE;14.06.2025 15:31;120.00
8,6929E+12;8,6929E+12;;ADET;Ean 13;V?K?NG YUMU?ATICI 1440 ML BEAUTY AROMA;99.00 TL;49.00;;TÜRK?YE;14.06.2025 15:31;70.00
8,6929E+12;8,6929E+12;;ADET;Ean 13;V?K?NG YUMU?ATICI 1440 ML SENSITIVE;99.00 TL;49.00;;TÜRK?YE;14.06.2025 15:31;70.00
8,6929E+12;8,6929E+12;;ADET;Ean 13;V?K?NG YUMU?ATICI 1440 ML DUET;99.00 TL;49.00;;TÜRK?YE;14.06.2025 15:31;70.00
8,69302E+12;8,69302E+12;;ADET;Ean 13;SIR KREM 750ML L?MONLU;75.00 TL;23.00;;TÜRK?YE;23.04.2025 18:12;45.00
8,68026E+12;8,68026E+12;;ADET;Ean 13;EKOM?S BUZDOLABI PO?ET? 100'LÜ;40.00 TL;25.00;;TÜRK?YE;29.04.2024;
8,69058E+12;8,69058E+12;;ADET;Ean 13;TAMEK DOMATES SALÇASI 830 GR;50.00 TL;34.00;;TÜRK?YE;29.04.2024;
8,69771E+12;8,69771E+12;;ADET;Ean 13;PEROS SOFT ÇAMA?IR YUMU?ATICISI 960ML MAV? ORK?DE & L?LYUM AROMALI;100.00 TL;40.00;;TÜRK?YE;13.06.2025 21:23;95.00
8,69771E+12;8,69771E+12;-1;ADET;Ean 13;PEROS SOFT ÇAMA?IR YUMU?ATICISI 960 ML AMBER Ç?ÇE?? & SANDAL A?ACI;100.00 TL;40.00;;TÜRK?YE;13.06.2025 21:23;95.00
8,69771E+12;8,69771E+12;;ADET;Ean 13;PEROS SOFT ÇAMA?IR YUMU?ATICISI 960 ML YASEM?N NEROL? Ç?ÇE?? AROMALI;100.00 TL;40.00;;TÜRK?YE;13.06.2025 21:23;95.00
8,69058E+12;8,69058E+12;;ADET;Ean 13;TAMEK KETÇAP 355 G;45.00 TL;16.00;;TÜRK?YE;9.10.2024 22:24;25.00
8,69742E+12;8,69742E+12;;ADET;Ean 13;TOY JOY KARI?IK AROMALI ?EKER KAPLAMALI DRAJE ?EKER;30.00 TL;20.00;;TÜRK?YE;29.04.2024;
8,68148E+12;8,68148E+12;;ADET;Ean 13;COSBY FENOMEN EMZ?K ?EKER;25.00 TL;16.25;;TÜRK?YE;29.04.2024;
8,68244E+12;8,68244E+12;;ADET;Ean 13;C?NO KAYISI PARÇALI BÜYÜK BOY;5.00 TL;Mar.65;;TÜRK?YE;29.04.2024;
8,68319E+12;8,68319E+12;;ADET;Ean 13;C?NO PORTAKAL PARÇALI BÜYÜK BOY;15.00 TL;Mar.65;;TÜRK?YE;29.04.2024;
7,6222E+12;7,6222E+12;;ADET;Ean 13;FIRST 60DK 27GR YE??L NANE AROMALI ?EKERS?Z SAKIZ;60.00 TL;13.33;;TÜRK?YE;11.06.2026 14:38;50.00
8,6905E+12;8,6905E+12;-1;ADET;Ean 13;ÜLKER D?DO 36.5GR TR?O992921;30.00 TL;;;TÜRK?YE;19.01.2025 13:14;17.00
8,68351E+12;8,68351E+12;;ADET;Ean 13;ÜLKER D?DO TR?O 36,5G Ç?LEKL?;30.00 TL;10.00;;TÜRK?YE;20.12.2025 10:43;25.00
8,68351E+12;8,68351E+12;;ADET;Ean 13;ÜLKER D?DO TR?O 36,5G L?MON AROMALI;30.00 TL;10.00;;TÜRK?YE;20.12.2025 10:43;20.00
8,69122E+12;8,69122E+12;;ADET;Ean 13;HAR?BO JEL?BON 80GR ÇILGIN D??LER;35.00 TL;;;TÜRK?YE;6.04.2025 09:41;30.00
8,69122E+12;8,69122E+12;;ADET;Ean 13;HAR?BO JEL?BON 80GR TROPIFRUTTI;35.00 TL;;;TÜRK?YE;6.04.2025 09:41;30.00
8,69122E+12;8,69122E+12;;ADET;Ean 13;HAR?BO JEL?BON 80GR SOLUCAN;35.00 TL;;;TÜRK?YE;6.04.2025 09:41;30.00
8,69122E+12;8,69122E+12;-1;ADET;Ean 13;HAR?BO JEL?BON 70GR MIX EKS?? SOUR;40.00 TL;;;TÜRK?YE;6.04.2025 09:41;30.00
8,69084E+12;8,69084E+12;;ADET;Ean 13;ÜLKER YUPO 28G MEYVE BAHÇES?;15.00 TL;6.00;;TÜRK?YE;28.08.2024 15:32;10.00
8,69084E+12;8,69084E+12;;ADET;Ean 13;ÜLKER YUPO JEL?BON 28G AYICIK;15.00 TL;6.00;;TÜRK?YE;28.08.2024 15:30;10.00
8,69084E+12;8,69084E+12;;ADET;Ean 13;ÜLKER YUPO JEL?BON 28G KOLALI;15.00 TL;6.00;;TÜRK?YE;28.08.2024 15:30;10.00
8,69084E+12;8,69084E+12;;ADET;Ean 13;ÜLKER YUPO JEL?BON 28G SOLUCAN;15.00 TL;6.00;;TÜRK?YE;28.08.2024 15:30;10.00
8,6905E+12;8,6905E+12;;ADET;Ean 13;ÜLKER CARAM?O B?TTER BATON 32GR;20.00 TL;;;TÜRK?YE;19.01.2025 14:09;15.00
8,69746E+12;8,69746E+12;;ADET;Ean 13;GUNAYDIN 1500 GR IRI TUZ 10LU;30.00 TL;;;TÜRK?YE;12.09.2025 20:29;27.50
8,6905E+12;8,6905E+12;;ADET;Ean 13;ÜLKER ALTINBA?AK ÇÖREKOTLU;20.00 TL;;;TÜRK?YE;20.12.2025 10:42;15.00
AV?AR SODA SADE 24LÜ;AV?AR 24LÜ SADE SODA;;ADET;Code 39;SODA AV?AR SADE 24LÜ ;480.00 TL;65.00;;TÜRK?YE;22.07.2026 11:48;180.00
ÖZKAYNAK 10LT;5 TL;;ADET;Code 39;ÖZKAYNAK 10LT;80.00 TL;;BARKODSUZ;TÜRK?YE;29.11.2025 15:11;70.00
000DENEME;10 TL;;ADET;Code 39;000DENEME;10.00 TL;;;TÜRK?YE;30.04.2024;
8,69164E+12;8,69164E+12;;ADET;Ean 13;ÖZKAYNAK SODA SODA 6'LI;90.00 TL;;;TÜRK?YE;12.08.2026 17:03;60.00
8,69747E+12;8,69747E+12;;ADET;Ean 13;MARET DANA MACAR SALAM 50 GR;50.00 TL;27.57;;TÜRK?YE;10.10.2024 13:02;40.00
8,6919E+12;8,6919E+12;;ADET;Ean 13;KOTEX ULTRA NORMAL 8LI;75.00 TL;27.Tem;;TÜRK?YE;21.12.2025 11:12;60.00
8,6919E+12;8,6919E+12;;ADET;Ean 13;KOTEX ULTRA SINGLE GECE 6LI TEKL?;75.00 TL;27.75;;TÜRK?YE;21.12.2025 11:11;60.00
8,69064E+12;8,69064E+12;;ADET;Ean 13;TAT GARN?TUR 580G CAM;110.00 TL;36.50;;TÜRK?YE;12.02.2025 10:43;49.00
8,69064E+12;8,69064E+12;;ADET;Ean 13;TAT GARN?TÜR 370G;90.00 TL;27.33;;TÜRK?YE;26.12.2024 19:57;35.00
5,41355E+12;5,41355E+12;;ADET;Ean 13;K?NDER RAFFAELLO 40G;30.00 TL;22.13;;TÜRK?YE;30.04.2024;
8,6905E+12;8,6905E+12;;ADET;Ean 13;ÜLKER M?N? ALL STAR KASE 226 GR;150.00 TL;;;TÜRK?YE;1.05.2024;
8,6905E+12;8,6905E+12;;ADET;Ean 13;ÜLKER KR?SP? ÇUBUK KRAKER BAHARAT 43GR;20.00 TL;;;TÜRK?YE;12.01.2026 11:31;15.00
8,6905E+12;8,6905E+12;-3;ADET;Ean 13;ÜLKER ÇOKOKREM 400GR;125.00 TL;;;TÜRK?YE;27.06.2026 09:25;115.00
86926249;86926249;;ADET;Ean 8;ET? FORM L?MON L?FLI 50GR ;20.00 TL;;;TÜRK?YE;23.07.2025 16:05;17.50
8,68045E+12;8,68045E+12;;ADET;Ean 13;TESA CAMASIR IPI 20MT PVC KAPLI IPEK;25.00 TL;;;TÜRK?YE;1.05.2024;
8,68145E+12;8,68145E+12;;ADET;Ean 13;DOLPH?N TEM?ZL?K ELD?VEN? M;25.00 TL;;;TÜRK?YE;1.05.2024;
8,69053E+12;8,69053E+12;;ADET;Ean 13;ET? PET?TBUERRE KREMALI 270  GR;75.00 TL;;;TÜRK?YE;1.05.2024;
8,69053E+12;8,69053E+12;;ADET;Ean 13;ET? POPKEK M?N? H?ND?STAN CEV?ZL? 180GR;70.00 TL;29.60;;TÜRK?YE;23.10.2025 12:04;60.00
8,69053E+12;8,69053E+12;;ADET;Ean 13;ET?  MISIRLI BALIK KRAKER 70 GR;25.00 TL;;;TÜRK?YE;19.01.2026 23:04;20.00
8,69053E+12;8,69053E+12;;ADET;Ean 13;ET? CRAX P&S 50GR;20.00 TL;;;TÜRK?YE;23.07.2025 16:14;17.50
8,69053E+12;8,69053E+12;;ADET;Ean 13;ET? HO?BE? 40GR FINDIK KREMALI GOFRET;20.00 TL;7.00;;TÜRK?YE;19.01.2026 23:00;15.00
8,69053E+12;8,69053E+12;;ADET;Ean 13;ET? B?DOLU YER FISTIKLI 36GR;20.00 TL;;;TÜRK?YE;12.01.2025 23:14;Ara.50
8,69053E+12;8,69053E+12;;ADET;Ean 13;ET? B?DOLU KAKAOLU 36GR;20.00 TL;;;TÜRK?YE;12.01.2025 23:14;Ara.50
8,69053E+12;8,69053E+12;;ADET;Ean 13;ET? KOMBO 56GR;30.00 TL;;;TÜRK?YE;1.05.2024;
8,69053E+12;8,69053E+12;-2;ADET;Ean 13;ET? HO?BE? 142GR FINDIKLI ;60.00 TL;22.40;;TÜRK?YE;19.01.2026 22:59;50.00
8,69053E+12;8,69053E+12;-1;ADET;Ean 13;ET? HO?BE? 142GR H?ND?STAN CEV?ZL? ;60.00 TL;22.40;;TÜRK?YE;19.01.2026 22:59;50.00
8,69053E+12;8,69053E+12;;ADET;Ean 13;ET? HO?BE? 40GR Ç?LEKL? ;20.00 TL;7.00;;TÜRK?YE;19.01.2026 23:00;15.00
8,69053E+12;8,69053E+12;;ADET;Ean 13;ET? HO?BE? 40GR MUZLU KREMALI GOFRET;20.00 TL;7.00;;TÜRK?YE;19.01.2026 23:00;15.00
8,69053E+12;8,69053E+12;-1;ADET;Ean 13;ET? C?C?BEBE 230GR;55.00 TL;;;TÜRK?YE;27.04.2025 13:14;37.50
1,23E+12;1,23E+12;;ADET;Ean 13;MRBEAST BAR OR?G?NAL CHOCOLATE 60GR;300.00 TL;160.00;;TÜRK?YE;19.01.2026 11:37;200.00
1,23E+12;1,23E+12;;ADET;Ean 13;MRBEAST BAR M?LK CHOCOLATE 60 GR;300.00 TL;160.00;;TÜRK?YE;19.01.2026 11:37;200.00
8,69053E+12;8,69053E+12;;ADET;Ean 13;ET? C?C?BEBE 400GR ;110.00 TL;;;TÜRK?YE;27.04.2025 13:14;70.00
5,00011E+12;5,00011E+12;-2;ADET;Ean 13;SPR?TE 1 LT;80.00 TL;;;TÜRK?YE;19.08.2026 16:29;65.00
86940337;86940337;;ADET;Ean 8;S?GARA CAMEL SLENDER GRAY LINE;115.00 TL;;;TÜRK?YE;4.08.2026 19:15;100.00
8,69077E+12;8,69077E+12;;ADET;Ean 13;SÜTA? TATLIM PUD?NG Ç?KOLATALI 50GR;20.00 TL;Nis.80;;TÜRK?YE;5.09.2025 10:37;15.00
8,69077E+12;8,69077E+12;;ADET;Ean 13;SÜTA? TATLIM PUD?NG Ç?LEKL? 60GR ;20.00 TL;Nis.80;;TÜRK?YE;5.09.2025 10:37;15.00
8,69077E+12;8,69077E+12;;ADET;Ean 13;SÜTA? TATLIM PUD?NG MUZLU 50GR;20.00 TL;Nis.80;;TÜRK?YE;5.09.2025 10:37;15.00
8,69077E+12;8,69077E+12;-4;ADET;Ean 13;SÜTA? KREMA 200ML;80.00 TL;30.00;;TÜRK?YE;3.04.2026 22:00;70.00
8,69077E+12;8,69077E+12;;ADET;Ean 13;SÜTA? KREM PEYN?R 150G;55.00 TL;26.40;;TÜRK?YE;4.05.2026 09:27;50.00
8,69077E+12;8,69077E+12;-5;ADET;Ean 13;SÜTA? LABNE 200GR;75.00 TL;31.60;;TÜRK?YE;3.04.2026 19:36;65.00
8,69077E+12;8,69077E+12;-2;ADET;Ean 13;SÜTA? SÜT 1LT TAM YA?LI;65.00 TL;29.00;;TÜRK?YE;29.04.2026 10:22;60.00
8,68116E+12;8,68116E+12;;ADET;Ean 13;COSBY OYUNCAK TRAKTÖR ;75.00 TL;50.24;;TÜRK?YE;2.05.2024;
8,68116E+12;8,68116E+12;;ADET;Ean 13;COSBY OYUNCAK KEPÇE;90.00 TL;50.24;;TÜRK?YE;2.05.2024;
8,68116E+12;8,68116E+12;;ADET;Ean 13;COSBY OYUNCAK ÖRDEK;70.00 TL;42.78;;TÜRK?YE;2.05.2024;
8,68116E+12;8,68116E+12;;ADET;Ean 13;COSBY OYUNCAK UÇAN AT;60.00 TL;42.78;;TÜRK?YE;2.05.2024;
8,68116E+12;8,68116E+12;;ADET;Ean 13;COSBY OYUNCAK ARABA;70.00 TL;42.78;;TÜRK?YE;2.05.2024;
8,68116E+12;8,68116E+12;;ADET;Ean 13;COSBY OYUNCAK T?MSAH;70.00 TL;42.78;;TÜRK?YE;2.05.2024;
8,68116E+12;8,68116E+12;;ADET;Ean 13;COSBY OYUNCAK ARI;100.00 TL;42.78;;TÜRK?YE;2.05.2024;
8,68116E+12;8,68116E+12;;ADET;Ean 13;COSBY OYUNCAK KAPLUMBA?A;70.00 TL;42.78;;TÜRK?YE;2.05.2024;
8,68116E+12;8,68116E+12;;ADET;Ean 13;COSBY OYUNCAK V?NÇ;90.00 TL;60.00;;TÜRK?YE;2.05.2024;
8,684E+12;8,684E+12;;ADET;Ean 13;COSBY OYUNCAK M?N? CANAVAR KAMYON;80.00 TL;60.00;;TÜRK?YE;2.05.2024;
8,684E+12;8,684E+12;;ADET;Ean 13;COSBY OYUNCAK CANAVAR KAMYON;80.00 TL;60.00;;TÜRK?YE;2.05.2024;
8,69015E+12;8,69015E+12;;ADET;Ean 13;COSBY OYUNCAK D?NAZOR YUMURTASI;40.00 TL;26.70;;TÜRK?YE;2.05.2024;
8,05473E+12;8,05473E+12;;ADET;Ean 13;COSBY OYUNCAK BOOM SÜPR?Z YUMURTA;35.00 TL;18.75;;TÜRK?YE;26.08.2025 13:27;30.00
8,69015E+12;8,69015E+12;;ADET;Ean 13;BEBETO COOL BEANS FRU?T M?X;15.00 TL;Tem.20;;TÜRK?YE;26.01.2025 10:56;10.00
8,69015E+12;8,69015E+12;;ADET;Ean 13;COSBY BOX OYUNCAKLI SAKIZ;15.00 TL;A?u.50;;TÜRK?YE;2.05.2024;
8,69015E+12;8,69015E+12;;ADET;Ean 13;COSBY OYUNCAK BIX MIX ;100.00 TL;43.00;;TÜRK?YE;2.05.2024;
69046645818;69046645818;;ADET;Code 39;COSBY POMP?TA;10.00 TL;Tem.20;;TÜRK?YE;2.05.2024;
8,69015E+12;8,69015E+12;;ADET;Ean 13;BEBETO JEL?BON 80GR WORMS ;50.00 TL;14.00;;TÜRK?YE;6.04.2026 16:06;40.00
8,69015E+12;8,69015E+12;;ADET;Ean 13;BEBETO JEL?BON 80GR M?X KARI?IK;50.00 TL;14.00;;TÜRK?YE;6.04.2026 16:06;40.00
8,69015E+12;8,69015E+12;;ADET;Ean 13;BEBETO JEL?BON 80GR WATER MELON;50.00 TL;14.00;;TÜRK?YE;6.04.2026 16:06;40.00
8,69015E+12;8,69015E+12;;ADET;Ean 13;BEBETO JEL?BON 70G BERRIES;50.00 TL;14.00;;TÜRK?YE;6.04.2026 16:06;40.00
8,69015E+12;8,69015E+12;;ADET;Ean 13;BEBETO JEL?BON 80G DRINK COLA;50.00 TL;14.00;;TÜRK?YE;6.04.2026 16:06;40.00
8,69015E+12;8,69015E+12;;ADET;Ean 13;BEBETO JEL?BON 80GR ICE CREAM;50.00 TL;14.00;;TÜRK?YE;6.04.2026 16:06;40.00
8,69015E+12;8,69015E+12;;ADET;Ean 13;BEBETO JEL?BON 70GR FUNNY BEARS NE?ELI AYICIKLAR;50.00 TL;14.00;;TÜRK?YE;6.04.2026 16:06;40.00
8,69015E+12;8,69015E+12;-1;ADET;Ean 13;BEBETO JEL?BON 80GR ?EFTAL?;50.00 TL;14.00;;TÜRK?YE;6.04.2026 16:06;40.00
8,69015E+12;8,69015E+12;;ADET;Ean 13;BEBETO JEL?BON 80GR DRACOLA TEETH;50.00 TL;14.00;;TÜRK?YE;6.04.2026 16:06;40.00
8,69015E+12;8,69015E+12;;ADET;Ean 13;BEBETO JEL?BON 80G WACKY KARI?IK MEYVEL? STICK;50.00 TL;14.00;;TÜRK?YE;6.04.2026 16:06;40.00
8,69015E+12;8,69015E+12;-1;ADET;Ean 13;BEBETO JEL?BON 80GR DOUBLE JOY Ç?LEK;50.00 TL;14.00;;TÜRK?YE;6.04.2026 16:05;40.00
8,69015E+12;8,69015E+12;;ADET;Ean 13;BEBETO JEL?BON 75G SUPER BELTS;50.00 TL;14.00;;TÜRK?YE;6.04.2026 16:05;40.00
8,69015E+12;8,69015E+12;;ADET;Ean 13;BEBETO JEL?BON 80G LACES STICK;50.00 TL;14.00;;TÜRK?YE;6.04.2026 16:05;40.00
8,69015E+12;8,69015E+12;;ADET;Ean 13;BEBETO JEL?BON 80GR LOVELY FRUITS;50.00 TL;14.00;;TÜRK?YE;6.04.2026 16:05;40.00
8,69015E+12;8,69015E+12;;ADET;Ean 13;BEBETO JEL?BON JOLLY HOT DOGS;20.00 TL;Tem.20;;TÜRK?YE;26.01.2025 10:55;10.00
8,69015E+12;8,69015E+12;;ADET;Ean 13;BEBETO JEL?BON PIZZA COLA;20.00 TL;Tem.20;;TÜRK?YE;26.01.2025 10:55;10.00
8,69015E+12;8,69015E+12;;ADET;Ean 13;BEBETO JEL?BON FAST FOOD;20.00 TL;Tem.20;;TÜRK?YE;26.01.2025 10:55;10.00
8,68116E+12;8,68116E+12;;ADET;Ean 13;COSBY GAG SÜPR?Z YUMURTA;35.00 TL;A?u.20;;TÜRK?YE;26.08.2025 13:27;30.00
8,68148E+12;8,68148E+12;;ADET;Ean 13;COSBY FENOMEN ÇIRÇIR LOLL?POP;35.00 TL;25.00;;TÜRK?YE;2.05.2024;
8,68148E+12;8,68148E+12;;ADET;Ean 13;COSBY DOREM? CANDY RABB?T;25.00 TL;19.20;;TÜRK?YE;2.05.2024;
8,68148E+12;8,68148E+12;;ADET;Ean 13;BEBETO DOREM? ?CE CANDY;50.00 TL;19.00;;TÜRK?YE;6.04.2026 16:05;40.00
8,68122E+12;8,68122E+12;-1;ADET;Ean 13;COSBY FENOMEN MARSMALLOW 50GR;45.00 TL;25.00;;TÜRK?YE;2.05.2024;
8,69015E+12;8,69015E+12;;ADET;Ean 13;BEBETO JELIDO SOUR BOMB;10.00 TL;Mar.66;;TÜRK?YE;2.05.2024;
8,69015E+12;8,69015E+12;;ADET;Ean 13;BEBETO METRE SAKIZ Ç?LEKL? 40GR;25.00 TL;10.00;;TÜRK?YE;2.05.2024;
8,691E+12;8,691E+12;;ADET;Ean 13;BALPARMAK BAL 225GR;250.00 TL;82.50;;TÜRK?YE;20.09.2025 22:21;129.00
8,69057E+12;8,69057E+12;;ADET;Ean 13;L?PTON ?CE TEA 200ML MANGO VE EGZOT?K KARI?IK MEYVE AROMALI ?ÇECEK;40.00 TL;15.00;;TÜRK?YE;13.08.2025 15:26;25.00
8,69057E+12;8,69057E+12;;ADET;Ean 13;L?PTON ?CE TEA 200ML L?MON AROMALI ?ÇECEK;40.00 TL;15.00;;TÜRK?YE;2.06.2026 13:15;35.00
8,69057E+12;8,69057E+12;-1;ADET;Ean 13;L?PTON ?CE TEA 200ML ?EFTAL? AROMALI ?ÇECEK;40.00 TL;15.00;;TÜRK?YE;2.05.2024;
8,69057E+12;8,69057E+12;;ADET;Ean 13;L?PTON ?CE TEA 330ML Ç?LEK A?KI ;60.00 TL;18.60;;TÜRK?YE;2.06.2026 13:15;50.00
8,69057E+12;8,69057E+12;;ADET;Ean 13;L?PTON ?CE TEA 330ML KUTU ?EFTAL? AROMALI ?ÇECEK;60.00 TL;18.60;;TÜRK?YE;2.06.2026 13:15;50.00
8,69057E+12;8,69057E+12;;ADET;Ean 13;PEPS? 200ML KOLA;35.00 TL;15.00;;TÜRK?YE;6.08.2025 15:42;30.00
30;8,69057E+12;;ADET;Ean 13;PEPS? 330ML 7UP GAZOZ ;50.00 TL;18.60;;TÜRK?YE;31.10.2025 11:27;45.00
8,69057E+12;8,69057E+12;;ADET;Ean 13;PEPS? 330ML KUTU KOLA ZERO SUGAR;60.00 TL;18.60;;TÜRK?YE;26.04.2026 21:41;50.00
8,69057E+12;8,69057E+12;;ADET;Ean 13;PEPS? 250ML PET KOLA;35.00 TL;Eki.22;;TÜRK?YE;6.08.2025 15:45;25.00
8,69057E+12;8,69057E+12;;ADET;Ean 13;YED?GÜN 250ML PET;35.00 TL;Eki.22;;TÜRK?YE;24.09.2025 20:34;25.00
8,69057E+12;8,69057E+12;;ADET;Ean 13;FRUKO 250ML PET;35.00 TL;Eki.22;;TÜRK?YE;24.09.2025 20:34;25.00
8,69057E+12;8,69057E+12;;ADET;Ean 13;PEPS? 250ML PET;35.00 TL;Eki.22;;TÜRK?YE;6.08.2025 15:45;25.00
8,69057E+12;8,69057E+12;;ADET;Ean 13;7UP 1LT GAZOZ;60.00 TL;20.82;;TÜRK?YE;4.06.2025 10:47;35.00
8,69057E+12;8,69057E+12;;ADET;Ean 13;L?PTON ?CE TEA 1LT KARPUZ AROMALI ?ÇECEK;70.00 TL;23.50;;TÜRK?YE;22.07.2026 12:13;65.00
8,69057E+12;8,69057E+12;;ADET;Ean 13;YED?GÜN 1LT ?ÇECEK;70.00 TL;24.00;;TÜRK?YE;3.07.2026 11:24;65.00
8,69057E+12;8,69057E+12;-3;ADET;Ean 13;PEPS? 1LT KOLA ZERO SUGAR;70.00 TL;24.00;;TÜRK?YE;5.06.2026 11:47;65.00
8,69057E+12;8,69057E+12;-2;ADET;Ean 13;L?PTON ?CE TEA 1LT ?EFTAL? AROMALI ?ÇECEK;65.00 TL;23.50;;TÜRK?YE;18.03.2026 22:45;60.00
8,69057E+12;8,69057E+12;;ADET;Ean 13;FRUKO 1.5LT GAZOZ;60.00 TL;28.00;;TÜRK?YE;24.09.2025 20:34;50.00
8,69057E+12;8,69057E+12;-1;ADET;Ean 13;PEPS? 1.5LT KOLA;80.00 TL;28.00;;TÜRK?YE;5.06.2026 11:47;75.00
8,69057E+12;8,69057E+12;;ADET;Ean 13;YED?GÜN 1.5LT PORTAKAL;80.00 TL;28.00;;TÜRK?YE;3.07.2026 11:25;75.00
8,69057E+12;8,69057E+12;-1;ADET;Ean 13;L?PTON ?CE TEA 1.5LT KARPUZ AROMALI ?ÇECEK;80.00 TL;30.00;;TÜRK?YE;22.07.2026 12:13;75.00
8,69057E+12;8,69057E+12;;ADET;Ean 13;L?PTON ?CE TEA 1.5LT YE??L ÇAYLI L?MON AROMALI ?ÇECEK;80.00 TL;30.00;;TÜRK?YE;22.07.2026 12:13;75.00
8,69057E+12;8,69057E+12;-1;ADET;Ean 13;L?PTON ?CE TEA 2LT ?EFTAL?;90.00 TL;32.50;;TÜRK?YE;23.11.2025 20:38;70.00
8,69057E+12;8,69057E+12;;ADET;Ean 13;L?PTON ?CE TEA 2LT L?MON AROMALI;90.00 TL;32.50;;TÜRK?YE;18.03.2026 22:45;80.00
8,69057E+12;8,69057E+12;;ADET;Ean 13;YED?GÜN 2.5LT PORTAKAL AROMALI ?ÇECEK;95.00 TL;39.00;;TÜRK?YE;28.03.2026 01:01;90.00
8,69057E+12;8,69057E+12;;ADET;Ean 13;FRUKO 2.5LT GAZOZ;80.00 TL;38.65;;TÜRK?YE;22.09.2025 16:14;60.00
8,69057E+12;8,69057E+12;;ADET;Ean 13;PEPS? 2LT KOLA;85.00 TL;36.56;;TÜRK?YE;5.06.2026 11:47;80.00
8,69798E+12;8,69798E+12;;ADET;Ean 13;BAYEZ?T ?AHBAZ ASMA YAPRAK 500GR;149.00 TL;72.50;;TÜRK?YE;6.11.2024 21:01;90.00
8,691E+12;8,691E+12;-2;ADET;Ean 13;BALPARMAK BAL 850GR;595.00 TL;240.00;;TÜRK?YE;20.09.2025 22:21;495.00
8,69015E+12;8,69015E+12;;ADET;Ean 13;JEL?DO P?NK AND WH?TE MARSHMALLOW;10.00 TL;4.00;;TÜRK?YE;2.05.2024;
6,80678E+11;6,80678E+12;;ADET;Ean 13;PA?ABAHCE OPT?KL? ÇAY BARDA?I 12'L?;210.00 TL;75.00;;TÜRK?YE;22.05.2026 21:58;180.00
80176800;80176800;;ADET;Ean 8;NUTELLA 750GR;365.00 TL;135.00;;TÜRK?YE;8.10.2025 12:42;325.00
6,22116E+12;6,22116E+12;;ADET;Ean 13;S?GNAL BEYAZLATICI S?STEM 50GR;35.00 TL;21.25;;TÜRK?YE;2.05.2024;
8,69914E+12;8,69914E+12;;ADET;Ean 13;ÖZYURT SPOR ERKEK ÇORAP;25.00 TL;10.00;;TÜRK?YE;8.09.2024 22:20;20.00
8,69746E+12;8,69746E+12;;ADET;Ean 13;OR-BAY ERKEK ÇORABI;50.00 TL;10.00;;TÜRK?YE;2.05.2024;
3,79833E+12;3,79833E+12;;ADET;Ean 13;ÖZYURT ERKEK ÇORAP GR?;25.00 TL;10.00;;TÜRK?YE;8.09.2024 22:21;20.00
8,69064E+12;8,69064E+12;;ADET;Ean 13;KNORR ÇORBA MERCIMEK;50.00 TL;18.75;;8,69011E+12;9.07.2026 17:17;45.00
8,69051E+12;8,69051E+12;-1;ADET;Ean 13;ARKO TIRA? KOLONYASI 250ML COOL;145.00 TL;65.00;;8,69011E+12;2.05.2024;
8,68159E+12;8,68159E+12;-6;ADET;Ean 13;BE?LER P?L?Ç SOS?S 220GR;100.00 TL;45.00;;TÜRK?YE;11.08.2025 15:45;65.00
8,69153E+12;8,69153E+12;;ADET;Ean 13;MÜJDE ÇORAP LAST?KL? 57 TEN;70.00 TL;16.00;;8,69011E+12;4.12.2025 11:14;49.00
8,69199E+12;8,69199E+12;;ADET;Ean 13;FONEX JÖLE 700ML NEW (GRI) ULTRA GUCLU;100.00 TL;67.50;;TÜRK?YE;9.12.2025 16:42;90.00
8,69199E+12;8,69199E+12;;ADET;Ean 13;FONEX JOLE 700ML EXTRA SERT;100.00 TL;67.50;;TÜRK?YE;9.12.2025 16:41;90.00
8,69199E+12;8,69199E+12;;ADET;Ean 13;FONEX JÖLE 150ML YE??L;50.00 TL;19.00;;TÜRK?YE;9.12.2025 16:41;40.00
8,69199E+12;8,69199E+12;;ADET;Ean 13;FONEX SAÇ JÖLES? 150GR MAV?;50.00 TL;19.00;;TÜRK?YE;9.12.2025 16:41;40.00
8,69199E+12;8,69199E+12;;ADET;Ean 13;FONEX SAÇ JÖLES? 150GR BEYAZ;50.00 TL;19.00;;TÜRK?YE;9.12.2025 16:41;40.00
8,69199E+12;8,69199E+12;;ADET;Ean 13;FONEX SAÇ JÖLES? 150GR TURUNCU;50.00 TL;19.00;;TÜRK?YE;9.12.2025 16:40;40.00
86940559;86940559;;ADET;Ean 8;S?GARA WINSTON XSENCE BLACK;130.00 TL;64.00;;TÜRK?YE;4.08.2026 19:13;115.00
86940566;86940566;;ADET;Ean 8;S?GARA WINSTON XSENCE GRAY ;130.00 TL;64.00;;TÜRK?YE;4.08.2026 19:13;115.00
8,69046E+12;8,69046E+12;;ADET;Ean 13;VEGE KOL? BANDI 40MT;20.00 TL;14.00;;TÜRK?YE;2.05.2024;
8,69046E+12;8,69046E+12;;ADET;Ean 13;VEGE KOL? BANDI 40MT;40.00 TL;14.00;;TÜRK?YE;13.11.2024 22:22;20.00
OVA 1 UN (KG);OVA 1 UN (KG);;ADET;Ean 13;OVA 1 UN ;25.00 TL;19.00;;TÜRK?YE;2.05.2024;
8,69459E+12;8,69459E+12;;ADET;Ean 13;KENT KARBONAT 40 G;10.00 TL;May.62;;TÜRK?YE;2.05.2024;
8,69072E+12;8,69072E+12;;ADET;Ean 13;ÇAY DO?U? 1 KG KARADEN?Z;395.00 TL;110.00;;TÜRK?YE;23.06.2026 14:57;299.00
8,69072E+12;8,69072E+12;;ADET;Ean 13;ÇAY DO?U? 1KG T?RYAK?;395.00 TL;110.00;;TÜRK?YE;23.06.2026 14:57;299.00
8,69072E+12;8,69072E+12;;ADET;Ean 13;ÇAY DO?U? BLACK LABEL DEML?K PO?ET ÇAY 120'L?;225.00 TL;87.00;;TÜRK?YE;2.11.2025 13:14;199.00
8,69072E+12;8,69072E+12;;ADET;Ean 13;ÇAY DO?U? EARLY GREY DEML?K PO?ET ÇAY 120'L?;225.00 TL;87.00;;TÜRK?YE;2.05.2024;
8,69072E+12;8,69072E+12;;ADET;Ean 13;ÇAY DO?U? FORM KAYISILI 20LI;75.00 TL;22.00;;TÜRK?YE;2.11.2025 13:13;65.00
8,69072E+12;8,69072E+12;;ADET;Ean 13;ÇAY DO?U? 20'L? YE??L SADE ;75.00 TL;22.00;;TÜRK?YE;2.11.2025 13:13;65.00
8,69072E+12;8,69072E+12;;ADET;Ean 13;ÇAY DO?U? FORM ÇAY K?RAZ SAPLI;80.00 TL;22.00;;TÜRK?YE;2.11.2025 13:13;65.00
8,69072E+12;8,69072E+12;;ADET;Ean 13;ÇAY DO?U? ADAÇAYI 20'L?;75.00 TL;22.00;;TÜRK?YE;2.11.2025 13:13;65.00
8,69072E+12;8,69072E+12;;ADET;Ean 13;ÇAY DO?U? BLACK LABEL BARDAK 25'L?;75.00 TL;32.00;;TÜRK?YE;2.11.2025 13:13;65.00
8,69072E+12;8,69072E+12;-1;ADET;Ean 13;ÇAY DO?U? ROYAL BARDAK 25'L?;75.00 TL;32.00;;TÜRK?YE;2.11.2025 13:13;65.00
8,68189E+12;8,68189E+12;;ADET;Ean 13;MACRO MAX EKONOM?K TEM?ZL?K BEZ? 5 L?;29.00 TL;;;TÜRK?YE;2.05.2024;
8,68189E+12;8,68189E+12;;ADET;Ean 13;MACRO MAX M?KROF?BER CAM BEZI 2 LI;65.00 TL;;;TÜRK?YE;2.05.2024;
8,68189E+12;8,68189E+12;;ADET;Ean 13;MACRO MAX M?KROF?BER BEZ 3 LÜ EKO PAKET;80.00 TL;;;TÜRK?YE;2.05.2024;
8,68189E+12;8,68189E+12;;ADET;Ean 13;MACRO MAX S?H?RL? SÜNGER;17.50 TL;;;TÜRK?YE;2.05.2024;
8,68189E+12;8,68189E+12;;ADET;Ean 13;MACRO MAX CLEAN SÜNGER 5'L?;40.00 TL;;;TÜRK?YE;2.05.2024;
8,68189E+12;8,68189E+12;;ADET;Ean 13;MACRO MAX CLEAN INOX OVMA TEL? 3'LÜ;45.00 TL;;;TÜRK?YE;2.05.2024;
8,68189E+12;8,68189E+12;;ADET;Ean 13;MACRO MAX ÇÖP TORBASI ORTA BOY;30.00 TL;;;TÜRK?YE;31.10.2025 10:06;25.00
8,68189E+12;8,68189E+12;;ADET;Ean 13;MACRO MAX KÜÇÜK BOY ÇÖP TORBASI 30 LU;30.00 TL;;;TÜRK?YE;2.05.2024;
8,68189E+12;8,68189E+12;;ADET;Ean 13;MACRO MAX BÜZGÜLÜ ÇÖP TORBASI Ç?LEK AROMALI 15 L?;50.00 TL;;;TÜRK?YE;2.05.2024;
8,68189E+12;8,68189E+12;;ADET;Ean 13;MACRO MAX BUZDOLABI PO?ET? ORTA BOY 90 LI;55.00 TL;;;TÜRK?YE;2.05.2024;
8,68189E+12;8,68189E+12;-1;ADET;Ean 13;MACRO MAX STREÇ F?LM 33MT;90.00 TL;38.45;;TÜRK?YE;31.10.2025 19:42;50.00
8,68189E+12;8,68189E+12;;ADET;Ean 13;MACRO MAX P???RME KA?IDI 8M;55.00 TL;43.55;;TÜRK?YE;2.05.2024;
8,68064E+12;8,68064E+12;;ADET;Ean 13;CHS GROUP LÜKS KR?STAL BARDAK;35.00 TL;25.00;;TÜRK?YE;2.05.2024;
8,7146E+12;8,7146E+12;;ADET;Ean 13;JACOBS 3Ü1 ARADA;15.00 TL;May.20;;TÜRK?YE;2.05.2024;
8,7146E+12;8,7146E+12;-8;ADET;Ean 13;JACOBS 3Ü1 ARADA GOLD YUMUSAK LEZZET 18GR.1;15.00 TL;May.20;;TÜRK?YE;2.05.2024;
8,711E+12;8,711E+12;;ADET;Ean 13;JACOBS MONARCH KAHVE KAVANOZ 100GR;325.00 TL;120.00;;TÜRK?YE;2.05.2024;
8,6905E+12;8,6905E+12;;ADET;Ean 13;ÜLKER ANTEP FISTIKLI M?LFÖY 28G;20.00 TL;Eyl.60;;TÜRK?YE;2.05.2024;
8,6905E+12;8,6905E+12;;ADET;Ean 13;ÜLKER PÖT?BÖR B?SKÜV? 800G;115.00 TL;;;TÜRK?YE;12.01.2026 11:47;95.00
8,6905E+12;8,6905E+12;;ADET;Ean 13;ÜLKER HANIMELLER RULO TUZLU KURAB?YE 81 gr;25.00 TL;;;TÜRK?YE;28.10.2025 13:09;20.00
8,6905E+12;8,6905E+12;-1;ADET;Ean 13;ÜLKER ALTINBA?AK TAHIL C?PS? 50G;25.00 TL;;;TÜRK?YE;23.04.2025 10:24;20.00
8,6905E+12;8,6905E+12;;ADET;Ean 13;ÜLKER Ç?Z? ÇITIR ATI?TIRMALIK TULUM PEYN?R & KÖZ B?BER AROMALI 40G;25.00 TL;;;TÜRK?YE;12.01.2026 11:21;17.50
8,6905E+12;8,6905E+12;;ADET;Ean 13;ÜLKER DANKEK RULO PASTA 235GR Ç?LEKL?;70.00 TL;;;TÜRK?YE;25.11.2025 13:03;60.00
8,6905E+12;8,6905E+12;;ADET;Ean 13;ÜLKER DANKEK BATON KEK 220GR Ç?KOLATA SOSLU ;60.00 TL;;;TÜRK?YE;25.11.2025 13:05;45.00
8,6905E+12;8,6905E+12;;ADET;Ean 13;ÜLKER DANKEK BATON KEK 200GR MOZA?K;60.00 TL;;;TÜRK?YE;25.11.2025 13:04;50.00
8,6905E+12;8,6905E+12;;ADET;Ean 13;ÜLKER DANKEK BATON KEK 200GR MEYVEL?;60.00 TL;;;TÜRK?YE;25.11.2025 13:03;50.00
8,69077E+12;8,69077E+12;;ADET;Ean 13;ÜLKER DANKEK BATON KEK 200GR MANDAL?NA SOSLU ;60.00 TL;;;TÜRK?YE;25.11.2025 13:04;45.00
8,6905E+12;8,6905E+12;-1;ADET;Ean 13;ÜLKER DANKEK BATON KEK 200GR KAKAOLU ;60.00 TL;;;TÜRK?YE;25.11.2025 13:03;50.00
86944847;86944847;;ADET;Ean 8;COSBY FUN SÜPR?Z YUMURTA HOT WHEELS;35.00 TL;;;TÜRK?YE;26.08.2025 13:27;30.00
86935999;86935999;;ADET;Ean 8;S?GARA CHESTERFIELD NAVY BLUE LONG;120.00 TL;;;TÜRK?YE;6.08.2026 09:13;110.00
8,69988E+12;8,69988E+12;;ADET;Ean 13;BUZDAGI SU 0.5 LT;15.00 TL;;;TÜRK?YE;8.07.2026 11:38;10.00
8,69053E+12;8,69053E+12;;ADET;Ean 13;ET? CRAX ÇUBUK KRAKER ACILI50 GR;20.00 TL;;;TÜRK?YE;26.05.2026 10:03;15.00
MANAV - YERL? MUZ;;;ADET;[Hiçbiri];MANAV - YERL? MUZ;;;;TÜRK?YE;25.09.2024 10:21;
1202;1202;;KG;Gramaj;TERAZ? BO? STOK KARTI;;;;TÜRK?YE;3.05.2024 14:05;75.00
1020;1203;;KG;Gramaj;HURMA;75.00 TL;;;TÜRK?YE;26.10.2024 14:00;
8,69057E+12;8,69057E+12;;ADET;Ean 13;L?PTON ?CE TEA 1LT ?EFTAL? ;70.00 TL;;;TÜRK?YE;22.07.2026 12:12;65.00
8,69015E+12;8,69015E+12;;ADET;Ean 13;BEBETO METRE SAKIZ EK?? ELMA 30GR;25.00 TL;10.00;;TÜRK?YE;3.05.2024;
8,69015E+12;8,69015E+12;;ADET;Ean 13;BEBETO METRE SAKIZ KAVUNLU 30GRç;25.00 TL;10.00;;TÜRK?YE;3.05.2024;
8,69015E+12;8,69015E+12;;ADET;Ean 13;BEBETO METRE SAKIZ TUTT? FRUTT? 30GR;25.00 TL;10.00;;TÜRK?YE;3.05.2024;
8,69289E+12;8,69289E+12;;ADET;Ean 13;ALTINKILIÇ ESK? KA?AR PEYN?R? 100GR;70.00 TL;50.00;;TÜRK?YE;3.05.2024;
8,69289E+12;8,69289E+12;;ADET;Ean 13;ALTINKILIÇ KLAS?K ?NEK PEYN?R? 100GR;55.00 TL;40.00;;TÜRK?YE;3.05.2024;
8,69289E+12;8,69289E+12;;ADET;Ean 13;ALTINKILIÇ OLGUNLA?TIRILMI? ESK? KA?AR 250GR;185.00 TL;135.00;;TÜRK?YE;3.05.2024;
8,69289E+12;8,69289E+12;;ADET;Ean 13;ALTINKILIÇ OLGUNLA?TIRILMI? TULUM PEYN?R? 250GR;175.00 TL;130.00;;TÜRK?YE;3.05.2024;
8,69089E+12;8,69089E+12;;ADET;Ean 13;DERBY TEKL? TRA? BIÇA?I - BANYO;25.00 TL;8.00;;TÜRK?YE;3.05.2024;
8,6935E+12;8,6935E+12;;ADET;Ean 13;PALMOL?VE 250ML DU? JEL? MECELLAR CARE;50.00 TL;;;TÜRK?YE;3.05.2024;
8,69053E+12;8,69053E+12;;ADET;Ean 13;ET? TOPKEK FINDIKLI 35GR;15.00 TL;;;TÜRK?YE;29.03.2026 21:06;Ara.50
8,68142E+12;8,68142E+12;;ADET;Ean 13;PRAT?KON KÖRÜKLÜ P?PET 100'LÜ;50.00 TL;35.00;;TÜRK?YE;4.05.2024;
8,69093E+12;8,69093E+12;;ADET;Ean 13;D?FA? D?? FIRÇASI ULTRA CLEAN 3'LÜ;65.00 TL;42.90;;TÜRK?YE;4.05.2024;
8,69093E+12;8,69093E+12;;ADET;Ean 13;D?FA? D?? FIRÇASI PRO CLINIC SLIM SOFT;65.00 TL;34.90;;TÜRK?YE;4.05.2024;
8,69051E+12;8,69051E+12;;ADET;Ean 13;ARKO NEM BAKIM KREM? 20ML;50.00 TL;Eyl.15;;TÜRK?YE;4.05.2024;
8,68224E+20;8,68224E+12;;ADET;Ean 13;SLEEPY TEM?ZL?K HAVLUSU 100'LÜ;125.00 TL;67.95;;TÜRK?YE;8.08.2025 14:20;115.00
8,69093E+12;8,69093E+12;;ADET;Ean 13;D?FA? D?? FIRÇASI AYAKLI ÇOCUK FIRÇASI;50.00 TL;23.20;;TÜRK?YE;4.05.2024;
8,68121E+12;8,68121E+12;;ADET;Ean 13;SLEEPY NATURAL JUMBO XLARGE 6 NUMARA 17'L?;180.00 TL;70.00;;TÜRK?YE;7.11.2025 13:57;165.00
8,68121E+12;8,68121E+12;;ADET;Ean 13;SLEEPY NATURAL JUMBO MAXI 4 NUMARA 27L?;180.00 TL;70.00;;TÜRK?YE;7.11.2025 13:58;165.00
8,69051E+12;8,69051E+12;;ADET;Ean 13;DURU SABUN 600GR 4'LÜ DO?AL SABUN GÜL KOKULU;179.00 TL;58.50;;TÜRK?YE;7.12.2025 16:33;110.00
8,69051E+12;8,69051E+12;;ADET;Ean 13;DURU BANYO SABUNU 600GR KLAS?K;179.00 TL;58.50;;TÜRK?YE;7.12.2025 16:33;110.00
8,69998E+12;8,69998E+12;;ADET;Ean 13;M?SS LADY BULA?IK TEL?;60.00 TL;18.90;;TÜRK?YE;4.05.2024 15:20;
8,69998E+12;8,69998E+12;;ADET;Ean 13;M?SS LADY TAHTA KARISTIRICI;50.00 TL;21.00;;TÜRK?YE;4.05.2024;
8,69998E+12;8,69998E+12;;ADET;Ean 13;M?SS LADY LATEKS ELD?BEN L BOY;90.00 TL;67.50;;TÜRK?YE;4.05.2024;
8,69998E+12;8,69998E+12;;ADET;Ean 13;M?SS LADY LATEKS ELD?BEN M BOY;90.00 TL;67.50;;TÜRK?YE;4.05.2024;
8,69998E+12;8,69998E+12;;ADET;Ean 13;M?SS LADY OLUKLU BULA?IK SÜNGE?R;60.00 TL;15.80;;TÜRK?YE;4.05.2024;
8,69998E+12;8,69998E+12;;ADET;Ean 13;M?SS LADY SÜTLAÇ KABI 6 ADET;30.00 TL;Kas.65;;TÜRK?YE;3.03.2025 16:42;17.50
8,69998E+12;8,69998E+12;;ADET;Ean 13;M?SS LADY SÜTLAÇ KABI 100 ADET;300.00 TL;122.00;;Almanya;4.05.2024;
8,69998E+12;8,69998E+12;;ADET;Ean 13;M?SS LADY PLAST?K LÜX KA?IK;25.00 TL;Tem.50;;TÜRK?YE;4.05.2024;
8,69998E+12;8,69998E+12;;ADET;Ean 13;M?SS LADY GALO? 100 ADET;85.00 TL;31.50;;TÜRK?YE;30.08.2025 11:23;50.00
8,69998E+12;8,69998E+12;;ADET;Ean 13;M?SS LADY PLAST?K LÜX KA?IK 100 ADET;125.00 TL;36.00;;TÜRK?YE;30.08.2025 11:24;50.00
8,69998E+12;8,69998E+12;;ADET;Ean 13;M?SS LADY PLAST?K LÜX ÇATAL 100 ADET;125.00 TL;36.00;;TÜRK?YE;4.05.2024;
8,69998E+12;8,69998E+12;-4;ADET;Ean 13;M?SS LADY  PLAST?K TABAK BÜYÜK BOY;50.00 TL;16.50;;TÜRK?YE;4.05.2024;
8,69742E+12;8,69742E+12;;ADET;Ean 13;KOM?L? SIVI SABUN 400ML LAVANTA;45.00 TL;15.00;;TÜRK?YE;31.10.2025 09:58;35.00
8,6974E+12;8,6974E+12;;ADET;Ean 13;KOM?L? SIVI SABUN 3LT GÜL BAHÇES?;140.00 TL;48.00;;TÜRK?YE;7.12.2025 16:47;120.00
8,69389E+12;8,69389E+12;;ADET;Ean 13;ÖNCÜ SALÇA 1650GR ACI B?BER;345.00 TL;256.00;;TÜRK?YE;4.05.2024;
8,69389E+12;8,69389E+12;;ADET;Ean 13;ÖNCÜ SALÇA 1650GR DOMATES;239.00 TL;135.00;;TÜRK?YE;22.03.2026 19:32;225.00
8,69389E+12;8,69389E+12;;ADET;Ean 13;ÖNCÜ SALÇA 1650GR TATLI B?BER;345.00 TL;256.00;;TÜRK?YE;4.05.2024;
8,69389E+12;8,69389E+12;;ADET;Ean 13;ÖNCÜ SALÇA 900GR TATLI B?BER;220.00 TL;142.00;;TÜRK?YE;7.01.2026 10:52;175.00
8,69389E+12;8,69389E+12;;ADET;Ean 13;ÖNCÜ SALÇA 900GR DOMATES;125.00 TL;72.50;;TÜRK?YE;7.01.2026 10:52;87.50
8,69011E+12;8,69011E+12;;ADET;Ean 13;B?RYA? AYÇ?ÇEK YA?I 2LT;290.00 TL;103.30;;TÜRK?YE;7.11.2025 21:33;245.00
8,69064E+12;8,69064E+12;;ADET;Ean 13;TAT YAPRAK 500GR;150.00 TL;66.25;;TÜRK?YE;4.05.2024;
8,69063E+12;8,69063E+12;;ADET;Ean 13;DR. OETKER KREM ?ANT? 150GR SADE;90.00 TL;46.75;;TÜRK?YE;23.04.2025 18:21;65.00
8,69063E+12;8,69063E+12;-1;ADET;Ean 13;DR. OETKER PUDRA ?EKER?;65.00 TL;29.00;;TÜRK?YE;15.03.2026 19:50;60.00
86907538;86907538;-6;ADET;Ean 8;KNORR BULYON 2L? TAVUK 20GR;20.00 TL;May.61;;TÜRK?YE;14.10.2024 20:30;Tem.50
86907521;86907521;-11;ADET;Ean 8;KNORR BULYON 2'L? ET 20GR;20.00 TL;May.61;;TÜRK?YE;14.10.2024 20:30;Tem.50
4,00018E+12;4,00018E+12;;ADET;Ean 13;CAPR? SUN SAFARI FRUITS 200 ML;25.00 TL;8.00;;TÜRK?YE;29.05.2026 11:47;20.00
8,69069E+12;8,69069E+12;-1;ADET;Ean 13;MEYÖZ 1LT KARI?IK;60.00 TL;20.60;;TÜRK?YE;11.04.2026 22:15;55.00
8,69057E+12;8,69057E+12;-3;ADET;Ean 13;PINAR SÜT 1LT NATURAL %2,5 YAGLI;80.00 TL;30.00;;TÜRK?YE;10.12.2024 13:37;47.50
8,69111E+12;8,69111E+12;;ADET;Ean 13;CO?KUN PASTIRMA ÇEMENS?Z D?L?ML? 80GR;190.00 TL;147.00;;TÜRK?YE;4.05.2024;
8,69111E+25;8,69111E+12;;ADET;Ean 13;CO?KUN SUCUK KUVET 250GR250;395.00 TL;169.00;;TÜRK?YE;11.05.2025 13:28;250.00
8,69769E+12;8,69769E+12;;ADET;Ean 13;MÜSLUMO?LU KAVURMA PAKET 100GR;150.00 TL;111.55;;TÜRK?YE;4.05.2024;
8,69296E+12;8,69296E+12;;ADET;Ean 13;KEB?R GURME TEREYA?I 400 GR;205.00 TL;162.50;;TÜRK?YE;4.05.2024;
8,69212E+12;8,69212E+12;;ADET;Ean 13;BALMAR SÜT 1LT;37.50 TL;24.00;;TÜRK?YE;4.05.2024;
54492653;54492653;;ADET;Ean 8;POWERADE ?CE BLAST 500ML;50.00 TL;25.00;;TÜRK?YE;20.01.2025 18:21;35.00
54492752;54492752;;ADET;Ean 8;POWERADE SUN RUSH 500ML;50.00 TL;25.00;;TÜRK?YE;20.01.2025 18:21;35.00
8,69011E+12;8,69011E+12;;ADET;Ean 13;B?RYA? AYÇ?ÇEK  YA?I 4LT PET;490.00 TL;201.80;;TÜRK?YE;7.11.2025 21:33;445.00
8,69534E+12;8,69534E+12;-2;ADET;Ean 13;BA?CI ZEYT?N 200GR SECME80;110.00 TL;34.50;;TÜRK?YE;4.06.2026 11:08;100.00
8,69752E+12;8,69752E+12;-6;ADET;Ean 13;COLA TURKA 1LT;65.00 TL;24.62;;TÜRK?YE;4.07.2026 10:32;60.00
8,6905E+12;8,6905E+12;;ADET;Ean 13;ÇAMLICA 1.5LT PORTAKAL;75.00 TL;31.79;;TÜRK?YE;4.07.2026 10:30;60.00
8,69752E+12;8,69752E+12;;ADET;Ean 13;MALTANA GINSENG AROMALI 250GR;60.00 TL;17.36;;TÜRK?YE;19.08.2026 11:41;50.00
8,6993E+12;8,6993E+12;;ADET;Ean 13;KOM?L? AYÇ?ÇEK YA?I 5LT;415.00 TL;215.00;;TÜRK?YE;18.06.2025 12:29;359.00
8,68091E+12;8,68091E+12;;ADET;Ean 13;INDOMIE JUMBO BOY SEBZE CESNILI 120GR;30.00 TL;;;TÜRK?YE;17.04.2026 09:21;25.00
8,69988E+12;8,69988E+12;;ADET;Ean 13;SU BUZDA?I 1.5LT;30.00 TL;;;TÜRK?YE;8.07.2026 11:38;20.00
8,69053E+12;8,69053E+12;-1;ADET;Ean 13;ET? TART?N? 6'LI 114GR;60.00 TL;;;TÜRK?YE;6.11.2024 21:09;30.00
8,69079E+12;8,69079E+12;-2;ADET;Ean 13;TADIM YER FISTI?I KABUKLU 250GR;95.00 TL;;;TÜRK?YE;9.09.2025 14:46;73.00
8,69111E+12;8,69111E+12;;ADET;Ean 13;CO?KUN BATON SUCUK MINI 130GR;225.00 TL;85.00;;TÜRK?YE;20.08.2026 09:28;195.00
8,69637E+12;8,69637E+12;;ADET;Ean 13;DAN?NO DANETTE PUD?NG MUZLU 70GR TEKL?;15.00 TL;Oca.80;;TÜRK?YE;3.02.2025 10:30;10.00
8,69637E+12;8,69637E+12;;ADET;Ean 13;DANONE DANETTE PUDING 70G TEKL? ;15.00 TL;;;TÜRK?YE;3.02.2025 10:30;10.00
8,69637E+12;8,69637E+12;;ADET;Ean 13;DANETTE DANETTE PUDING Ç?LEKL? 90GR ;15.00 TL;;;TÜRK?YE;3.02.2025 10:31;10.00
8,69637E+12;8,69637E+12;;ADET;Ean 13;DANONE MIX YOGURT 90G TEKL?;20.00 TL;;;TÜRK?YE;6.05.2024;
86902670;86902670;;ADET;Ean 8;DANONE PUDING 210GR CIKOLARTALI;20.00 TL;;;TÜRK?YE;6.05.2024;
86902656;86902656;;ADET;Ean 8;DANONE PUDING 200ML MUZLU;20.00 TL;;;TÜRK?YE;6.05.2024;
86902595;86902595;;ADET;Ean 8;DANONE SUT 1/5 MUZLU;15.00 TL;;;TÜRK?YE;18.10.2024 10:37;10.00
86902625;86902625;;ADET;Ean 8;DANONE CIKOLATALI SUT 180 ML;15.00 TL;;;TÜRK?YE;18.10.2024 10:37;Ara.50
86902618;86902618;;ADET;Ean 8;DANONE SUT 1/5 CILEK;15.00 TL;;;TÜRK?YE;18.10.2024 10:37;Ara.50
8,69637E+12;8,69637E+12;;ADET;Ean 13;DANINO MEYVELI YOGURT 40GR TEKL?;7.50 TL;;;TÜRK?YE;6.05.2024;
8,69637E+12;8,69637E+12;;ADET;Ean 13;DANINO MEYVELI YOGURT TEKL? Ç?LEK;5.00 TL;;;TÜRK?YE;6.05.2024;
8,69637E+12;8,69637E+12;;ADET;Ean 13;DANINO MEYVELI YOGURT TEKL? BISKUVILI;5.00 TL;;;TÜRK?YE;6.05.2024;
8,69183E+12;8,69183E+12;;ADET;Ean 13;VATAN PILAVLIK BULGUR 1 KG;70.00 TL;26.75;;TÜRK?YE;27.07.2026 15:57;80.00
8,69183E+12;8,69183E+12;-4;ADET;Ean 13;VATAN BALDO PIRINC 1KG;150.00 TL;68.00;;TÜRK?YE;3.07.2026 11:54;149.00
8,69183E+12;8,69183E+12;-1;ADET;Ean 13;VATAN OSMANCIK PIRINC 1 KG;130.00 TL;54.40;;TÜRK?YE;3.07.2026 11:53;115.00
8,69183E+12;8,69183E+12;;ADET;Ean 13;VATAN KOFTELIK BULGUR 1000GR;70.00 TL;26.67;;TÜRK?YE;27.07.2026 15:59;80.00
8,69183E+12;8,69183E+12;-1;ADET;Ean 13;VATAN KIRMIZI MERCIMEK 1 KG;150.00 TL;38.52;;TÜRK?YE;29.07.2026 12:57;160.00
8,69183E+12;8,69183E+12;;ADET;Ean 13;VATAN YESIL MERCIMEK 1 KG;150.00 TL;69.70;;TÜRK?YE;29.07.2026 12:57;145.00
8,69183E+12;8,69183E+12;;ADET;Ean 13;VATAN KOCBASI NOHUT 1 KG;120.00 TL;56.95;;TÜRK?YE;19.12.2024 18:04;70.00
8,69853E+12;8,69853E+12;;ADET;Ean 13;SEY?TOGLU HELVA 175 GR FISTIKLI;65.00 TL;40.00;;TÜRK?YE;6.05.2024;
8,69853E+12;8,69853E+12;;ADET;Ean 13;SEY?DOGLU CEVIZLI HELVA 350 G;165.00 TL;41.75;;TÜRK?YE;6.05.2024;
8,69853E+12;8,69853E+12;;ADET;Ean 13;SEY?DOGLU TAHIN 300GR;99.00 TL;55.00;;TÜRK?YE;6.05.2024;
8,69853E+12;8,69853E+12;;ADET;Ean 13;SEY?DO?LU TAHIN PEKMEZ 740GR;149.00 TL;95.00;;TÜRK?YE;6.05.2024;
8,69677E+12;8,69677E+12;;ADET;Ean 13;BALARISI 460 GR SUZME CICEK BALI;225.00 TL;77.50;;TÜRK?YE;13.08.2024 21:22;150.00
8,69677E+12;8,69677E+12;-1;ADET;Ean 13;BALARISI SUZME CICEK BALI 250 GR;175.00 TL;46.75;;TÜRK?YE;13.08.2024 21:21;150.00
8,69853E+12;8,69853E+12;;ADET;Ean 13;SEY?DOGLU PEKMEZ 700GR BIDON DUT;245.00 TL;74.00;;TÜRK?YE;6.05.2024;
8,69853E+12;8,69853E+12;;ADET;Ean 13;SEYIDOGLU PEKMEZ UZUM 400GR PVC;159.00 TL;46.00;;TÜRK?YE;6.05.2024;
8,6987E+12;8,6987E+12;;ADET;Ean 13;AGISS SIR AGDA BANTI 41 ADT HASSAS CILT;140.00 TL;42.00;;TÜRK?YE;7.10.2025 22:03;120.00
8,6987E+12;8,6987E+12;-1;ADET;Ean 13;AGISS SIR AGDA BANDI 41LI TUM CILTLER ICIN;140.00 TL;42.00;;TÜRK?YE;7.10.2025 22:03;120.00
8,6987E+12;8,6987E+12;;ADET;Ean 13;AGISS SIR AGDA BANTI 41 ADT NORMAL CILT;140.00 TL;42.00;;TÜRK?YE;7.10.2025 22:03;120.00
8,6987E+12;8,6987E+12;;ADET;Ean 13;AGISS SIR YUZ AGDA BANDI 28LI T.CILTLER;120.00 TL;38.00;;TÜRK?YE;7.10.2025 22:02;100.00
8,6987E+12;8,6987E+12;;ADET;Ean 13;AGISS SIR YUZ AGDA BANDI 28LI HASSAS;120.00 TL;38.00;;TÜRK?YE;7.10.2025 22:03;100.00
8,69064E+12;8,69064E+12;;ADET;Ean 13;REXONA DEODORANT 150ML MEN COBALD;175.00 TL;10.00;;TÜRK?YE;29.04.2025 17:59;140.00
8,68313E+12;8,68313E+12;;ADET;Ean 13;REXONA 72 SAAT KES?NT?S?Z KORUMA;175.00 TL;100.00;;TÜRK?YE;29.04.2025 17:59;140.00
8,69064E+12;8,69064E+12;;ADET;Ean 13;REXONA DEO W.150ML MUSK;175.00 TL;100.00;;TÜRK?YE;6.05.2024;
8,68313E+12;8,68313E+12;;ADET;Ean 13;REXONA 72 SAAT KES?NT?S?Z KORUMA BAMBU VE ALOE VERA;195.00 TL;100.00;;TÜRK?YE;6.05.2024;
8,68313E+12;8,68313E+12;;ADET;Ean 13;REXONA 72 SAAT KES?NT?S?Z KORUMA SHOWER FRESH;175.00 TL;100.00;;TÜRK?YE;6.05.2024;
8,68313E+12;8,68313E+12;;ADET;Ean 13;REXONA 72 SAAT KES?NT?S?Z KORUMA XTRA COOL;195.00 TL;100.00;;TÜRK?YE;29.04.2025 17:59;140.00
8,68313E+12;8,68313E+12;;ADET;Ean 13;REXONA NATURAL FRESH MEN;195.00 TL;100.00;;TÜRK?YE;29.04.2025 18:00;140.00
8,68313E+12;8,68313E+12;;ADET;Ean 13;AXE EP?C FRESH 48 SAAT KETK?LEY?C? KOKU GRAPEFRU?T;185.00 TL;105.00;;TÜRK?YE;6.05.2024;
8,69064E+12;8,69064E+12;;ADET;Ean 13;AXE DEO BLACK 150ML;185.00 TL;105.00;;TÜRK?YE;6.05.2024;
8,69064E+12;8,69064E+12;;ADET;Ean 13;AXE DEODORANT 150ML APOLLO;185.00 TL;105.00;;TÜRK?YE;29.04.2025 17:58;150.00
8,68215E+12;8,68215E+12;;ADET;Ean 13;F?BR?L ISLAK MENDIL 90LI;25.00 TL;Ara.50;;TÜRK?YE;23.06.2024 20:10;20.00
8,69138E+12;8,69138E+12;;ADET;Ean 13;SODA BEYPAZARI MADEN SUYU 200ML 6LI;90.00 TL;;;TÜRK?YE;12.09.2024 16:38;45.00
8,68132E+12;8,68132E+12;-1;ADET;Ean 13;SÜTA? TEREYAGI 100 GR;89.00 TL;;;TÜRK?YE;4.05.2026 09:28;80.00
86939577;86939577;;ADET;Ean 8;S?GARA LD RED LONG;115.00 TL;;;TÜRK?YE;4.08.2026 19:15;100.00
86932035;86932035;;ADET;Ean 8;S?GARA LD KISA BLUE ;115.00 TL;;;TÜRK?YE;4.08.2026 19:15;100.00
8,69144E+12;8,69144E+12;;ADET;Ean 13;DURU P?LAVLIK P?R?NÇ 2 KG;120.00 TL;;;TÜRK?YE;7.05.2024;
8,69508E+12;8,69508E+12;;ADET;Ean 13;B?ZEB? BALDO P?R?NÇ 2.5 KG;150.00 TL;;;TÜRK?YE;7.05.2024;
8,6835E+12;8,6835E+12;;ADET;Ean 13;50'L? KARTON BARDOK;75.00 TL;;;TÜRK?YE;25.09.2025 21:00;37.50
8,00654E+12;8,00654E+12;;ADET;Ean 13;FAIRY HEPSI BIR ARADA BULASIK MAK.TABLETI 29LU;219.00 TL;185.00;;TÜRK?YE;7.05.2024;
8,00109E+12;8,00109E+12;;ADET;Ean 13;FAIRY TABLET H1A 60LI;429.00 TL;385.00;;TÜRK?YE;16.05.2024 19:35;450.00
5,41315E+12;5,41315E+12;-1;ADET;Ean 13;ARIEL KONSANTRE 1500GR DAG ESINTISI;195.00 TL;89.00;;TÜRK?YE;25.05.2025 22:44;135.00
8,69106E+12;8,69106E+12;-9;ADET;Ean 13;SODA SIRMA L?MONLU 200ML;25.00 TL;;;TÜRK?YE;5.08.2026 12:28;20.00
8,69183E+12;8,69183E+12;;ADET;Ean 13;VATAN BULGUR SEHRIYELI 1 KG;70.00 TL;26.75;;TÜRK?YE;27.07.2026 15:59;80.00
8,69359E+12;8,69359E+12;;ADET;Ean 13;SU HAYAT 0.5L;10.00 TL;;;TÜRK?YE;23.05.2024 19:40;Tem.50
8,69359E+12;8,69359E+12;;ADET;Ean 13;SU HAYAT 1.5L;20.00 TL;;;TÜRK?YE;25.01.2025 23:02;15.00
8,69745E+12;8,69745E+12;;ADET;Ean 13;KU? YEMI 250GR EFSANE;47.50 TL;17.50;;TÜRK?YE;1.06.2025 13:00;40.00
8,68142E+12;8,68142E+12;;ADET;Ean 13;PRATIKON LUXS BUYUK PIPET 20 LI;17.50 TL;12.00;;TÜRK?YE;7.05.2024;
8,69071E+12;8,69071E+12;;ADET;Ean 13;KOSKA KAGIT HELVA 45 GR;25.00 TL;Eyl.50;;TÜRK?YE;7.05.2024;
8,69079E+12;8,69079E+12;;ADET;Ean 13;TADIM BARBEKU SOSLU MISIR 75GR ;30.00 TL;;;TÜRK?YE;9.09.2025 14:46;23.00
KARTON BARDAK;KARTON BARDAK;;ADET;Ean 13;KARTON BARDAK;2.00 TL;;BARKODSUZ;TÜRK?YE;1.05.2025 16:17;0.75
5,00011E+12;5,00011E+12;;ADET;Ean 13;COCA COLA 330ML ZERO KUTU;50.00 TL;;;TÜRK?YE;31.10.2025 11:28;45.00
86940849;86940849;;ADET;Ean 8;S?GARA VICEROY NAVY LONG;105.00 TL;;;TÜRK?YE;18.02.2026 22:50;95.00
8,69389E+12;8,69389E+12;;ADET;Ean 13;ÖNCÜ DO?AL S?YAH ZEYT?N PREM?UM 1 Kg;625.00 TL;;;TÜRK?YE;8.05.2024;
8,69389E+12;8,69389E+12;-1;ADET;Ean 13;ÖNCÜ SIYAH ZEYTIN KLB 201-260 (XL-L);595.00 TL;;;TÜRK?YE;26.04.2026 21:31;525.00
8,69297E+12;8,69297E+12;-3;ADET;Ean 13;?Ç?M  LABNE 180 GR;75.00 TL;;;TÜRK?YE;4.05.2026 09:51;69.00
8,69053E+12;8,69053E+12;;ADET;Ean 13;ET? BROWN? CLASS?C 200 GR;90.00 TL;;;TÜRK?YE;19.01.2026 23:02;80.00
8,69747E+12;8,69747E+12;;ADET;Ean 13;MARET AC BITIR HINDI SALAM 60GR;27.50 TL;;;TÜRK?YE;10.10.2024 13:02;22.00
8,69064E+12;8,69064E+12;;ADET;Ean 13;TAT MAYONEZ 330 GR;145.00 TL;;;TÜRK?YE;28.11.2025 09:42;95.00
8,69053E+12;8,69053E+12;;ADET;Ean 13;ET? BURÇAK SÜTLÜ KAKAO KREMALI 100GR;30.00 TL;;;TÜRK?YE;29.03.2026 13:24;25.00
8,69053E+12;8,69053E+12;;ADET;Ean 13;ET? BURÇAK H?ND?STAN CEV?ZL? KREMALI 100GR;30.00 TL;;;TÜRK?YE;29.03.2026 13:24;25.00
8,69053E+12;8,69053E+12;-11;ADET;Ean 13;ET? BURÇAK B?TTER Ç?KOLATALI 114 GR;40.00 TL;;;TÜRK?YE;7.05.2025 11:49;37.50
8,69795E+12;8,69795E+12;;ADET;Ean 13;EGEMEN PULBIBER 35 GR;60.00 TL;;;TÜRK?YE;30.11.2025 19:23;50.00
8,69053E+12;8,69053E+12;-4;ADET;Ean 13;ET? Ç?KOLATALI GOFRET GOLD 29 GR;20.00 TL;;;TÜRK?YE;26.04.2025 00:07;Ara.50
8,69782E+12;8,69782E+12;;ADET;Ean 13;YASAR ERCIYES GOFRET 190 GR;30.00 TL;;;TÜRK?YE;9.05.2024;
12L? SU;12L? SU;;ADET;Code 39;SU 12'L?;50.00 TL;;;TÜRK?YE;9.05.2024;
8,69741E+12;8,69741E+12;;ADET;Ean 13;YILDIZ MANGAL KOMURU 2KG;100.00 TL;67.00;;TÜRK?YE;9.05.2024;
5,00011E+12;5,00011E+12;;ADET;Ean 13;SPRITE 1.5L L?MONLU;85.00 TL;;;TÜRK?YE;19.08.2026 16:29;55.00
8,69795E+12;8,69795E+12;;ADET;Ean 13;EGEMEN PUL BIBER 80 GR.;90.00 TL;;;TÜRK?YE;31.05.2025 23:18;80.00
8,69795E+12;8,69795E+12;;ADET;Ean 13;EGEMEN NANE 20 GR;60.00 TL;;;TÜRK?YE;30.11.2025 19:23;40.00
8,69795E+12;8,69795E+12;;ADET;Ean 13;EGEMEN KARBONAT 70 GR;60.00 TL;;;TÜRK?YE;30.11.2025 19:23;40.00
8,69795E+12;8,69795E+12;;ADET;Ean 13;EGEMEN KEKIK 20 GR;60.00 TL;;;TÜRK?YE;30.11.2025 19:22;40.00
8,69795E+12;8,69795E+12;;ADET;Ean 13;EGEMEN PASTA SUSU 30 GR;60.00 TL;;;TÜRK?YE;30.11.2025 19:22;40.00
8,69795E+12;8,69795E+12;;ADET;Ean 13;EGEMEN SUMAK 30 GR;60.00 TL;;;TÜRK?YE;30.11.2025 19:22;40.00
8,69795E+12;8,69795E+12;;ADET;Ean 13;EGEMEN 7 TURLU KAHVALTILIK BAHARAT 45 GR.;50.00 TL;;;TÜRK?YE;31.05.2025 23:36;45.00
8,69795E+12;8,69795E+12;;ADET;Ean 13;EGEMEN KABUK TARCIN 30 GR;60.00 TL;;;TÜRK?YE;30.11.2025 19:22;50.00
8,69795E+12;8,69795E+12;;ADET;Ean 13;EGEMEN KARABIBER 25 GR;60.00 TL;;;TÜRK?YE;30.11.2025 19:22;45.00
8,69795E+12;8,69795E+12;;ADET;Ean 13;EGEMEN TOZ TARCIN 25 GR;60.00 TL;;;TÜRK?YE;30.11.2025 19:22;40.00
8,69795E+12;8,69795E+12;;ADET;Ean 13;EGEMEN ZENCEFIL 30 GR;60.00 TL;;;TÜRK?YE;30.11.2025 19:22;50.00
8,69795E+12;8,69795E+12;;ADET;Ean 13;EGEMEN COREK OTU 30 GR;60.00 TL;;;TÜRK?YE;30.11.2025 19:22;50.00
8,69795E+12;8,69795E+12;;ADET;Ean 13;EGEMEN ZERDECAL 30 GR;60.00 TL;;;TÜRK?YE;30.11.2025 19:22;45.00
8,69795E+12;8,69795E+12;;ADET;Ean 13;EGEMEN SUSAM 30 GR;60.00 TL;;;TÜRK?YE;30.11.2025 19:22;45.00
8,69795E+12;8,69795E+12;;ADET;Ean 13;EGEMEN KORI 30 GR;60.00 TL;;;TÜRK?YE;30.11.2025 19:22;45.00
8,69795E+12;8,69795E+12;;ADET;Ean 13;EGEMEN KARANFIL 10 GR;60.00 TL;;;TÜRK?YE;30.11.2025 19:21;50.00
8,69795E+12;8,69795E+12;;ADET;Ean 13;EGEMEN LIMON TUZU 30 GR;60.00 TL;;;TÜRK?YE;30.11.2025 19:21;45.00
40;8,69795E+12;;ADET;Ean 13;EGEMEN TATLI TOZ BIBER 30 GR;60.00 TL;;;TÜRK?YE;30.11.2025 19:21;40.00
8,69795E+12;8,69795E+12;;ADET;Ean 13;EGEMEN ACI TOZ BIBER 30 GR;60.00 TL;;;TÜRK?YE;30.11.2025 19:21;40.00
8,69795E+12;8,69795E+12;;ADET;Ean 13;EGEMEN ISOT 30 GR;60.00 TL;;;TÜRK?YE;30.11.2025 19:21;45.00
8,69011E+12;8,69011E+12;;ADET;Ean 13;D?D? 2.5L ?EFTAL?;80.00 TL;;;TÜRK?YE;13.05.2026 15:27;75.00
8,68418E+12;8,68418E+12;;ADET;Ean 13;S?GARA PRES?DENT SEA BLUE;74.00 TL;;;TÜRK?YE;9.05.2024;
8,68192E+12;8,68192E+12;-2;ADET;Ean 13;MUNZUR OVASI YUMURTASI 10ADET;145.00 TL;;;TÜRK?YE;28.07.2026 09:45;135.00
8,69289E+12;8,69289E+12;;ADET;Ean 13;ALTINKILIC KEFIR 1 LT SADE;57.50 TL;;;TÜRK?YE;10.05.2024;
8,69289E+12;8,69289E+12;;ADET;Ean 13;ALTINKILIC KEFIR 250ML ORMAN MEYVELI;25.00 TL;20.00;;TÜRK?YE;10.05.2024;
8,69289E+12;8,69289E+12;;ADET;Ean 13;ALTINKILIC PEYNIR 450GR INEK T YAGLI;219.75 TL;169.00;;TÜRK?YE;10.05.2024;
8,69289E+12;8,69289E+12;;ADET;Ean 13;ALTINKILIC KEFIR 250ML CILEK;25.00 TL;;;TÜRK?YE;10.05.2024;
8,69289E+12;8,69289E+12;;ADET;Ean 13;ALTINKILIC KEFIR 250ML;25.00 TL;;;TÜRK?YE;10.05.2024;
8,69297E+12;8,69297E+12;;ADET;Ean 13;?Ç?M MEYVE SUYU 1L KARI?IK;60.00 TL;23.00;;TÜRK?YE;19.02.2026 15:41;55.00
8,68021E+12;8,68021E+12;;ADET;Ean 13;?Ç?M MEYVE SUYU 1L V??NE ;60.00 TL;23.00;;TÜRK?YE;19.02.2026 15:41;55.00
8,69752E+12;8,69752E+12;;ADET;Ean 13;?Ç?M MEYVE SUYU 1L KAYISI;60.00 TL;23.00;;TÜRK?YE;18.12.2025 09:53;30.00
8,69747E+12;8,69747E+12;;ADET;Ean 13;NAMET DANA PARMAK KÖFTE 200GR;99.00 TL;87.00;;TÜRK?YE;10.05.2024;
8,69053E+12;8,69053E+12;;ADET;Ean 13;DALAN FAM?LY LEYLAK BUKET? 3 LT;175.00 TL;;;TÜRK?YE;29.05.2026 15:53;160.00
8,69053E+12;8,69053E+12;;ADET;Ean 13;DALAN FAM?LY ZEYT?N MUC?ZES? 3 LT;175.00 TL;;;TÜRK?YE;29.05.2026 15:53;160.00
8,69746E+12;8,69746E+12;;ADET;Ean 13;OLGUN ST?CKER;5.00 TL;;;TÜRK?YE;10.05.2024;
8,69072E+12;8,69072E+12;;ADET;Ean 13;ÇAY DO?US BLACK LABEL BARDAK 100 LU;230.00 TL;;;TÜRK?YE;10.05.2024;
8,68213E+12;8,68213E+12;-1;ADET;Ean 13;DANONE ?EMS?YE Ç?KOLATA;20.00 TL;;;TÜRK?YE;10.05.2024;
8,68024E+12;8,68024E+12;;ADET;Ean 13;TAYF DRAJE Ç?KOLATA;15.00 TL;;;TÜRK?YE;10.05.2024;
6,90091E+12;6,90091E+12;;ADET;Ean 13;MIKRO PARA BANDI;10.00 TL;;;TÜRK?YE;10.05.2024;
8,69053E+12;8,69053E+12;-3;ADET;Ean 13;ET? FORM Ç?KOLATA KAPLI 50GR;35.00 TL;;;TÜRK?YE;10.05.2024;
8,69053E+12;8,69053E+12;;ADET;Ean 13;ET? FORM KEPEKL? ÇÖREKOTLU 40GR;20.00 TL;;;TÜRK?YE;23.07.2025 16:05;15.00
8,69053E+12;8,69053E+12;;ADET;Ean 13;ET? FORM 45GR;20.00 TL;;;TÜRK?YE;23.07.2025 16:05;15.00
8,69063E+12;8,69063E+12;;ADET;Ean 13;NESTLE NESGUIK TOZ 180GR;145.00 TL;;;TÜRK?YE;25.03.2025 14:48;100.00
8,6908E+12;8,6908E+12;;ADET;Ean 13;PORÇÖZ 750ML BANYO SPREY?;80.00 TL;;;TÜRK?YE;10.05.2024 23:24;40.00
8,6908E+12;8,6908E+12;;ADET;Ean 13;PORCÖZ 750ML MUTFAK SPREY?8690802038626;95.00 TL;;;TÜRK?YE;10.05.2024;
8,6905E+12;8,6905E+12;;ADET;Ean 13;ÜLKER 9 KAT TAT KÜPKÜP PORTAKALLI 200GR;45.00 TL;;;TÜRK?YE;10.05.2024;
7,6222E+12;7,6222E+12;;ADET;Ean 13;OL?PS Ç??NE ELMA AROLALI 47GR;25.00 TL;;;TÜRK?YE;4.11.2025 10:41;20.00
7,6222E+12;7,6222E+12;;ADET;Ean 13;OL?PS SEKER SOFT MINTS NANE 47 GR;30.00 TL;;;TÜRK?YE;20.05.2026 19:11;25.00
7,6222E+12;7,6222E+12;;ADET;Ean 13;OL?PS ZERO 28 GR;25.00 TL;;;TÜRK?YE;11.05.2024;
7,62221E+12;7,62221E+12;;ADET;Ean 13;KENT OL?PS MINI MINTS KARPUZ 12.5 GR;30.00 TL;;;TÜRK?YE;20.05.2026 19:11;25.00
7,62221E+12;7,62221E+12;;ADET;Ean 13;TIPITIP ZARF 13.5GR 7 LI;15.00 TL;;;TÜRK?YE;11.05.2024;
8,68351E+12;8,68351E+12;;ADET;Ean 13;ÜLKER Ç?KOLATA ?Y?K? VARSIN 123 GR;100.00 TL;;;TÜRK?YE;11.05.2024;
8,6905E+12;8,6905E+12;-1;ADET;Ean 13;ÜLKER KEKSTRA 35GR PORTAKALLI;15.00 TL;;;TÜRK?YE;20.12.2025 10:45;Ara.50
8,6905E+12;8,6905E+12;;ADET;Ean 13;ÜLKER 8 KEK ORMAN MEYVEL? 55 GR;15.00 TL;;;TÜRK?YE;28.10.2025 12:55;Ara.50
8,6905E+12;8,6905E+12;;ADET;Ean 13;ÜLKER DANKEK 8 KEK CIKOLATALI;15.00 TL;;;TÜRK?YE;28.10.2025 12:55;Ara.50
8,6905E+12;8,6905E+12;;ADET;Ean 13;ÜLKER DANKEK 8 KEK CIKOLATALI;15.00 TL;;;TÜRK?YE;28.10.2025 12:55;Ara.50
8,6905E+12;8,6905E+12;;ADET;Ean 13;DANKEK MAGMA CIKOLATALI 65GR;20.00 TL;;;TÜRK?YE;21.03.2025 14:05;17.50
8,6905E+12;8,6905E+12;-2;ADET;Ean 13;DANKEK MAGMA KARAMELLI 65GR;20.00 TL;;;TÜRK?YE;21.03.2025 14:05;17.50
8,69171E+12;8,69171E+12;;ADET;Ean 13;?ÖLEN BISCOLATA STIX HINDISTAN CEVIZLI;30.00 TL;;;TÜRK?YE;11.05.2024;
8,69914E+12;8,69914E+12;;ADET;Ean 13;?ÖLEN LUPPO SUFLE 40GR CIKOLATALI;30.00 TL;;;TÜRK?YE;29.01.2026 14:15;25.00
8,69171E+12;8,69171E+12;;ADET;Ean 13;OZMO CORNET 25GR FINDIK KREMA DOLGULU;30.00 TL;;;TÜRK?YE;18.06.2025 10:37;20.00
8,69171E+12;8,69171E+12;;ADET;Ean 13;OZMO FUN;35.00 TL;;;TÜRK?YE;23.10.2025 13:32;30.00
8,69171E+12;8,69171E+12;-1;ADET;Ean 13;OZMO YUMURTA 20GR;40.00 TL;;;TÜRK?YE;11.05.2024;
8,69171E+12;8,69171E+12;;ADET;Ean 13;LUPPO Ç?LEKL? 182 GR;85.00 TL;;;TÜRK?YE;29.03.2026 13:18;75.00
8,69914E+12;8,69914E+12;-1;ADET;Ean 13;LUPPO SANDVIC KEK 8 ADET;85.00 TL;;;TÜRK?YE;29.01.2026 14:14;80.00
8,69171E+12;8,69171E+12;;ADET;Ean 13;?ÖLEN LUPPO SANDVIC KEK 184GR;85.00 TL;;;TÜRK?YE;29.01.2026 14:14;80.00
8,69914E+12;8,69914E+12;-1;ADET;Ean 13;LUPPO SANDVIC KEK CIKOLATALI 8 ADET;85.00 TL;;;TÜRK?YE;29.01.2026 14:14;80.00
8,69171E+12;8,69171E+12;;ADET;Ean 13;?ÖLEN LUPPO KARML DOLG. SANDVIC KEK 182GR;85.00 TL;;;TÜRK?YE;29.01.2026 14:14;80.00
8,69057E+12;8,69057E+12;;ADET;Ean 13;L?PTON ICE TEA 330ML ?EFTAL?;60.00 TL;;;TÜRK?YE;2.06.2026 13:15;50.00
54022553;54022553;;ADET;Ean 8;CAPPY PULPY 330ML ;60.00 TL;;;TÜRK?YE;21.07.2026 16:32;50.00
8,69795E+12;8,69795E+12;;ADET;Ean 13;EGEMEN KUS UZUMU 25 GR;60.00 TL;;;TÜRK?YE;30.11.2025 19:21;40.00
8,69061E+12;8,69061E+12;;ADET;Ean 13;SÜPERFRESH SÜT MISIR 3X200GR;120.00 TL;58.00;;TÜRK?YE;12.08.2025 15:46;95.00
8,69061E+12;8,69061E+12;;ADET;Ean 13;SÜPERFRESH TON BALIK ZEYT?NYAGLI 3X75GR;135.00 TL;105.00;;TÜRK?YE;11.05.2024;
8,69061E+12;8,69061E+12;;ADET;Ean 13;SÜPERFRESH TON BALI?I 2X140GR;230.00 TL;105.00;;TÜRK?YE;11.05.2024;
8,69061E+12;8,69061E+12;-1;ADET;Ean 13;SÜPERFRESH TON BALIK 3X75GR;250.00 TL;96.00;;TÜRK?YE;11.05.2024;
8,69061E+12;8,69061E+12;-2;ADET;Ean 13;SÜPERFRESH DEV PIZZA KING 780GR 4LU;395.00 TL;144.00;;TÜRK?YE;4.03.2026 11:52;289.00
8,69061E+12;8,69061E+12;;ADET;Ean 13;SÜPERFRESH M?LFÖY HAMURU 18'L?;149.00 TL;64.00;;TÜRK?YE;15.10.2025 15:17;109.00
8,69061E+12;8,69061E+12;-1;ADET;Ean 13;SÜPERFRESH PATATES 800GR;159.00 TL;95.91;;TÜRK?YE;25.12.2024 16:25;150.00
8,69061E+12;8,69061E+12;;ADET;Ean 13;SÜPERFRESH PATATES KIZARTMASI 450GR;95.00 TL;62.00;;TÜRK?YE;12.08.2025 15:49;85.00
8,69061E+12;8,69061E+12;-1;ADET;Ean 13;SÜPERFRESH PATATESL? RULO BÖREK 420GR;140.00 TL;56.00;;TÜRK?YE;15.10.2025 15:10;125.00
8,69061E+12;8,69061E+12;;ADET;Ean 13;SÜPERFRESH RULO BÖREK PEYN?RL? 240GR;140.00 TL;56.00;;TÜRK?YE;15.10.2025 15:10;125.00
8,69061E+12;8,69061E+12;-1;ADET;Ean 13;SÜPERFRESH RULO BÖREK ISPANAKLI 420GR;140.00 TL;56.00;;TÜRK?YE;15.10.2025 15:10;125.00
8,69061E+12;8,69061E+12;;ADET;Ean 13;SÜPERFRESH SÜT MISIR 450GR125;125.00 TL;56.00;;TÜRK?YE;27.11.2024 14:54;85.00
8,69061E+12;8,69061E+12;;ADET;Ean 13;SÜPERFRESH SO?AN HALKASI 450GR;135.00 TL;68.00;;TÜRK?YE;8.11.2024 13:52;85.00
8,69061E+12;8,69061E+12;;ADET;Ean 13;SÜPERFESH ISPANAK 450GR;75.00 TL;42.00;;TÜRK?YE;12.08.2025 15:50;65.00
8,69061E+12;8,69061E+12;;ADET;Ean 13;SÜPERFRESH BEZELYE 450GR;110.00 TL;48.00;;TÜRK?YE;12.08.2025 15:50;82.00
50189052;50189052;;ADET;Ean 8;POLO ORIGINAL SEKER;30.00 TL;;;TÜRK?YE;7.04.2026 12:44;25.00
8,69053E+12;8,69053E+12;;ADET;Ean 13;PINAR L?MONATA 1LT;70.00 TL;;;TÜRK?YE;17.07.2026 11:46;35.00
8,69961E+12;8,69961E+12;;ADET;Ean 13;GRIPIN;20.00 TL;15.00;;TÜRK?YE;11.05.2024;
8,68183E+12;8,68183E+12;;ADET;Ean 13;LINKAGE USB SARJ KABLOSU LIGHTNING 1 MT;75.00 TL;;;TÜRK?YE;12.05.2024;
8,69077E+12;8,69077E+12;;ADET;Ean 13;ÜLKER DONUT Ç?KOLATALI SOSLU 45 GR;15.00 TL;;;TÜRK?YE;21.02.2025 11:55;10.00
8,6905E+12;8,6905E+12;;ADET;Ean 13;ÜLKER BEBE 400GR EKO;100.00 TL;;;TÜRK?YE;19.01.2025 13:20;60.00
8,6905E+12;8,6905E+12;;ADET;Ean 13;ÜLKER HANIMELLER TEREYAGLI 152GR;50.00 TL;;;TÜRK?YE;26.04.2025 00:04;35.00
8,6905E+12;8,6905E+12;;ADET;Ean 13;ÜLKER HANIMELLER FRAMBUAZ SOSLU 150 GR;50.00 TL;;;TÜRK?YE;28.10.2025 13:08;40.00
8,6905E+12;8,6905E+12;;ADET;Ean 13;ÜLKER ALBENI TANE TANE 29GR;30.00 TL;;;TÜRK?YE;16.10.2024 21:57;18.00
8,69077E+12;8,69077E+12;;ADET;Ean 13;SÜTA? YO?URT KAYMAKLI 500GR ;55.00 TL;;;TÜRK?YE;5.05.2026 11:23;45.00
5,00011E+12;5,00011E+12;-1;ADET;Ean 13;FUSE TEA 1LT;70.00 TL;;;TÜRK?YE;22.07.2026 11:53;65.00
8,68379E+12;8,68379E+12;;ADET;Ean 13;SARIYER COLA 1 LT;55.00 TL;;;TÜRK?YE;30.01.2026 15:03;45.00
8,69056E+12;8,69056E+12;;ADET;Ean 13;D?MES COOL BERRY ÖZÜ 310ML;60.00 TL;;;TÜRK?YE;14.06.2025 15:06;45.00
8,69056E+12;8,69056E+12;;ADET;Ean 13;COOL L?ME ÖZÜ 310 ML;60.00 TL;;;TÜRK?YE;13.05.2024;
8,69056E+12;8,69056E+12;;ADET;Ean 13;D?MES COOL L?ME M?X ?EKERS?Z 310 ML;60.00 TL;;;TÜRK?YE;3.01.2025 11:33;40.00
8,69056E+12;8,69056E+12;;ADET;Ean 13;D?MES COOL KARPUZ 310ML;60.00 TL;;;TÜRK?YE;3.01.2025 11:33;40.00
8,69056E+12;8,69056E+12;;ADET;Ean 13;D?MES MILK SHAKE CILEK VE VANILYA 310 ML;60.00 TL;;;TÜRK?YE;3.01.2025 11:35;45.00
8690558037;86905580373;;ADET;Ean 13;D?MES M?LK SHAKE KARAMEL 310 ML;60.00 TL;;;TÜRK?YE;14.06.2025 15:05;50.00
8,69056E+12;8,69056E+12;;ADET;Ean 13;D?MES MILK SHAKE CIKOLATA MUZ KURABIYE 310 ML;60.00 TL;;;TÜRK?YE;14.06.2025 15:06;50.00
8,69056E+12;8,69056E+12;;ADET;Ean 13;D?MES TETRA 1LT KARPUZ CILEK;60.00 TL;;;TÜRK?YE;13.06.2025 11:59;50.00
8,69056E+12;8,69056E+12;-3;ADET;Ean 13;D?MES TETRA 1LT KARISIK ;70.00 TL;;;TÜRK?YE;13.06.2025 11:59;50.00
8,69056E+12;8,69056E+12;;ADET;Ean 13;D?MES TETRA 1LT MANGO AROMALI ICECEK;60.00 TL;;;TÜRK?YE;13.06.2025 11:59;50.00
8,69056E+12;8,69056E+12;;ADET;Ean 13;D?MES TETRA 1LT KARISIK MEYVE;70.00 TL;;;TÜRK?YE;19.02.2026 15:18;60.00
8,69056E+12;8,69056E+12;;ADET;Ean 13;D?MES 200ML 7/24 MEYVA SUYU;20.00 TL;;;TÜRK?YE;3.07.2026 11:01;15.00
86900188;86900188;;ADET;Ean 8;D?MES 200ML VISNE MAYVE SUYU;20.00 TL;;;TÜRK?YE;3.07.2026 11:01;15.00
8,69056E+12;8,69056E+12;;ADET;Ean 13;D?MES 200ML KARISIK;20.00 TL;;;TÜRK?YE;3.07.2026 11:01;15.00
86900201;86900201;;ADET;Ean 8;D?MES 200ML SEFTALI;20.00 TL;;;TÜRK?YE;3.07.2026 11:01;15.00
8,69056E+12;8,69056E+12;;ADET;Ean 13;D?MES M.SUYU 200 ML ANANAS;20.00 TL;;;TÜRK?YE;3.07.2026 11:01;15.00
86900195;86900195;;ADET;Ean 8;D?MES 200ML KAYISI;20.00 TL;;;TÜRK?YE;3.07.2026 11:01;15.00
8,69056E+12;8,69056E+12;;ADET;Ean 13;D?MES XPRESS KARAMURVER;20.00 TL;;;TÜRK?YE;3.07.2026 11:00;15.00
8,69056E+12;8,69056E+12;;ADET;Ean 13;D?MES KARPUZ;20.00 TL;;;TÜRK?YE;3.07.2026 11:00;15.00
8,69056E+12;8,69056E+12;;ADET;Ean 13;D?MES SIKMA NAR 700 ML;190.00 TL;;;TÜRK?YE;3.07.2026 15:43;150.00
8,69056E+12;8,69056E+12;-1;ADET;Ean 13;D?MES SIKMA;190.00 TL;;;TÜRK?YE;1.04.2026 17:37;135.00
8,69056E+12;8,69056E+12;;ADET;Ean 13;D?MES TAZE SIKMA 700ML KARISIK;190.00 TL;;;TÜRK?YE;1.04.2026 17:37;135.00
8,69056E+12;8,69056E+12;;ADET;Ean 13;D?MES 1LT KARISIK CAM;100.00 TL;;;TÜRK?YE;3.07.2026 11:06;90.00
8,69056E+12;8,69056E+12;-1;ADET;Ean 13;D?MES 1LT SEFTALI CAM;100.00 TL;;;TÜRK?YE;3.07.2026 11:07;90.00
8,69056E+12;8,69056E+12;-1;ADET;Ean 13;D?MES V??NE;100.00 TL;;;TÜRK?YE;3.07.2026 11:07;90.00
8,69588E+12;8,69588E+12;;ADET;Ean 13;PEYMAN BAHÇEDEN KAJULU FRENK ÜZÜMLÜ CH?ALI BAR;25.00 TL;;;TÜRK?YE;16.06.2025 21:21;20.00
8,69588E+12;8,69588E+12;;ADET;Ean 13;PEYMAN BAHÇEDEN YER FISTIKLI BAR 30 GR;35.00 TL;;;TÜRK?YE;16.06.2025 21:21;15.00
8,69056E+12;8,69056E+12;;ADET;Ean 13;D?MES M?LKSHAKE ANTEP FISTIK VE BEYAZ Ç?KOLATALI;60.00 TL;;;TÜRK?YE;3.01.2025 11:40;45.00
8,69056E+12;8,69056E+12;;ADET;Ean 13;D?MES M?LKSHAKE KARAMELL? 310ML;60.00 TL;;;TÜRK?YE;3.01.2025 11:40;45.00
8,69588E+12;8,69588E+12;;ADET;Ean 13;PEYMAN NUTZZ POPCORN KLASIK 105GR;50.00 TL;;;TÜRK?YE;16.06.2025 21:19;40.00
8,69588E+12;8,69588E+12;;ADET;Ean 13;PEYMAN NUTZZ POPZZ FISTIK EZMEL?;45.00 TL;;;TÜRK?YE;16.06.2025 21:18;40.00
8,69588E+12;8,69588E+12;;ADET;Ean 13;PEYMAN NUTZZ POPZZ SO?AN AROMALI ;45.00 TL;;;TÜRK?YE;16.06.2025 21:18;40.00
8,69588E+12;8,69588E+12;;ADET;Ean 13;PEYMAN CITLIYO KARA SIM. KLASIK 180GR;55.00 TL;;;TÜRK?YE;16.06.2025 21:17;50.00
8,69588E+12;8,69588E+12;;ADET;Ean 13;PEYMAN CITLIYO KARA SIM. BOL TUZLU 190 GR;55.00 TL;;;TÜRK?YE;16.06.2025 21:17;50.00
8,69588E+12;8,69588E+12;;ADET;Ean 13;PEYMAN BAHÇEDEN KAVRULMU? BADEM 140GR;150.00 TL;;;TÜRK?YE;16.06.2025 21:11;130.00
8,69588E+12;8,69588E+12;;ADET;Ean 13;PEYMAN BAHÇEDEN CEVIZ ICI 140GR;180.00 TL;;;TÜRK?YE;16.06.2025 21:09;150.00
8,69588E+12;8,69588E+12;;ADET;Ean 13;PEYMAN CITLIYO KARA SIMSEK BOL TUZLU 120GR;35.00 TL;;;TÜRK?YE;16.06.2025 21:21;30.00
8,69588E+12;8,69588E+12;;ADET;Ean 13;PEYMAN CITLIYO KARA SIMSEK 120GR;35.00 TL;;;TÜRK?YE;16.06.2025 21:19;30.00
8,69588E+12;8,69588E+12;;ADET;Ean 13;PEYMAN NUTZZ CRUNCH ?SL? BARBEKÜ AROMALI 82GR;30.00 TL;;;TÜRK?YE;16.06.2025 21:21;25.00
8,69588E+12;8,69588E+12;;ADET;Ean 13;PEYMAN NUTZZ CRUNCH CHEDDAR SO?AN AROMALI 82GR;30.00 TL;;;TÜRK?YE;16.06.2025 21:21;25.00
8,69588E+12;8,69588E+12;;ADET;Ean 13;PEYMAN 130GR NUTTZZ ACILI;45.00 TL;;;TÜRK?YE;16.06.2025 21:18;40.00
8,69588E+12;8,69588E+12;;ADET;Ean 13;PEYMAN NUTZZ TACO YER FISTIGI 100GR;45.00 TL;;;TÜRK?YE;16.06.2025 21:18;40.00
8,69588E+12;8,69588E+12;;ADET;Ean 13;PEYMAN 130GR NUTZZ OR?G?NAL;45.00 TL;;;TÜRK?YE;16.06.2025 21:17;40.00
8,69588E+12;8,69588E+12;;ADET;Ean 13;PEYMAN DEN?Z TUZLU YER FISTIGI 175GR;70.00 TL;;;TÜRK?YE;16.06.2025 21:17;60.00
8,69588E+12;8,69588E+12;;ADET;Ean 13;PEYMAN BAHÇEDEN IC KABAK 150 GR ;150.00 TL;;;TÜRK?YE;16.06.2025 21:15;95.00
8,69588E+12;8,69588E+12;;ADET;Ean 13;PEYMAN BAHÇEDEN 200GR KURU UZUM;90.00 TL;;;TÜRK?YE;16.06.2025 21:15;80.00
8,69588E+12;8,69588E+12;;ADET;Ean 13;PEYMAN 140 GR BAHÇEDEN GUNKURUSU KAYISI;185.00 TL;;;TÜRK?YE;16.06.2025 21:08;165.00
8,69588E+12;8,69588E+12;;ADET;Ean 13;PEYMAN BAHÇEDEN KURU KAYISI 140GR;215.00 TL;;;TÜRK?YE;16.06.2025 21:08;150.00
8,69588E+12;8,69588E+12;;ADET;Ean 13;PEYMAN BAHÇEDEN CIG KARISIK ENERJI 140 GR;140.00 TL;;;TÜRK?YE;16.06.2025 21:11;125.00
8,69588E+12;8,69588E+12;;ADET;Ean 13;PEYMAN BAHÇEDEN KURU ER?K 140GR;75.00 TL;;;TÜRK?YE;16.06.2025 21:15;65.00
8,69588E+12;8,69588E+12;;ADET;Ean 13;PEYMAN BAHÇEDEN DUT KURUSU 100GR;125.00 TL;;;TÜRK?YE;16.06.2025 21:17;55.00
8,69588E+12;8,69588E+12;;ADET;Ean 13;PEYMAN BAHÇEDEN Ç?? KARISIK ARA OGUN 140 GR;160.00 TL;;;TÜRK?YE;16.06.2025 21:11;125.00
8,69588E+12;8,69588E+12;;ADET;Ean 13;PEYMAN BAHÇEDEN TUZLU LEBLEB? 180GR;100.00 TL;;;TÜRK?YE;16.06.2025 21:17;45.00
8,69588E+12;8,69588E+12;;ADET;Ean 13;PEYMAN 180 GR BAHÇEDEN LEBLEBI;75.00 TL;;;TÜRK?YE;16.06.2025 21:16;60.00
8,69588E+12;8,69588E+12;-1;ADET;Ean 13;PEYMAN BAHÇEDEN 180GR KLASIK MIX;165.00 TL;;;TÜRK?YE;16.06.2025 21:15;110.00
8,69588E+12;8,69588E+12;;ADET;Ean 13;PEYMAN DORLEO ASORTI MIX 140GR;275.00 TL;;;TÜRK?YE;16.06.2025 21:07;185.00
8,69588E+12;8,69588E+12;;ADET;Ean 13;PEYMAN BAHÇEEN 180 GR BEYAZ LEBLEBI;90.00 TL;;;TÜRK?YE;16.06.2025 21:17;45.00
8,69588E+12;8,69588E+12;;ADET;Ean 13;PEYMAN BAHÇEDEN BADEM 140 GR;160.00 TL;;;TÜRK?YE;16.06.2025 21:09;135.00
8,69588E+12;8,69588E+12;-1;ADET;Ean 13;PEYMAN BAHÇEDEN ORTAYA KARISIK SOSLU;150.00 TL;;;TÜRK?YE;16.06.2025 21:15;80.00
8,69588E+12;8,69588E+12;;ADET;Ean 13;PEYMAN BAHÇEDEN 80GR LEBLEBI;30.00 TL;;;TÜRK?YE;16.06.2025 21:21;25.00
8,69588E+12;8,69588E+12;-1;ADET;Ean 13;PEYMAN BAHÇEDEN 80GR KARISIK KLASIK;60.00 TL;;;TÜRK?YE;16.06.2025 21:17;50.00
8,69588E+12;8,69588E+12;;ADET;Ean 13;PEYMAN BAHÇEDEN SOSLU KARISIK KURUYEMIS 80GR;55.00 TL;;;TÜRK?YE;16.06.2025 21:19;35.00
8,69588E+12;8,69588E+12;;ADET;Ean 13;PEYMAN DORLEO KIZARTILMIS YER FISTIGI 70GR;30.00 TL;;;TÜRK?YE;16.06.2025 21:21;25.00
8,69588E+12;8,69588E+12;;ADET;Ean 13;PEYMAN BAHÇEDEN 80GR LEBLEBI BEYAZ;40.00 TL;;;TÜRK?YE;16.06.2025 21:21;25.00
8,69588E+12;8,69588E+12;;ADET;Ean 13;PEYMAN  BAHÇEDEN 90GR LEBLEBI TUZLU;40.00 TL;;;TÜRK?YE;16.06.2025 21:21;25.00
8,69588E+12;8,69588E+12;;ADET;Ean 13;PEYMAN BAHÇEDEN 90GR FINDIK ICI;185.00 TL;;;TÜRK?YE;16.06.2025 21:15;105.00
8,69588E+12;8,69588E+12;;ADET;Ean 13;PEYMAN 70GR FINDIK ICI TUZLU KAVRULMUS;120.00 TL;;;TÜRK?YE;16.06.2025 21:15;80.00
8,69588E+12;8,69588E+12;-2;ADET;Ean 13;PEYMAN DORLEO KABUKLU ANTEP FISTIGI 70GR;175.00 TL;;;TÜRK?YE;16.06.2025 21:15;100.00
8,69588E+12;8,69588E+12;-2;ADET;Ean 13;PEYMAN 85GR IC YER FISTIGI;40.00 TL;;;TÜRK?YE;16.06.2025 21:19;35.00
8,69588E+12;8,69588E+12;;ADET;Ean 13;PEYMAN BAHÇEDEN 90GR BADEM;100.00 TL;;;TÜRK?YE;16.06.2025 21:15;80.00
8,69053E+12;8,69053E+12;;ADET;Ean 13;SELPAK MENDIL KLASIK;15.00 TL;;;TÜRK?YE;13.05.2024;
8,69077E+12;8,69077E+12;;ADET;Ean 13;ÜLKER HANIMELLER LIMONLU KURABIYE ;50.00 TL;;;TÜRK?YE;13.05.2024;
8,00654E+12;8,00654E+12;;ADET;Ean 13;HEAD SHOULDERS %100 KEPE?E KAR?I 330ML;139.00 TL;;;TÜRK?YE;3.12.2024 15:03;110.00
8,68135E+12;8,68135E+12;;ADET;Ean 13;SODA AV?AR LIMONLU ;20.00 TL;;;TÜRK?YE;13.12.2025 21:18;17.50
1046;;;KG;[Hiçbiri];TOZ ?EKER K?;35.00 TL;;;;14.05.2024 10:37;
8,6905E+12;8,6905E+12;;ADET;Ean 13;ÜLKER 9 KAT TAT PORTAKAL KREMALI 39 GR;15.00 TL;;;TÜRK?YE;20.12.2025 11:37;Ara.50
8,69088E+12;8,69088E+12;-3;ADET;Ean 13;YUDUM AYÇ?ÇEKYAGI 2 KG;340.00 TL;;;TÜRK?YE;11.07.2026 11:14;299.00
8,69064E+12;8,69064E+12;;ADET;Ean 13;TAT PERI PERI ACI SOS 225 GR;57.50 TL;39.61;;TÜRK?YE;14.05.2024;
8,69064E+12;8,69064E+12;;ADET;Ean 13;TAT HARDAL 230 GR;145.00 TL;39.61;;TÜRK?YE;7.05.2026 13:01;150.00
8,69064E+12;8,69064E+12;;ADET;Ean 13;TAT BURGER SOS 210GR;57.50 TL;39.61;;TÜRK?YE;14.05.2024;
8,69064E+12;8,69064E+12;;ADET;Ean 13;TAT MAYONEZ 205GR SARIMSAKLI;57.50 TL;39.61;;TÜRK?YE;14.05.2024;
8,69064E+12;8,69064E+12;;ADET;Ean 13;TAT ACI SOS 230GR;115.00 TL;39.61;;TÜRK?YE;4.06.2026 12:17;99.00
8,69011E+12;8,69011E+12;-2;ADET;Ean 13;ÇAYKUR TOMURCUK 125 GR TENEKE;175.00 TL;41.00;;TÜRK?YE;21.07.2026 16:04;120.00
8,69744E+12;8,69744E+12;;ADET;Ean 13;OZDEN SUCUK 200GR PILIC;60.00 TL;;;TÜRK?YE;14.05.2024;
8,69011E+12;8,69011E+12;-2;ADET;Ean 13;ÇAYKUR D?D? ?EFTAL? 2.5LT;80.00 TL;31.00;;TÜRK?YE;3.02.2026 14:31;70.00
8,69332E+12;8,69332E+12;;ADET;Ean 13;NAZAR SAKIZ 5LI KARPUZLU 7GR;15.00 TL;;;TÜRK?YE;4.04.2026 14:24;Ara.50
9,0001E+12;9,0001E+12;;ADET;Ean 13;PERSIL MATIK 7KG GUL;290.00 TL;;;TÜRK?YE;14.05.2024;
8,69063E+12;8,69063E+12;;ADET;Ean 13;MEHMET EFENDI COLOMBIAN KAHVE 250GR;315.00 TL;;;TÜRK?YE;24.08.2025 12:34;250.00
8,69063E+12;8,69063E+12;;ADET;Ean 13;MEHMET EFENDI BRAZILIAN KAHVE 250GR;315.00 TL;;;TÜRK?YE;24.08.2025 12:34;250.00
8,69056E+12;8,69056E+12;;ADET;Ean 13;DARDENEL TON 75GX3;105.00 TL;;;TÜRK?YE;15.05.2024;
8,69063E+12;8,69063E+12;;ADET;Ean 13;DR OETKER CIKOLATALI SOS 128 GR;50.00 TL;;;TÜRK?YE;27.03.2025 08:16;45.00
80924968;80924968;;ADET;Ean 8;V?V?DENT STORMING STIK NANE;20.00 TL;;;TÜRK?YE;15.05.2024;
80857228;80857228;;ADET;Ean 8;V?V?DENT STORMING STIK KARPUZ;15.00 TL;;;TÜRK?YE;15.05.2024;
80850779;80850779;;ADET;Ean 8;BIG BABOL MAGIC CUBES 86GR*10;50.00 TL;;;TÜRK?YE;15.05.2024;
8,69059E+12;8,69059E+12;;ADET;Ean 13;ABDURRAHMAN TATLICI VAN?LYALI GOFRET 200GR;30.00 TL;20.00;;TÜRK?YE;15.05.2024;
8,69059E+12;8,69059E+12;;ADET;Ean 13;ABDURRAHMAN TATLICI TADIBU KAKAOLU FINDIK EZMESI 330GR;325.00 TL;104.00;;TÜRK?YE;13.08.2024 21:23;125.00
8,69774E+12;8,69774E+12;-1;ADET;Ean 13;ERZ?NCAN PETEK BAL 300 GR;190.00 TL;62.00;;TÜRK?YE;24.09.2025 19:01;99.00
8,69774E+12;8,69774E+12;-1;ADET;Ean 13;ERZ?NCAN PETEK BAL 700 GR;325.00 TL;125.00;;TÜRK?YE;24.09.2025 19:27;380.00
8,69774E+12;8,69774E+12;-1;ADET;Ean 13;ERZ?NCAN SUZME CICEK BALI 860 GR;380.00 TL;101.00;;TÜRK?YE;24.09.2025 19:00;199.00
8,69774E+12;8,69774E+12;;ADET;Ean 13;ERZ?NCAN SUZME CICEK BALI 460 GR;200.00 TL;58.00;;TÜRK?YE;24.09.2025 19:00;119.00
8,69774E+12;8,69774E+12;;ADET;Ean 13;ERZ?NCAN SUZME CICEK BALI 225 GR;100.00 TL;33.00;;TÜRK?YE;24.09.2025 19:01;99.00
8,69774E+12;8,69774E+12;;ADET;Ean 13;ERZ?NCAN SUZME CICEK BALI 280 GR ÇIT KAPAK;140.00 TL;43.85;;TÜRK?YE;13.08.2024 21:20;65.00
8,69534E+12;8,69534E+12;;ADET;Ean 13;BA?CI ZEYTIN LUX 900GR;199.00 TL;110.00;;TÜRK?YE;15.05.2024 17:36;194.00
8,69534E+12;8,69534E+12;;ADET;Ean 13;BA?CI SIYAH ZEYTIN PET 1,400GR;350.00 TL;162.00;;TÜRK?YE;4.06.2026 11:09;245.00
8,69018E+12;8,69018E+12;;ADET;Ean 13;BE?LER 250GR PIKNIK PILIC SALAM;75.00 TL;46.50;;TÜRK?YE;30.08.2024 14:48;65.00
8,69018E+12;8,69018E+12;;ADET;Ean 13;BE?LER MACAR SALAM %100 DANA ETI 240 GR;155.00 TL;94.50;;TÜRK?YE;30.08.2024 14:48;145.00
8,69018E+12;8,69018E+12;;ADET;Ean 13;BE?LER DILIMLI KAVURMA 100 GR;139.00 TL;83.00;;TÜRK?YE;30.08.2024 14:47;125.00
8,68159E+12;8,68159E+12;-1;ADET;Ean 13;HÜNKAR PILIC DILIMLI SUCUK 220 GR;120.00 TL;55.00;;TÜRK?YE;19.10.2024 23:15;70.00
8,68159E+12;8,68159E+12;-1;ADET;Ean 13;BE?LER FERMENTE DANA SUCUK 300GR;335.00 TL;125.00;;TÜRK?YE;11.08.2025 15:46;269.00
5,90095E+12;5,90095E+12;;ADET;Ean 13;WH?SKAS KED? MAMASI TON BALIKLI 85GR;35.00 TL;12.00;;TÜRK?YE;7.05.2025 00:13;30.00
5,90095E+12;5,90095E+12;-11;ADET;Ean 13;WH?SKAS KED? MAMASI SI?IR ETL? 85GR;40.00 TL;12.00;;TÜRK?YE;7.05.2025 00:13;30.00
5,90095E+12;5,90095E+12;;ADET;Ean 13;WH?SKAS KED? MAMASI SOMONLU 85GR;40.00 TL;12.00;;TÜRK?YE;7.05.2025 00:13;30.00
8,68295E+12;8,68295E+12;;ADET;Ean 13;BURUCEK NAR EKSILI SOS 500 GR;35.00 TL;24.00;;TÜRK?YE;13.08.2024 21:47;30.00
8,68295E+12;8,68295E+12;;ADET;Ean 13;BURUCEK NAR EKSILI SOS 1000 GR;110.00 TL;33.00;;TÜRK?YE;13.08.2024 21:47;47.50
8,69032E+12;8,69032E+12;;ADET;Ean 13;ÖZBEY KOCBASI NOHUT 1 KG;120.00 TL;70.00;;TÜRK?YE;3.12.2025 15:48;85.00
8,69032E+12;8,69032E+12;;ADET;Ean 13;ÖZBEY KIRIK PIRINC 1 KG;85.00 TL;19.00;;TÜRK?YE;27.07.2026 15:33;65.00
8,69032E+12;8,69032E+12;-1;ADET;Ean 13;ÖZBEY TRAKYA BALDO PIRINC 1000 GR;135.00 TL;51.00;;TÜRK?YE;23.06.2026 18:18;120.00
8,69032E+12;8,69032E+12;-1;ADET;Ean 13;ÖZBEY GONEN BALDO PIRINC 1 KG;150.00 TL;80.00;;TÜRK?YE;23.10.2024 15:58;97.50
8,69032E+12;8,69032E+12;;ADET;Ean 13;ÖZBEY YESIL MERCIMEK 1 KG;130.00 TL;77.00;;TÜRK?YE;31.10.2025 19:21;95.00
8,69032E+12;8,69032E+12;;ADET;Ean 13;ÖZBEY KIRMIZI MERCIMEK 1 KG;155.00 TL;39.00;;TÜRK?YE;31.10.2025 19:21;85.00
8,69032E+12;8,69032E+12;-1;ADET;Ean 13;ÖZBEY FASULYE 1 KG;140.00 TL;70.00;;TÜRK?YE;30.08.2024 14:51;85.00
8,69032E+12;8,69032E+12;-4;ADET;Ean 13;ÖZBEY ASURELIK BUGDAY 1 KG;60.00 TL;22.00;;TÜRK?YE;3.12.2025 15:47;40.00
8,69032E+12;8,69032E+12;;ADET;Ean 13;ÖZBEY POPCORN 1 KG;80.00 TL;31.00;;TÜRK?YE;27.07.2026 15:33;60.00
8,69032E+12;8,69032E+12;;ADET;Ean 13;ÖZBEY BEYAZ NOHUT 1 KG;145.00 TL;102.00;;TÜRK?YE;27.10.2025 15:49;135.00
8,69032E+12;8,69032E+12;;ADET;Ean 13;ÖZBEY ESMER KOFTELIK BULGUR 1 KG;70.00 TL;29.00;;TÜRK?YE;27.07.2026 15:33;55.00
8,69032E+12;8,69032E+12;;ADET;Ean 13;ÖZBEY KOFTELIK BULGUR 1 KG;70.00 TL;29.00;;TÜRK?YE;27.07.2026 15:33;55.00
8,69032E+12;8,69032E+12;;ADET;Ean 13;ÖZBEY PILAVLIK BULGUR 1 KG;70.00 TL;29.00;;TÜRK?YE;27.07.2026 15:33;55.00
8,69032E+12;8,69032E+12;;ADET;Ean 13;ÖZBEY SEHRIYELI P?LAVLIK BULGUR 1 KG;70.00 TL;29.00;;TÜRK?YE;27.07.2026 15:32;55.00
8,69032E+12;8,69032E+12;-1;ADET;Ean 13;ÖZBEY BASBASI PILAVLIK BULGUR 1KG.;70.00 TL;29.00;;TÜRK?YE;27.07.2026 15:32;65.00
8,69277E+12;8,69277E+12;;ADET;Ean 13;DO?U? D?L?ML? TOST PEYNIRI 350 GR;99.00 TL;75.50;;TÜRK?YE;30.08.2024 14:57;95.00
8,69745E+12;8,69745E+12;;ADET;Ean 13;TÜRKOVA DILIMLI TOST PEYNIRI 200 GR;75.00 TL;51.00;;TÜRK?YE;30.08.2024 14:54;65.00
8,69554E+12;8,69554E+12;;ADET;Ean 13;MURATBEY 200GR TEL PEYNIR;139.00 TL;81.00;;TÜRK?YE;22.11.2024 21:35;105.00
8,69277E+12;8,69277E+12;;ADET;Ean 13;DO?U? ÇEÇ?L PEYNIRI 100 GR;49.00 TL;31.00;;TÜRK?YE;30.08.2024 14:57;45.00
8,69554E+12;8,69554E+12;;ADET;Ean 13;MURATBEY 300GR TAZE KASAR;145.00 TL;107.00;;TÜRK?YE;15.05.2024;
8,69554E+12;8,69554E+12;;ADET;Ean 13;MURATBEY 200GR TOPI PEYNIR;169.00 TL;81.00;;TÜRK?YE;10.08.2024 16:35;105.00
8,69554E+12;8,69554E+12;;ADET;Ean 13;MURATBEY 500GR LOR PEYNIRI;125.00 TL;48.00;;TÜRK?YE;1.07.2024 16:59;60.00
8,69277E+12;8,69277E+12;-3;ADET;Ean 13;DO?U? BEYAZ PEYNIR 600GR SERT YAM YAGLI;330.00 TL;130.00;;TÜRK?YE;2.07.2026 17:44;295.00
8,69166E+12;8,69166E+12;-1;ADET;Ean 13;ÜNAL DILIMLI TRAKYA TAM YAGLI BEYAZ PEYNIR 450 GR.;350.00 TL;140.00;;TÜRK?YE;2.07.2026 17:44;320.00
8,69166E+12;8,69166E+12;-3;ADET;Ean 13;ÜNAL TRAKYA TAM YAGLI BEYAZ PEYNIR 500 GR;350.00 TL;140.00;;TÜRK?YE;2.07.2026 17:44;320.00
8,69554E+12;8,69554E+12;;ADET;Ean 13;MURATBEY KASAR 225GR;110.00 TL;84.00;;TÜRK?YE;15.05.2024;
8,69554E+12;8,69554E+12;;ADET;Ean 13;MURATBEY ANADOLU LEZZETI 200GR;139.00 TL;81.00;;TÜRK?YE;15.05.2024;
8,69277E+12;8,69277E+12;;ADET;Ean 13;DO?U? KOY TEREYAGI 500GR;345.00 TL;151.00;;TÜRK?YE;2.04.2025 12:27;215.00
8,69166E+12;8,69166E+12;;ADET;Ean 13;ÜNAL KASAR PEYNIRI 400GR;175.00 TL;114.00;;TÜRK?YE;30.08.2024 14:59;165.00
8,69166E+12;8,69166E+12;;ADET;Ean 13;ÜNAL TAM YAGLI TAZE KASAR PEYNIRI 250 GR.;135.00 TL;72.00;;TÜRK?YE;2.02.2025 19:04;129.00
8,69745E+12;8,69745E+12;;ADET;Ean 13;TÜRKOVA AC BITIR KASAR 75 GR;27.50 TL;22.00;;TÜRK?YE;15.05.2024;
8,69277E+12;8,69277E+12;-1;ADET;Ean 13;DO?U? BEYAZ PEYNIR 600GR TAM YAGLI;330.00 TL;129.00;;TÜRK?YE;2.07.2026 17:44;295.00
8,69554E+12;8,69554E+12;;ADET;Ean 13;MURATBEY TAZE KASAR 500 GR;210.00 TL;163.00;;TÜRK?YE;15.05.2024;
8,69554E+12;8,69554E+12;;ADET;Ean 13;MURATBEY BURGU 200GR;169.00 TL;81.00;;TÜRK?YE;15.05.2024;
8,69101E+12;8,69101E+12;;ADET;Ean 13;OVA UN 1 KG;45.00 TL;21.00;;TÜRK?YE;27.10.2025 15:48;40.00
8,69101E+12;8,69101E+12;;ADET;Ean 13;OVA UN 2 KG;90.00 TL;42.00;;TÜRK?YE;17.12.2025 10:48;80.00
8,69101E+12;8,69101E+12;;ADET;Ean 13;OVA UN 5KG;215.00 TL;102.00;;TÜRK?YE;27.10.2025 15:48;165.00
8,60026E+12;8,60026E+12;;ADET;Ean 13;MISIRLI  ERKEK ÇORABI D?K??S?Z;60.00 TL;;;TÜRK?YE;19.12.2025 11:22;50.00
86907187;86907187;;ADET;Ean 8;SÜZEN FILTRE 30 ADET;30.00 TL;;;TÜRK?YE;16.05.2024;
8,69996E+12;8,69996E+12;;ADET;Ean 13;OSAKA 302 SUPER YAPISTIRICI;40.00 TL;;;TÜRK?YE;16.05.2024;
8,68306E+12;8,68306E+12;;ADET;Ean 13;NOVALG?N 500 MG TABLET;150.00 TL;;;TÜRK?YE;16.05.2024;
8,69954E+12;8,69954E+12;;ADET;Ean 13;TYLOL 500 MG ;100.00 TL;;;TÜRK?YE;16.05.2024;
8,69779E+12;8,69779E+12;;ADET;Ean 13;TARAFTAR ÇAKMA?I METAL FB;30.00 TL;;;TÜRK?YE;16.05.2024;
8,69779E+12;8,69779E+12;;ADET;Ean 13;TARAFTAR ÇAKMA?I METAL BJK;30.00 TL;;;TÜRK?YE;16.05.2024;
8,69779E+12;8,69779E+12;;ADET;Ean 13;TARAFTAR ÇAKMA?I METAL GS;30.00 TL;;;TÜRK?YE;16.05.2024;
8,69962E+12;8,69962E+12;-3;ADET;Ean 13;FLAS CAKMAK GAZI TUP 200ML 12LI;60.00 TL;;;TÜRK?YE;16.05.2024;
8,69079E+12;8,69079E+12;;ADET;Ean 13;TADIM 30GR TADIMCA YER FISTIKLI;35.00 TL;Tem.50;;TÜRK?YE;9.09.2025 14:46;20.00
8,69079E+12;8,69079E+12;-1;ADET;Ean 13;TADIM 30GR SPORTIF BAR;35.00 TL;Tem.50;;TÜRK?YE;16.05.2024;
8,69079E+12;8,69079E+12;;ADET;Ean 13;TADIM 30GR FINDIKLI BAR25;35.00 TL;Kas.50;;TÜRK?YE;16.05.2024;
4,0845E+12;4,0845E+12;;ADET;Ean 13;FAIRY TABLET 36 LI;249.00 TL;190.00;;TÜRK?YE;16.05.2024;
8,68142E+12;8,68142E+12;;ADET;Ean 13;CROP?X ÇÖP TORBASI ORTA BOY 20'L?;30.00 TL;;;TÜRK?YE;31.10.2025 10:05;25.00
8,69637E+12;8,69637E+12;;ADET;Ean 13;DANETTE PUDING 70GR 4LU CIKOLATALI D089;15.00 TL;;;TÜRK?YE;3.02.2025 10:31;10.00
8,69071E+12;8,69071E+12;;ADET;Ean 13;KOSKA FISTIKLI HELVA 200 GR;165.00 TL;;;TÜRK?YE;7.01.2026 09:11;125.00
5,00011E+12;5,00011E+12;-1;ADET;Ean 13;FUSE TEA 1LT KARPUZ AROMALI;70.00 TL;;;TÜRK?YE;22.07.2026 11:53;65.00
8,69747E+12;8,69747E+12;;ADET;Ean 13;NAMET MACAR SALAM 50 GR;55.00 TL;;;TÜRK?YE;30.10.2025 10:33;48.00
8,69747E+12;8,69747E+12;-12;ADET;Ean 13;NAMET HINDI SALAM 60 GR;45.00 TL;;;TÜRK?YE;2.08.2024 09:43;24.00
8,69138E+12;8,69138E+12;;ADET;Ean 13;BIZIM KABARTMA TOZU 5 LI 10G;30.00 TL;;;TÜRK?YE;29.04.2025 18:14;20.00
8,6905E+12;8,6905E+12;;ADET;Ean 13;ÜLKER BE HAPPY LATTE;85.00 TL;;;TÜRK?YE;20.12.2025 11:37;70.00
8,68351E+12;8,68351E+12;;ADET;Ean 13;ÜLKER BE HAPPY  Ç?LEK;85.00 TL;;;TÜRK?YE;20.12.2025 11:37;70.00
8,69084E+12;8,69084E+12;;ADET;Ean 13;ÜLKER YILDIZ SAKIZ 5LI CILEKLI 7GR;15.00 TL;;;TÜRK?YE;20.12.2025 11:37;10.00
8,69084E+12;8,69084E+12;;ADET;Ean 13;ÜLKER PEMBO KARI?IK MEYVE AROMALI SAKIZ;20.00 TL;;;TÜRK?YE;20.12.2025 11:38;15.00
8,69084E+12;8,69084E+12;;ADET;Ean 13;ÜLKER ONEO SAKIZ DRAJE 14GR CILEK;25.00 TL;;;TÜRK?YE;5.11.2025 23:05;20.00
8,69084E+12;8,69084E+12;;ADET;Ean 13;ÜLKER ONEO SAKIZ DRAJE 14GR NANELI;25.00 TL;;;TÜRK?YE;5.11.2025 23:05;20.00
8,69084E+12;8,69084E+12;;ADET;Ean 13;ÜLKER ONEO SAKIZ DRAJE 14GR KARPUZ AROMALI;25.00 TL;;;TÜRK?YE;5.11.2025 23:05;20.00
8,69084E+12;8,69084E+12;;ADET;Ean 13;ÜLKER ONEO SLIMS KARPUZ;30.00 TL;;;TÜRK?YE;28.01.2025 10:17;15.00
8,69084E+12;8,69084E+12;;ADET;Ean 13;ÜLKER ONEO 60 DAK?KA FERAHLIK NANEL?;30.00 TL;;;TÜRK?YE;28.01.2025 10:17;15.00
8,69084E+12;8,69084E+12;;ADET;Ean 13;ÜLKER ONEO SLIMS NANELI;30.00 TL;;;TÜRK?YE;5.11.2025 23:05;20.00
8,69084E+12;8,69084E+12;;ADET;Ean 13;ÜLKER ONEO SAKIZ FLIPTOP 21GR NANE;25.00 TL;;;TÜRK?YE;5.11.2025 23:05;20.00
8,69084E+12;8,69084E+12;;ADET;Ean 13;ÜLKER ONEO SAKIZ FLIPTOP 21GR KARPUZ;25.00 TL;;;TÜRK?YE;5.11.2025 23:05;20.00
8,69084E+12;8,69084E+12;;ADET;Ean 13;ÜLKER ONEO SAKIZ 60 DAKIKA 31GR STICK NANE AROMALI;65.00 TL;;;TÜRK?YE;5.11.2025 23:06;40.00
8,69084E+12;8,69084E+12;;ADET;Ean 13;ÜLKER ONEO BOTTLE SAKIZ ENERJ? ;85.00 TL;;;TÜRK?YE;5.11.2025 23:06;60.00
8,69084E+12;8,69084E+12;;ADET;Ean 13;ÜLKER ONEO SAKIZ BOTTLE 60GR CILEK AROMALI;85.00 TL;;;TÜRK?YE;5.11.2025 23:06;50.00
8,69084E+12;8,69084E+12;;ADET;Ean 13;ÜLKER ONEO SAKIZ BOTTLE DOPDOLU;85.00 TL;;;TÜRK?YE;5.11.2025 23:06;60.00
8,69084E+12;8,69084E+12;;ADET;Ean 13;ONEO BUBBLE MILKSAKE;85.00 TL;;;TÜRK?YE;5.11.2025 23:06;65.00
8,69084E+12;8,69084E+12;;ADET;Ean 13;ÜLKER ONEO DOPDOLU NANE 76GR;85.00 TL;;;TÜRK?YE;5.11.2025 23:06;70.00
8,69289E+12;8,69289E+12;;ADET;Ean 13;ALTINKILIÇ TAM YAGLI TULUM PEYNIRI 100 GR;75.00 TL;;;TÜRK?YE;18.05.2024;
8,69062E+12;8,69062E+12;;ADET;Ean 13;C?PS KÜÇÜK BOY RUFFLES KLAS?K;35.00 TL;Eki.65;;TÜRK?YE;11.06.2026 13:50;30.00
8,69062E+12;8,69062E+12;;ADET;Ean 13;C?PS KÜÇÜK BOY RUFFLES KETÇAPLI;35.00 TL;Eki.65;;TÜRK?YE;11.06.2026 13:50;30.00
8,69062E+12;8,69062E+12;;ADET;Ean 13;C?PS KÜÇÜK BOY LAYS YO?URT VE MEVS?M YE??LL?KL?;35.00 TL;Eki.65;;TÜRK?YE;11.06.2026 13:51;30.00
8,69062E+12;8,69062E+12;;ADET;Ean 13;C?PS KÜÇÜK BOY LAYS FIRINDAN;35.00 TL;Eki.65;;TÜRK?YE;11.06.2026 13:50;30.00
8,69062E+12;8,69062E+12;;ADET;Ean 13;C?PS KÜÇÜK BOY LAS BAHARATLI;35.00 TL;Eki.65;;TÜRK?YE;11.06.2026 13:50;30.00
8,69063E+12;8,69063E+12;-2;ADET;Ean 13;NESQUIK GEVREK 60GR;25.00 TL;;;TÜRK?YE;18.05.2024;
8,69062E+12;8,69062E+12;;ADET;Ean 13;C?PS SÜPER BOY LAYS FIRINDAN 7 BAHARAT ÇE?N?L?;60.00 TL;;;TÜRK?YE;23.04.2026 09:30;55.00
8,68132E+12;8,68132E+12;-1;ADET;Ean 13;SÜTA? KREMA YEMEKLIK 200ML;75.00 TL;24.00;;TÜRK?YE;3.04.2026 22:02;65.00
8,69057E+12;8,69057E+12;;ADET;Ean 13;YED?GÜN 330ML PET;50.00 TL;;;TÜRK?YE;31.10.2025 11:27;45.00
8,69077E+12;8,69077E+12;;ADET;Ean 13;ÜLKER TABLET Ç?KOLATA SÜTLÜ 70GR;65.00 TL;28.80;;TÜRK?YE;20.12.2025 11:42;45.00
8,69077E+12;8,69077E+12;;ADET;Ean 13;ÜLKER TABLET Ç?KOLATA %60 B?TTER 70GR;65.00 TL;28.80;;TÜRK?YE;20.12.2025 11:42;45.00
8,69077E+12;8,69077E+12;;ADET;Ean 13;ÜLKER B?SKÜV?L? SÜTLÜ Ç?KOLATA KAPLI DRAJE 150GR;90.00 TL;36.00;;TÜRK?YE;12.01.2026 10:23;60.00
8,68351E+12;8,68351E+12;;ADET;Ean 13;ÜLKER KANKY BULUT KORNER Ç?LEKL?;25.00 TL;A?u.80;;TÜRK?YE;20.12.2025 11:38;15.00
8,68178E+12;8,68178E+12;;ADET;Ean 13;BEYBI ELDIVEN EKONOMIK 8-8.5 MEDIUM;45.00 TL;;;TÜRK?YE;18.05.2024;
8,69411E+12;8,69411E+12;;ADET;Ean 13; GAZ?O?LU ÜÇLER MEMNUN?YET KURAB?YE 300GR;49.50 TL;;;TÜRK?YE;18.05.2024 17:20;
8,69962E+12;8,69962E+12;;ADET;Ean 13;ENTOX SINEKSAVAR 300 ML;125.00 TL;;;TÜRK?YE;18.05.2024;
8,69061E+12;8,69061E+12;;ADET;Ean 13;SÜPERFRESH P?ZZA TOST 200GR;125.00 TL;;;TÜRK?YE;14.01.2026 12:23;90.00
8,69061E+12;8,69061E+12;-2;ADET;Ean 13;SÜPERFRESH KAYSERI MANTISI 400GR;155.00 TL;;;TÜRK?YE;14.01.2026 12:24;129.00
8,69061E+12;8,69061E+12;;ADET;Ean 13;DAL?N BEBE SAMP.200 ML;69.00 TL;;;TÜRK?YE;18.11.2024 19:39;49.00
8,68209E+12;8,68209E+12;;ADET;Ean 13;BOMBEO KAR?IK;7.50 TL;;;TÜRK?YE;19.05.2024;
8,68209E+12;8,68209E+12;;ADET;Ean 13;BOMBEO  Ç?LEK;7.50 TL;;;TÜRK?YE;19.05.2024;
8,69063E+12;8,69063E+12;;ADET;Ean 13;VEFA LIMON SOSU 0.5 LT;30.00 TL;;;TÜRK?YE;20.05.2024;
5,00011E+12;5,00011E+12;;ADET;Ean 13;FUSE TEA 1.5LT ?EFTAL?;80.00 TL;;;TÜRK?YE;22.07.2026 11:53;75.00
8,69057E+12;8,69057E+12;;ADET;Ean 13;L?PTON ?CE TEA 330ML PET L?MONLU;60.00 TL;;;TÜRK?YE;2.06.2026 13:15;50.00
8,69057E+12;8,69057E+12;;ADET;Ean 13;L?PTON ICE TEA MANGO 330 PET;60.00 TL;;;TÜRK?YE;2.06.2026 13:15;50.00
8,68026E+12;8,68026E+12;;ADET;Ean 13;EKOMIS COP TORBASI ORTA BOY 15 LI;30.00 TL;Tem.50;;TÜRK?YE;31.10.2025 11:45;25.00
8,699E+12;8,699E+12;;ADET;Ean 13;SOFIA BÜYÜK HAVLU ;55.00 TL;;;TÜRK?YE;20.05.2024;
8,69302E+12;8,69302E+12;;ADET;Ean 13;SIR BUL.DET.SIVI 750GR.LIMON CICEGI;40.00 TL;;;TÜRK?YE;20.05.2024;
8,69302E+12;8,69302E+12;;ADET;Ean 13;SIR BUL.DET.SIVI 750GR LIMON KABUGU;40.00 TL;;;TÜRK?YE;20.05.2024;
8,69242E+12;8,69242E+12;;ADET;Ean 13;DUDOM? NOODLE 60 GR;25.00 TL;;;TÜRK?YE;20.05.2024;
8,69302E+12;8,69302E+12;-1;ADET;Ean 13;SIR ARAP SABUNU 1LT SIVI;85.00 TL;;;TÜRK?YE;20.05.2024;
8,69302E+12;8,69302E+12;;ADET;Ean 13;SIR CAM TEMIZLEYICI 500ML;65.00 TL;;;TÜRK?YE;10.11.2025 15:44;50.00
8,69302E+12;8,69302E+12;;ADET;Ean 13;SIR 750ML DERZ TEMIZLEYICI;90.00 TL;;;TÜRK?YE;20.05.2024;
8,69302E+12;8,69302E+12;;ADET;Ean 13;SIR ASPRINS 750ML;75.00 TL;;;TÜRK?YE;20.05.2024;
8,68026E+12;8,68026E+12;;ADET;Ean 13;EKOMIS BUYUK BOY COP TORBASI 7 LI;30.00 TL;;;TÜRK?YE;31.10.2025 11:45;25.00
8,69588E+12;8,69588E+12;;ADET;Ean 13;PEYMAN BAHÇEDEN CRANBERRY 120 gr;115.00 TL;;;TÜRK?YE;16.06.2025 21:15;95.00
8,69588E+12;8,69588E+12;;ADET;Ean 13;PEYMAN DORLEO ANTEP FISTIGI 137GR;220.00 TL;;;TÜRK?YE;16.06.2025 21:07;200.00
8,69012E+12;8,69012E+12;;ADET;Ean 13;TORKU KRISTAL TOZ SEKER 2000 GR;150.00 TL;;;TÜRK?YE;1.07.2026 09:18;135.00
8,69012E+12;8,69012E+12;-4;ADET;Ean 13;TORKU KRISTAL TOZ SEKER 1000 GR;75.00 TL;;;TÜRK?YE;1.07.2026 09:17;69.00
8,69012E+12;8,69012E+12;;ADET;Ean 13;TORKU KESME SEKER 1KG 360LI;75.00 TL;;;TÜRK?YE;1.07.2026 09:18;69.00
8,69012E+12;8,69012E+12;;ADET;Ean 13;TORKU KESME SEKER 750GR;65.00 TL;;;TÜRK?YE;1.07.2026 09:18;55.00
8,68018E+12;8,68018E+12;;ADET;Ean 13;TORKU 0.5 YA?LI SÜT;55.00 TL;;;TÜRK?YE;10.03.2026 12:04;32.50
8,68018E+12;8,68018E+12;-1;ADET;Ean 13;TORKU SUT 1 LT YARIM YAGLI;60.00 TL;;;TÜRK?YE;10.03.2026 12:04;39.50
5,00011E+12;5,00011E+12;-5;ADET;Ean 13;COCA COLA 330 KUTU60;60.00 TL;;;TÜRK?YE;4.08.2025 09:42;40.00
8,7192E+12;8,7192E+12;;ADET;Ean 13;SANA KLASIK 250GR;45.00 TL;;;TÜRK?YE;21.05.2024;
80310891;80310891;-1;ADET;Ean 8;KINDERJOY STRANGER THINGS;275.00 TL;65.00;;TÜRK?YE;21.05.2024;
5,449E+12;5,449E+12;;ADET;Ean 13;COCA COLA ?THAL VAN?LLA 330ML;150.00 TL;65.00;;TÜRK?YE;11.06.2025 18:04;90.00
8,0005E+12;8,0005E+12;;ADET;Ean 13;NUTELLA BISCUITS 304G;390.00 TL;185.00;;TÜRK?YE;21.05.2024;
8,0005E+12;8,0005E+12;;ADET;Ean 13;HANUTA T?RAM?SU 10'LU;250.00 TL;185.00;;TÜRK?YE;21.05.2024;
8,6905E+12;8,6905E+12;;ADET;Ean 13;ÜLKER OLALA WAFFLE KEK CIKOLATALI;25.00 TL;;;TÜRK?YE;25.06.2025 13:49;20.00
8,68135E+12;8,68135E+12;;ADET;Ean 13;SODA AV?AR S?RKEL? 200ML;25.00 TL;;;TÜRK?YE;22.07.2026 10:09;20.00
8,69386E+12;8,69386E+12;;ADET;Ean 13;SODA ?N??D?B? SADE ;20.00 TL;;;TÜRK?YE;15.03.2026 12:25;17.50
8,69064E+12;8,69064E+12;;ADET;Ean 13;DOMESTOS 3240 ML CAM FERAHLIGI;255.00 TL;;;TÜRK?YE;29.06.2026 09:19;225.00
8,68313E+12;8,68313E+12;;ADET;Ean 13;EL?DOR ONARICI BAKIM ?AMPUAN;145.00 TL;;;TÜRK?YE;2.09.2025 16:41;129.00
8,69051E+12;8,69051E+12;;ADET;Ean 13;DURU DU? JEL? DEN?Z M?NERALLER?;110.00 TL;;;TÜRK?YE;22.05.2024;
8,69051E+12;8,69051E+12;;ADET;Ean 13;DURU DU? JEL? LAVANTA;110.00 TL;;;TÜRK?YE;22.05.2024;
8,68313E+12;8,68313E+12;;ADET;Ean 13;EL?DOR ESMER PARLAKLIK;145.00 TL;;;TÜRK?YE;2.09.2025 16:41;129.00
8,68313E+12;8,68313E+12;;ADET;Ean 13;C?F ALTIN I?ILTISI;95.00 TL;;;TÜRK?YE;8.10.2025 12:46;85.00
8,69536E+12;8,69536E+12;;ADET;Ean 13;FERIDE PUDRA KUTU SERPMELI 75 GR;50.00 TL;;;TÜRK?YE;30.04.2025 20:32;25.00
8,69061E+12;8,69061E+12;;ADET;Ean 13;DAL?N SABUN 3*100 GR;129.00 TL;;;TÜRK?YE;2.09.2025 16:35;115.00
8,6905E+12;8,6905E+12;;ADET;Ean 13;ÜLKER Ç?KOLATALI GOFRET EXTRA BITTER 45GR;25.00 TL;;;TÜRK?YE;20.12.2025 11:38;20.00
8,6905E+12;8,6905E+12;;ADET;Ean 13;ÜLKER FINGER BISKUVI 5X150G;95.00 TL;;;TÜRK?YE;19.01.2025 13:21;80.00
8,69077E+12;8,69077E+12;;ADET;Ean 13;ÜLKER 9 KAT TAT INCE INCE SEKERSIZ 118GR FINDIKLI;50.00 TL;;;TÜRK?YE;20.12.2025 11:39;35.00
8,69077E+12;8,69077E+12;;ADET;Ean 13;RULOKAT FINDIKLI KREMALI;65.00 TL;;;TÜRK?YE;6.08.2025 10:49;55.00
8,6905E+12;8,6905E+12;;ADET;Ean 13;ÜLKER Ç?Z?V?Ç 3 LU;52.50 TL;;;TÜRK?YE;16.01.2025 15:09;42.50
8,6905E+12;8,6905E+12;;ADET;Ean 13;ÜLKER SAKLIKÖY SÜTLÜ KREMALI B?SKÜV? 3X80GR;55.00 TL;;;TÜRK?YE;16.01.2025 15:07;39.00
8,6905E+12;8,6905E+12;;ADET;Ean 13;ÜLKER 9 KAT 39GR FINDIK;15.00 TL;;;TÜRK?YE;22.05.2024;
8,6905E+12;8,6905E+12;;ADET;Ean 13;ÜLKER KAT TAT CILEKLI 114GR;35.00 TL;;;TÜRK?YE;20.12.2025 11:39;30.00
8,69077E+12;8,69077E+12;;ADET;Ean 13;ÜLKER 9 KAT KAT INCE INCE H.CEVIZLI;35.00 TL;;;TÜRK?YE;9.10.2024 22:26;30.00
8,6905E+12;8,6905E+12;;ADET;Ean 13;ÜLKER 9 KAT KAT INCE INCE FINDIKLI;35.00 TL;;;TÜRK?YE;9.10.2024 22:26;30.00
8,69063E+12;8,69063E+12;;ADET;Ean 13;STARBUCKS CAFE LATTE;20.00 TL;;;TÜRK?YE;22.05.2024;
8,69074E+12;8,69074E+12;;ADET;Ean 13;CANPED H BEZI KULOTLU BUYUK 8LI;215.00 TL;;;TÜRK?YE;22.05.2024;
8,68313E+12;8,68313E+12;;ADET;Ean 13;EL?DOR E V?TAM?N Ç?YA TOHUMLU 400 ML;145.00 TL;;;TÜRK?YE;2.09.2025 16:42;129.00
8,68313E+12;8,68313E+12;;ADET;Ean 13;EL?DOR ARGAN YA?I ?PEKB PROTE?N?;145.00 TL;;;TÜRK?YE;2.09.2025 16:42;129.00
8,00654E+12;8,00654E+12;;ADET;Ean 13;PANTENE PRO V KEPE?E KAR?I ETK?L? 350;159.00 TL;;;TÜRK?YE;21.11.2025 15:35;135.00
8,70022E+12;8,70022E+12;;ADET;Ean 13;PANTENE PRO V SUPERFOOD GÜR VE GÜÇLÜ 350;159.00 TL;;;TÜRK?YE;21.11.2025 15:35;135.00
8,00654E+12;8,00654E+12;;ADET;Ean 13;PANTENE PRO V TEMEL BAKIM 350 ML;159.00 TL;;;TÜRK?YE;21.11.2025 15:35;135.00
8,6905E+12;8,6905E+12;;ADET;Ean 13;ULKER ALPELLA 3GEN 28 GR BEYAZ CIK.;17.50 TL;;;TÜRK?YE;12.01.2026 10:21;15.00
8,6905E+12;8,6905E+12;;ADET;Ean 13;ÜLKER BADEM KRAKER 38 GR;7.50 TL;;;TÜRK?YE;23.05.2024;
8,69753E+12;8,69753E+12;;ADET;Ean 13;U 4 UHU YAPISTIRICI;25.00 TL;;;TÜRK?YE;23.05.2024;
8,682E+12;8,682E+12;;ADET;Ean 13;B&M PARFUM;15.00 TL;;;TÜRK?YE;25.11.2024 21:23;10.00
8,6905E+12;8,6905E+12;-3;ADET;Ean 13;?Ç?M SÜT 1LT LAKTOZSUZ;75.00 TL;;;TÜRK?YE;29.04.2026 10:08;70.00
8,69297E+12;8,69297E+12;;ADET;Ean 13;?Ç?M BEYAZ PEYNIR 900GR;220.00 TL;;;TÜRK?YE;30.10.2025 10:28;159.00
8,69297E+12;8,69297E+12;;ADET;Ean 13;?Ç?NM KREMA 200 ML;55.00 TL;;;TÜRK?YE;23.05.2024;
8,6905E+12;8,6905E+12;-1;ADET;Ean 13;?Ç?M  KREMA 200GR;65.00 TL;;;TÜRK?YE;18.12.2025 09:53;55.00
8,69853E+12;8,69853E+12;;ADET;Ean 13;SEY?DO?LU DONDURMA KÜLAHI 10 TANE;20.00 TL;Ara.63;;TÜRK?YE;23.05.2024;
8,7142E+12;8,7142E+12;;ADET;Ean 13;FORMULA 505 LAVABO AÇICI;45.00 TL;9.00;;TÜRK?YE;11.05.2025 10:20;25.00
8,699E+12;8,699E+12;;ADET;Ean 13;MAYLO PUF MENDIL 150 YAPRAK;25.00 TL;18.65;;TÜRK?YE;23.05.2024;
8,69907E+12;8,69907E+12;;ADET;Ean 13;MEL?S ACI SOS 100ML;75.00 TL;42.50;;TÜRK?YE;13.11.2024 21:32;69.00
8,7242E+12;8,7242E+12;;ADET;Ean 13;FORMULA 505 LAVABO AÇICI 3'LÜ;90.00 TL;22.00;;TÜRK?YE;11.05.2025 10:20;50.00
8,68248E+12;8,68248E+12;;ADET;Ean 13;MEL?S KAHVALTILIK SOS 200 GR;69.00 TL;42.50;;TÜRK?YE;13.11.2024 21:32;59.00
8,68248E+12;8,68248E+12;;ADET;Ean 13;MEL?S ACI KAHVALTILIK SOS 200 GR;69.00 TL;42.50;;TÜRK?YE;13.11.2024 21:32;59.00
8,69064E+12;8,69064E+12;;ADET;Ean 13;ALG?DA MAGNUM CLASSIC 100ML;90.00 TL;;;TÜRK?YE;29.04.2026 09:43;85.00
8,69106E+12;8,69106E+12;;ADET;Ean 13;SIRMA LIMONLU SODA 6*200 ML;105.00 TL;32.40;;TÜRK?YE;12.09.2024 16:38;54.00
86940900;86940900;;ADET;Ean 8;TEKEL 2001 KIRMIZI UZUN;95.00 TL;;;TÜRK?YE;18.10.2025 21:31;90.00
8,68313E+12;8,68313E+12;;ADET;Ean 13;ALG?DA CARTE DOR SELECT?ON A?KIN BÜYÜSÜ;295.00 TL;;;TÜRK?YE;10.04.2026 10:55;290.00
8,69057E+12;8,69057E+12;-1;ADET;Ean 13;L?PTON ?CE TEA 1.5LT MANGO;80.00 TL;;;TÜRK?YE;22.07.2026 12:10;75.00
8,6905E+12;8,6905E+12;;ADET;Ean 13;HANIMELLER TUZLU KURAB?YE;25.00 TL;;;TÜRK?YE;28.10.2025 13:09;20.00
8,69063E+12;8,69063E+12;;ADET;Ean 13;NESCAFE GOLD 2GR;12.50 TL;;;TÜRK?YE;1.08.2025 14:15;10.00
8,68229E+12;8,68229E+12;;ADET;Ean 13;B?Z?M MUTFAK Ç?KOLATALI SOS 118GR;60.00 TL;19.45;;TÜRK?YE;23.04.2025 18:18;35.00
54490000;54490000;;ADET;Ean 8;COCA COLA 200ML SISE;50.00 TL;;;TÜRK?YE;21.07.2026 16:10;40.00
TROLL? JEL?BON HAMBURGER;TROLL? JEL?BON HAMBURGER;;ADET;Code 39;TROLL? JEL?BON HAMBURGER;15.00 TL;A?u.80;;TÜRK?YE;24.05.2024;
8,69053E+12;8,69053E+12;;ADET;Ean 13;ET? POP KEK 162GR BITTER;50.00 TL;;;TÜRK?YE;25.05.2024;
8,69053E+12;8,69053E+12;;ADET;Ean 13;ET? BROWNI INTENSE GOLD CIKO MINI 135 GR;80.00 TL;;;TÜRK?YE;12.01.2025 23:21;72.50
8,69057E+12;8,69057E+12;;ADET;Ean 13;L?PTON ?CE TEA 330ML L?MON;60.00 TL;;;TÜRK?YE;2.06.2026 13:15;50.00
8,6807E+12;8,6807E+12;;ADET;Ean 13;POLMIX ÇÖP TORBASI MINI BOY;40.00 TL;;;TÜRK?YE;19.12.2025 11:27;35.00
8,69057E+12;8,69057E+12;;ADET;Ean 13;BLENDAX 500ML SAMP. YASEMIN OZLU;125.00 TL;58.25;;TÜRK?YE;21.04.2025 13:28;115.00
8,68313E+12;8,68313E+12;;ADET;Ean 13;CLEAR MEN YO?UN A?IRLA?TIRICI KÖMÜR ?LE 350GR;159.00 TL;82.40;;TÜRK?YE;2.09.2025 16:44;145.00
8,68313E+12;8,68313E+12;;ADET;Ean 13;CLEAR MEN CR?ST?ANO RONALDO 350ML;185.00 TL;82.40;;TÜRK?YE;2.09.2025 16:45;145.00
8,69054E+12;8,69054E+12;;ADET;Ean 13;BINGO SOFT 1.440KG KONSANTRE OGLUSUM;220.00 TL;79.50;;TÜRK?YE;23.11.2024 20:45;119.00
8,69054E+12;8,69054E+12;;ADET;Ean 13;BINGO SOFT TUTKUYLA GUL 1440 ML;220.00 TL;79.50;;TÜRK?YE;23.11.2024 20:45;119.00
8,69054E+12;8,69054E+12;;ADET;Ean 13;BINGO SOFT KONSANTRE YUMUSATICI MUTLU YUVAM 1440 M;220.00 TL;79.50;;TÜRK?YE;23.11.2024 20:45;119.00
8,69054E+12;8,69054E+12;;ADET;Ean 13;BINGO SOFT 1.440KG KONSANTRE BAH. UYAN.;220.00 TL;79.50;;TÜRK?YE;23.11.2024 20:46;119.00
8,69054E+12;8,69054E+12;-1;ADET;Ean 13;BINGO SOFT 1.440 KG KONSANTRE LOVELY;220.00 TL;79.40;;TÜRK?YE;23.11.2024 20:46;119.00
8,69998E+12;8,69998E+12;;ADET;Ean 13;LADY PISIRME KAGIDI 8+2 ADET;45.00 TL;19.60;;TÜRK?YE;25.05.2024;
4,0151E+12;4,0151E+12;;ADET;Ean 13;TAFT SAC SPREY POWERFUL AGE 250 ML;200.00 TL;112.50;;TÜRK?YE;25.05.2024;
7,31018E+12;7,31018E+12;;ADET;Ean 13;TALF ULTRA SAÇ SPREY? 250ML;200.00 TL;112.50;;TÜRK?YE;25.05.2024;
4,0151E+12;4,0151E+12;;ADET;Ean 13;TAFT SAC SPREY 250 ML KERATIN;200.00 TL;112.50;;TÜRK?YE;25.05.2024;
8,69866E+12;8,69866E+12;;ADET;Ean 13;MORFOSE SAC SPR.400ML ULTRA STRONG;145.00 TL;69.50;;TÜRK?YE;25.05.2024;
8,69753E+12;8,69753E+12;;ADET;Ean 13;STAR COP TORBASI BUZG BUYUK LIMON*50;30.00 TL;Kas.29;;TÜRK?YE;15.08.2024 09:07;20.00
8,69753E+12;8,69753E+12;-1;ADET;Ean 13;STAR COP TORBASI BUZG ORTA BOY CILEK*50***;30.00 TL;Kas.29;;TÜRK?YE;25.05.2024;
8,69753E+12;8,69753E+12;;ADET;Ean 13;STAR COP TORBASI BUZG ORTA BOY LAVANTA*50***;30.00 TL;Kas.29;;TÜRK?YE;25.05.2024;
8,69054E+12;8,69054E+12;;ADET;Ean 13;BINGO 730GR KLASIK;52.50 TL;37.80;;TÜRK?YE;25.05.2024;
8,69055E+12;8,69055E+12;;ADET;Ean 13;TIBTRAP FARE ILACI;100.00 TL;36.90;;TÜRK?YE;25.05.2024;
8,68192E+12;8,68192E+12;;ADET;Ean 13;STEPY BUZDOLABI POSETI KUCUK BOY 30 LU;15.00 TL;May.90;;TÜRK?YE;25.05.2024;
8,69998E+12;8,69998E+12;;ADET;Ean 13;M?SS LADY DO?UM GÜNÜ MUMU;50.00 TL;A?u.75;;TÜRK?YE;25.05.2024;
8,69157E+12;8,69157E+12;;ADET;Ean 13;BURCU HASLANMIS NOHUT 800GR TENEKE;75.00 TL;36.75;;TÜRK?YE;25.05.2024;
8,69753E+12;8,69753E+12;;ADET;Ean 13;STAR COP TORBASI BUZG ORTA BOY LIMON*50***;30.00 TL;Kas.29;;TÜRK?YE;25.05.2024;
8,68313E+12;8,68313E+12;;ADET;Ean 13;CLEAR MEN HIZLI ST?L 2S?1 ARADA;159.00 TL;82.40;;TÜRK?YE;2.09.2025 16:45;145.00
8,68313E+12;8,68313E+12;;ADET;Ean 13;CLEAR WOMAN KEPE?E KAR?I ETK?L? ZENCEF?L ÖZLÜ;159.00 TL;82.40;;TÜRK?YE;2.09.2025 16:45;145.00
8,68313E+12;8,68313E+12;;ADET;Ean 13;CLEAR WOMAN KIL TERAP?S? 350ML;159.00 TL;82.40;;TÜRK?YE;2.09.2025 16:45;145.00
8,69061E+12;8,69061E+12;;ADET;Ean 13;DAL?N BEBE SAMP 500ML;135.00 TL;73.00;;TÜRK?YE;15.06.2025 17:53;100.00
8,69998E+12;8,69998E+12;;ADET;Ean 13;M?SS LADY TEM?ZL?K BEZ? 9 AL 6 ÖDE;95.00 TL;35.30;;TÜRK?YE;25.05.2024;
8,72061E+12;8,72061E+12;;ADET;Ean 13;L?PTON BARDAK DO?U KARADEN?Z 100 ADET;185.00 TL;130.00;;TÜRK?YE;25.05.2024;
8,69998E+12;8,69998E+12;;ADET;Ean 13;M?SS LADY PLAST?K TABAK ORTA BOY 100LÜ;110.00 TL;76.50;;TÜRK?YE;25.05.2024;
8,69053E+12;8,69053E+12;;ADET;Ean 13;PINAR 1724 SUCUK AC BITIR 90GR;65.00 TL;;;TÜRK?YE;25.05.2024;
8,69056E+12;8,69056E+12;;ADET;Ean 13;DARDANEL EKONOM?K  TON 140*3;175.00 TL;;;TÜRK?YE;13.11.2024 21:41;165.00
8,69187E+12;8,69187E+12;;ADET;Ean 13;INCI DEFNE YAPRAGI 6 GR;25.00 TL;;;TÜRK?YE;25.05.2024;
8,69187E+12;8,69187E+12;;ADET;Ean 13;INCI CAM FISTIGI 20 GR;52.50 TL;;;TÜRK?YE;25.05.2024;
8,69389E+12;8,69389E+12;;ADET;Ean 13;ÖNCÜ 1 KG ZEYTIN 261-290 M BOY;575.00 TL;;;TÜRK?YE;26.04.2026 21:32;525.00
8,6826E+12;8,6826E+12;;ADET;Ean 13;ÖZPAK EKO JUMBOY BOY ÇÖP PO?ET?;40.00 TL;;;TÜRK?YE;25.05.2024;
8,68313E+12;8,68313E+12;;ADET;Ean 13;ALG?DA MAGNUM M?N? DÜET BADEM + KIRMIZI MEYVELER;325.00 TL;;;TÜRK?YE;2.01.2026 18:57;250.00
8,69053E+12;8,69053E+12;;ADET;Ean 13;ETI ?Ç?BOL ANEP FISTIKLI 30GR;42.50 TL;;;TÜRK?YE;3.09.2024 15:10;32.50
8,6905E+12;8,6905E+12;;ADET;Ean 13;METRO PAYLA?MALIK 4 LÜ;37.50 TL;;;TÜRK?YE;26.05.2024;
8,6905E+12;8,6905E+12;;ADET;Ean 13;ÜLKER Ç?KOLATALI GOFRET PAYLA?MALIK;35.00 TL;;;TÜRK?YE;26.05.2024;
8,6905E+12;8,6905E+12;-2;ADET;Ean 13;ULK 1905 TAC KRAKER 76GR;20.00 TL;;;TÜRK?YE;8.08.2024 19:37;Ara.50
8,6905E+12;8,6905E+12;;ADET;Ean 13;ÜLKER TAÇ KRAKER SUSAMLI ÇÜREKOTLU;15.00 TL;;;TÜRK?YE;8.08.2024 19:36;Ara.50
8,6905E+12;8,6905E+12;;ADET;Ean 13;ULK 1077-1 IKRAM KRE BISKUVI CIKOLATA 3X84GR;57.50 TL;;;TÜRK?YE;26.05.2024;
9,00249E+12;9,00249E+12;;ADET;Ean 13;REDBULL 355 ENERJ?;110.00 TL;;;TÜRK?YE;4.05.2026 13:08;100.00
8,69056E+12;8,69056E+12;;ADET;Ean 13;OBSESSO CARAMEL MACCH?TO 250 ML;70.00 TL;;;TÜRK?YE;5.03.2026 10:05;65.00
8,69056E+12;8,69056E+12;-2;ADET;Ean 13;OBSESSO WH?TE CHOCO MOCHA 250 ML;70.00 TL;;;TÜRK?YE;5.03.2026 10:05;65.00
8,69056E+12;8,69056E+12;;ADET;Ean 13;OBSESSO COFFE LATTE 250 ML;70.00 TL;;;TÜRK?YE;5.03.2026 10:05;65.00
8,69056E+12;8,69056E+12;-1;ADET;Ean 13;OBSESSO COFFE MOCHA 250 ML;70.00 TL;;;TÜRK?YE;5.03.2026 10:05;65.00
8,69056E+12;8,69056E+12;;ADET;Ean 13;D?MES NEKTAR CAM KARISIK 250M*12;60.00 TL;;;TÜRK?YE;2.04.2026 17:11;50.00
8,69056E+12;8,69056E+12;;ADET;Ean 13;D?MES SIKMA PORTAKAL 250 ML;75.00 TL;;;TÜRK?YE;2.04.2026 17:10;60.00
8,69056E+12;8,69056E+12;;ADET;Ean 13;D?MES SIKMA NAR 250 ML;75.00 TL;;;TÜRK?YE;2.04.2026 17:10;60.00
8,69056E+12;8,69056E+12;;ADET;Ean 13;D?MES NEKTAR CAM SEFTALI 250M*12;60.00 TL;;;TÜRK?YE;2.04.2026 17:10;50.00
8,69056E+12;8,69056E+12;;ADET;Ean 13;D?MES NEKTAR CAM KARISIK 250M*12;60.00 TL;;;TÜRK?YE;2.04.2026 17:10;50.00
8,69056E+12;8,69056E+12;;ADET;Ean 13;D?MES V??NE 250 ML CAM;60.00 TL;;;TÜRK?YE;2.04.2026 17:10;50.00
86946247;86946247;;ADET;Ean 8;PEPS? 200ML CAM;40.00 TL;;;TÜRK?YE;26.04.2026 21:41;35.00
8,68247E+12;8,68247E+12;;ADET;Ean 13;NETFL?X SON?C BOOM KAKAOLU SÜTLÜ KAPLAMALI B?SKÜV? ;30.00 TL;17.50;;TÜRK?YE;27.05.2024;
8,68247E+12;8,68247E+12;;ADET;Ean 13;NETFL?X LOL SÜPR?Z KAKAOLU SÜTLÜ KAPLAMALI B?SKÜV?;30.00 TL;17.50;;TÜRK?YE;27.05.2024;
8,6828E+12;8,6828E+12;-7;ADET;Ean 13;MOK?BON BURGER;30.00 TL;17.50;;TÜRK?YE;27.05.2024;
1,23457E+12;1,23457E+12;;ADET;Ean 13;S?GARA MENTOLÜ;25.00 TL;Ara.50;;TÜRK?YE;27.05.2024;
2,97282E+12;2,97282E+12;;ADET;Ean 13;EK?NOX ER?K 600 GR;115.00 TL;;;TÜRK?YE;27.05.2024;
8,6919E+12;8,6919E+12;;ADET;Ean 13;KOTEX ULTRA UZUN 7LI;75.00 TL;;;TÜRK?YE;21.12.2025 11:11;60.00
8,69077E+12;8,69077E+12;;ADET;Ean 13;ULKER CARAMINO DUO 32GR;15.00 TL;;;TÜRK?YE;28.05.2024;
8,68127E+12;8,68127E+12;;ADET;Ean 13;ANANAS;100.00 TL;;;TÜRK?YE;28.05.2024;
8,6905E+12;8,6905E+12;;ADET;Ean 13;ULK 370-1 ALBENI KEK 43GR;20.00 TL;;;TÜRK?YE;25.06.2025 13:48;17.50
5,00011E+12;5,00011E+12;-12;ADET;Ean 13;COCA COLA 2,5 LT;100.00 TL;;;TÜRK?YE;21.07.2026 16:14;95.00
5,00011E+12;5,00011E+12;;ADET;Ean 13;FANTA  PORTAKAL 200 ML;40.00 TL;;;TÜRK?YE;21.07.2026 16:18;45.00
5,00011E+12;5,00011E+12;-1;ADET;Ean 13;FANTA 330ML PORTAKAL;60.00 TL;;;TÜRK?YE;31.10.2025 11:28;45.00
8,69051E+12;8,69051E+12;-1;ADET;Ean 13;ARKO MEN TRA? KREM? HYDRATE 90 GR;90.00 TL;;;TÜRK?YE;29.05.2024 19:59;40.00
8,69051E+12;8,69051E+12;;ADET;Ean 13;ARKO MEN SENSITIVE;90.00 TL;;;TÜRK?YE;29.05.2024 19:59;40.00
8,69077E+12;8,69077E+12;;ADET;Ean 13;ULKER KAKAOLU BISKUVI 125 GR;25.00 TL;;;TÜRK?YE;25.04.2025 15:16;20.00
8,69057E+12;8,69057E+12;;ADET;Ean 13;PEPS? COLA 330 ML PET;50.00 TL;;;TÜRK?YE;31.10.2025 11:28;45.00
8,69057E+12;8,69057E+12;;ADET;Ean 13;FRUKO GAZOZ 330ML PET;50.00 TL;;;TÜRK?YE;31.10.2025 11:27;45.00
8,69079E+12;8,69079E+12;;ADET;Ean 13;TADIM FINDIK ?Ç? 45GR ;85.00 TL;;;TÜRK?YE;13.09.2025 15:37;68.00
6,98465E+12;6,98465E+12;;ADET;Ean 13;ELEKTRIK BANDI IZOLE;15.00 TL;;;TÜRK?YE;30.05.2024;
8,6905E+12;8,6905E+12;;ADET;Ean 13;ÜLKER PUL BEYAZ Ç?KOLATA100 GR;150.00 TL;;;TÜRK?YE;11.01.2026 22:54;110.00
8,69079E+12;8,69079E+12;-4;ADET;Ean 13;ER?KL? 500 ML SU;15.00 TL;;;TÜRK?YE;5.09.2025 13:54;Ara.50
8,69079E+12;8,69079E+12;;ADET;Ean 13;TADIM SPORTIF KARISIK KURUYEMIS 40 GR;35.00 TL;;;TÜRK?YE;9.09.2025 14:46;28.00
8,68037E+12;8,68037E+12;;ADET;Ean 13;HARMAN YUMURTA 15 L? L BOY;60.00 TL;;;TÜRK?YE;1.06.2024;
8,681E+12;8,681E+12;;ADET;Ean 13;ZEN BASIL 330 ML BLUEBERRY;50.00 TL;;;TÜRK?YE;31.10.2025 11:29;40.00
8,68141E+12;8,68141E+12;;ADET;Ean 13;ZEN BASIL 330 ML CARKIFELEK;50.00 TL;;;TÜRK?YE;31.10.2025 11:29;40.00
8,68391E+12;8,68391E+12;;ADET;Ean 13;ZEN COOL L?ME ACEMA??RAN;32.50 TL;;;TÜRK?YE;1.06.2024;
8,68135E+12;8,68135E+12;;ADET;Ean 13;SODA AV?AR KARAM?X;25.00 TL;;;TÜRK?YE;22.07.2026 10:09;20.00
8,69051E+12;8,69051E+12;;ADET;Ean 13;GIBBS TIRAS KOPUGU 200ML SENITIVE;82.50 TL;;;TÜRK?YE;1.06.2024;
8,69273E+12;8,69273E+12;;ADET;Ean 13;ACORD KULAK CUBUGU 180 LI;25.00 TL;;;TÜRK?YE;1.06.2024;
8,682E+12;8,682E+12;;ADET;Ean 13;BM ASETON;30.00 TL;;;TÜRK?YE;30.04.2025 20:30;20.00
8,69153E+12;8,69153E+12;;ADET;Ean 13;MÜJDE CORAP KULOTLU NO:57-3;70.00 TL;;;TÜRK?YE;4.12.2025 11:16;49.00
8,69078E+12;8,69078E+12;;ADET;Ean 13;RA?D S?NEK SAVAR;195.00 TL;;;TÜRK?YE;1.06.2024;
8,68157E+12;8,68157E+12;;ADET;Ean 13;KEYFI BUZ 24*27 ML;15.00 TL;;;TÜRK?YE;1.06.2024;
5,00011E+12;5,00011E+12;;ADET;Ean 13;SPR?TE 2,5 LT;100.00 TL;;;TÜRK?YE;19.08.2026 16:29;90.00
8,69057E+12;8,69057E+12;;ADET;Ean 13;L?PTON ICE TEA ?EFTAL? 1,5 LT;80.00 TL;;;TÜRK?YE;22.07.2026 12:12;75.00
8,69057E+12;8,69057E+12;;ADET;Ean 13;L?PTON ICETEA 330 KARPUZ NANE;60.00 TL;;;TÜRK?YE;2.06.2026 13:14;50.00
8,69335E+12;8,69335E+12;;ADET;Ean 13;DO?ANAY ELMA S?RKES? 750 ML;50.00 TL;;;TÜRK?YE;3.06.2024;
8,69335E+12;8,69335E+12;;ADET;Ean 13;DO?ANAY NARE UZUM SIRKESI 500 ML;30.00 TL;;;TÜRK?YE;13.08.2024 19:36;27.50
8,6907E+12;8,6907E+12;;ADET;Ean 13;KNORR BULYON 6LI TAVUK 60GR;30.00 TL;;;TÜRK?YE;3.06.2024;
8,69745E+12;8,69745E+12;;ADET;Ean 13;TOFITA TABAK 10LU PLASTIK BUYUK;30.00 TL;;;TÜRK?YE;3.06.2024;
5,00011E+12;5,00011E+12;-2;ADET;Ean 13; SCHWEPPES MANDAR?N;95.00 TL;;;TÜRK?YE;15.08.2026 20:08;90.00
8,7146E+12;8,7146E+12;;ADET;Ean 13;JACOBS MONARCH GOLD 150 GR;295.00 TL;;;TÜRK?YE;6.11.2024 21:06;175.00
1,50014E+12;1,50014E+12;;ADET;Ean 13;ULUDA? MEYVEL?M 1LT PORTAKAL;80.00 TL;;;TÜRK?YE;15.07.2026 14:12;75.00
8,69941E+12;8,69941E+12;;ADET;Ean 13;SERA ÇÖP PO?ET? ORTA BOY;30.00 TL;;;TÜRK?YE;31.10.2025 10:05;25.00
8,68192E+12;8,68192E+12;;ADET;Ean 13;STEPY ÇÖP PO?ET? ORTA BOY;30.00 TL;;;TÜRK?YE;31.10.2025 10:05;20.00
8,69741E+12;8,69741E+12;;ADET;Ean 13;FLOREX BUZG.COP TORBASI 10LU BUYUK -LIMON;35.00 TL;;;TÜRK?YE;5.06.2024;
8,6905E+12;8,6905E+12;;ADET;Ean 13;GODIVA CIK.SUTLU KARAMELLI TABLET 86 GR;110.00 TL;;;TÜRK?YE;5.06.2024;
8,69053E+12;8,69053E+12;;ADET;Ean 13;ET? L?FAL?F KURU MEYVEL?;40.00 TL;;;TÜRK?YE;19.01.2026 22:57;32.50
8,69053E+12;8,69053E+12;;ADET;Ean 13;ETI 16459 LIFALIF MUSLI BAR BITTER 35GR;32.50 TL;;;TÜRK?YE;1.03.2025 10:59;25.00
8,69053E+12;8,69053E+12;;ADET;Ean 13;ETI LIFALIF YULAF BAR 35GR KIRMIZI MEYVELER;32.50 TL;;;TÜRK?YE;1.03.2025 10:59;25.00
5,00011E+12;5,00011E+12;;ADET;Ean 13;CAPPY 330ML PORTAKAL KUTU;60.00 TL;;;TÜRK?YE;5.06.2026 15:05;50.00
5,00011E+12;5,00011E+12;;ADET;Ean 13;CAPPY 330ML KUTU V??NE;60.00 TL;;;TÜRK?YE;5.06.2026 15:05;50.00
8,69061E+12;8,69061E+12;;ADET;Ean 13;SÜPERFRESH TON M?XFASULYEL?;225.00 TL;;;TÜRK?YE;5.06.2024;
8,69061E+12;8,69061E+12;;ADET;Ean 13;SÜPERFREH TON MIX 2X150GR;225.00 TL;;;TÜRK?YE;5.06.2024;
8,69061E+12;8,69061E+12;;ADET;Ean 13;SÜPERFRESH TON M?X TAHILLI TON;225.00 TL;;;TÜRK?YE;5.06.2024;
8,69061E+12;8,69061E+12;;ADET;Ean 13;SÜPER FRESH P?ZZA K?NG SUPREME 300GR;125.00 TL;;;TÜRK?YE;5.06.2024;
8,69084E+12;8,69084E+12;;ADET;Ean 13;ÜLKER YUPO METRE;15.00 TL;;;TÜRK?YE;5.06.2024;
5,7407E+12;5,7407E+12;;ADET;Ean 13;COCA COLA V??NEL?  330ML;225.00 TL;;;TÜRK?YE;5.06.2024;
7,57528E+11;7,57528E+12;;ADET;Ean 13;TAK?S C?PS;245.00 TL;;;TÜRK?YE;8.01.2025 12:54;195.00
89894834106;8,98948E+11;-2;ADET;Ean 13;TOXIC WASTE PURPLE 42 GR;190.00 TL;;;TÜRK?YE;2.03.2026 14:52;120.00
5,06005E+12;5,06005E+12;;ADET;Ean 13;TOXIC WASTE RED 42 GR;190.00 TL;;;TÜRK?YE;25.03.2026 19:09;120.00
5,06005E+12;5,06005E+12;;ADET;Ean 13;TOXIC WASTE PURPLE 42 GR;190.00 TL;;;TÜRK?YE;25.03.2026 19:09;175.00
8,6987E+12;8,6987E+12;;ADET;Ean 13;AGISS TUY DOKUCU KREM 100ML FOR MEN;135.00 TL;;;TÜRK?YE;7.10.2025 22:03;100.00
8,6987E+12;8,6987E+12;;ADET;Ean 13;AGISS TUY DOKUCU KREM 100ML NORMAL CILTLER;120.00 TL;;;TÜRK?YE;7.10.2025 22:03;100.00
8,6987E+12;8,6987E+12;;ADET;Ean 13;AGISS SIR AGDA ROLL-ON NATUREL 100ML;110.00 TL;;;TÜRK?YE;7.10.2025 22:03;95.00
8,6987E+12;8,6987E+12;;ADET;Ean 13;AGISS SIR AGDA ROLL-ON PUDRALI 100ML;110.00 TL;;;TÜRK?YE;7.10.2025 22:04;95.00
8,69057E+12;8,69057E+12;;ADET;Ean 13;YED?GÜN 2,5 LT;95.00 TL;;;TÜRK?YE;28.03.2026 01:01;90.00
8,69862E+12;8,69862E+12;;ADET;Ean 13;VATAN  KOM?U ÇATLATAN;130.00 TL;;;TÜRK?YE;3.07.2026 11:55;95.00
8,69862E+12;8,69862E+12;;ADET;Ean 13;VATAN ELT? ÇATLATAN;130.00 TL;;;TÜRK?YE;3.07.2026 11:55;95.00
8,69862E+12;8,69862E+12;;ADET;Ean 13;VATAN GÖRÜMCE ÇATLATAN;130.00 TL;;;TÜRK?YE;3.07.2026 11:55;95.00
8,69862E+12;8,69862E+12;;ADET;Ean 13;VATAN YUMUSATICI 3.45 LT ELTI CATLATAN DREAM;220.00 TL;;;TÜRK?YE;3.07.2026 13:09;169.00
8,69862E+12;8,69862E+12;;ADET;Ean 13;VATAN YUMUSATICI 3.45 LT KOMSU CATLATAN LILAC;220.00 TL;;;TÜRK?YE;3.07.2026 13:09;169.00
8,69862E+12;8,69862E+12;;ADET;Ean 13;VATAN YUMUSATICI 3.45 LT KAYNANA CATLATAN LILYUM;220.00 TL;;;TÜRK?YE;3.07.2026 13:09;169.00
8,69072E+12;8,69072E+12;;ADET;Ean 13;ULUDA? FURUTT?  ORMAN MEYVEL? PET 300;40.00 TL;;;TÜRK?YE;20.11.2025 12:44;35.00
5,00016E+12;5,00016E+12;;ADET;Ean 13;SNICKERS CIKOLATA 50GR;30.00 TL;;;TÜRK?YE;6.06.2024;
8,68379E+12;8,68379E+12;;ADET;Ean 13;SARIYER COLA 1 L?TRE;55.00 TL;;;TÜRK?YE;30.01.2026 15:03;50.00
8,69878E+12;8,69878E+12;;ADET;Ean 13;MERSOY TULUM PEYN?R? 250 GR;125.00 TL;;;TÜRK?YE;6.06.2024;
6,22116E+12;6,22116E+12;;ADET;Ean 13;SIGNAL DIS MACUNU 100ML CURUKLERE KARSI NANE;95.00 TL;;;TÜRK?YE;7.06.2024;
6,92035E+12;6,92035E+12;;ADET;Ean 13;COLGATE VISIBLE WHITE;140.00 TL;;;TÜRK?YE;7.06.2024;
7,89102E+12;7,89102E+12;;ADET;Ean 13;COLGATE D.MAC.100ML UCLU ETKI;60.00 TL;;;TÜRK?YE;7.06.2024;
6,92035E+12;6,92035E+12;;ADET;Ean 13;COLGATE ÜÇLÜ ETK? 50 ML;50.00 TL;;;TÜRK?YE;7.06.2024;
8,69752E+12;8,69752E+12;;ADET;Ean 13;ÇAMLICA GAZOZ 1.5LT;75.00 TL;;;TÜRK?YE;4.07.2026 10:30;70.00
8,69084E+12;8,69084E+12;;ADET;Ean 13;ÜLKER BAYRAMLIK TOFFE KARISIK MEYVELI;69.00 TL;55.40;;TÜRK?YE;8.06.2024;
8,69084E+12;8,69084E+12;;ADET;Ean 13;ÜLKER BARAMLIK LOKUMCUK KARISIK MEYVE;125.00 TL;55.45;;TÜRK?YE;2.03.2026 08:34;95.00
8,6905E+12;8,6905E+12;;ADET;Ean 13;ÜLKER BAYRAMLIK BUKLET 208GR;350.00 TL;121.42;;TÜRK?YE;2.03.2026 08:31;245.00
8,80112E+12;8,80112E+12;;ADET;Ean 13;S?GARA ESSE BLACK SLIMS;90.00 TL;;;TÜRK?YE;8.06.2024;
4,55559E+12;4,55559E+12;;ADET;Ean 13;KALE SUR CAMASIR IPI 6 MT.;15.00 TL;;;TÜRK?YE;8.06.2024;
8,69052E+12;8,69052E+12;;ADET;Ean 13;BY.KENT 375GR MEYVE SULU TOFY;125.00 TL;;;TÜRK?YE;8.06.2024;
8,69052E+12;8,69052E+12;;ADET;Ean 13;KENT 375GR ELEGAN SEKER PST;125.00 TL;;;TÜRK?YE;8.06.2024;
8,69052E+12;8,69052E+12;;ADET;Ean 13;BY.KENT 375GR MIS SUTLU BONBON;75.00 TL;;;TÜRK?YE;8.06.2024;
8,6901E+12;8,6901E+12;-1;ADET;Ean 13;MARMARABIRLIK ZEYTIN 400GR KURU SELE (321-350);190.00 TL;;;TÜRK?YE;8.06.2024;
8,69057E+12;8,69057E+12;;ADET;Ean 13;PINAR PROTEIN SUT KAKAOLU 1/2 ;95.00 TL;;;TÜRK?YE;8.05.2026 11:22;75.00
8,69057E+12;8,69057E+12;;ADET;Ean 13;PINAR PROTEIN SUT VANILYALI 1/2 ;95.00 TL;;;TÜRK?YE;17.07.2026 11:47;80.00
8,69063E+12;8,69063E+12;;ADET;Ean 13;MEHMET EFENDI KAHVE 250GR*12;295.00 TL;;;TÜRK?YE;24.08.2025 12:34;225.00
8,69187E+12;8,69187E+12;;ADET;Ean 13;INCI HINDISTAN CEVIZI 30 GR;25.00 TL;;;TÜRK?YE;8.06.2024;
8,68108E+12;8,68108E+12;;ADET;Ean 13;HERO BABY ?EFTAL? MUZLU 120 GR;75.00 TL;;;TÜRK?YE;10.03.2026 08:50;50.00
8,6905E+12;8,6905E+12;;ADET;Ean 13;HERO BABY 125GR MUZ MAND ARMUT;60.00 TL;;;TÜRK?YE;10.03.2026 08:50;50.00
8,69297E+12;8,69297E+12;;ADET;Ean 13;?Ç?M AYRAN 200ML;15.00 TL;;;TÜRK?YE;18.12.2025 09:56;10.00
86942782;86942782;;ADET;Ean 8;S?GARA KENT SWITCH DARK BLUE;105.00 TL;;;TÜRK?YE;18.02.2026 22:50;95.00
5,00011E+12;5,00011E+12;;ADET;Ean 13;FUSETEA;70.00 TL;;;TÜRK?YE;22.07.2026 11:52;65.00
8,69063E+12;8,69063E+12;;ADET;Ean 13;NESCAFE 3/1 ARADA SADE;15.00 TL;;;TÜRK?YE;7.11.2025 11:11;Ara.50
8,6905E+12;8,6905E+12;;ADET;Ean 13;ULKER 1190-2 HANIMELLER TUZLU KURABIYE 150GR;50.00 TL;;;TÜRK?YE;28.10.2025 13:08;40.00
8,69056E+12;8,69056E+12;;ADET;Ean 13;OBSESSO SHOT KONSANTRE 310 ML;100.00 TL;;;TÜRK?YE;10.06.2024;
8,69015E+12;8,69015E+12;;ADET;Ean 13;COSBY CAPSULE TOYS;15.00 TL;;;TÜRK?YE;10.06.2024;
8,69057E+12;8,69057E+12;;ADET;Ean 13;L?PTON ICETEA  MANGO 1 LT;70.00 TL;;;TÜRK?YE;22.07.2026 12:10;65.00
8,69079E+12;8,69079E+12;;ADET;Ean 13;TADIM BOL TUZLU ÇEK?RDEK 140GR ;35.00 TL;;;TÜRK?YE;4.04.2026 17:46;30.00
8,69079E+12;8,69079E+12;;ADET;Ean 13;TADIM BOL TUZLU AY ÇEK?RDE?? 70GR;15.00 TL;;;TÜRK?YE;10.06.2024;
8,69079E+12;8,69079E+12;;ADET;Ean 13;TADIM KAVRULMU? AY ÇEK?RDE?? 15 L?K ;15.00 TL;;;TÜRK?YE;10.06.2024;
5,449E+12;5,449E+12;;ADET;Ean 13;C638521OCA COLA 1.5LT ZERO;45.00 TL;;;TÜRK?YE;11.06.2024;
5,00011E+12;5,00011E+12;-4;KG;Ean 13;COCA COLA ZERO 1 LT;80.00 TL;;;TÜRK?YE;19.08.2026 16:21;75.00
80916628;80916628;;ADET;Ean 8;K?NDER JOY NATOONS;60.00 TL;;;TÜRK?YE;12.06.2025 16:37;45.00
8,69079E+12;8,69079E+12;-15;ADET;Ean 13;ER?KL? 1,5;35.00 TL;;;TÜRK?YE;5.09.2025 13:53;25.00
8,69052E+12;8,69052E+12;;ADET;Ean 13;FALIM SAKIZ 5 LI KARISIK;15.00 TL;;;TÜRK?YE;1.03.2026 20:45;Ara.50
8,69654E+12;8,69654E+12;;ADET;Ean 13;ARI 12 VITAMINLI 250GR SUTLU PIRINCLI;59.00 TL;;;TÜRK?YE;12.06.2024;
8,69654E+12;8,69654E+12;;ADET;Ean 13;ARI MAMA 200GR 7 TAHILLI GECE;59.00 TL;;;TÜRK?YE;12.06.2024;
5,00011E+12;5,00011E+12;-1;ADET;Ean 13;FUSE TEA 1LT MANGO ANANAS;70.00 TL;;;TÜRK?YE;22.07.2026 11:52;65.00
8,6905E+12;8,6905E+12;-3;ADET;Ean 13;ULK 398-6 P?KO PORTAKAL PIR PAT KAP;10.00 TL;;;TÜRK?YE;14.05.2025 14:37;8.00
8,69061E+12;8,69061E+12;;ADET;Ean 13;SÜPER FRESH ?NCE ÇITIR PATATES 1200 GR;159.00 TL;;;TÜRK?YE;12.06.2024;
8,69588E+12;8,69588E+12;;ADET;Ean 13;PEYMAN DORLEO KABAK CEKIRDEGI 72GR;35.00 TL;;;TÜRK?YE;16.06.2025 21:19;30.00
8,69064E+12;8,69064E+12;;ADET;Ean 13;ALGIDA MAGNUM MINI CLASSIC BADEM BEYAZ 345 ML;300.00 TL;;;TÜRK?YE;2.01.2026 19:01;169.90
8,69745E+12;8,69745E+12;;ADET;Ean 13;N??DE GAZOZU 250ML;25.00 TL;;;TÜRK?YE;3.09.2024 14:14;15.00
8,68001E+12;8,68001E+12;;ADET;Ean 13;SU 0.5LT FUSKA;10.00 TL;;;TÜRK?YE;15.08.2024 15:16;Tem.50
8,69775E+12;8,69775E+12;-2;ADET;Ean 13;MANSUR DAKOTA TUZLU AYCEKIRDEGI 300GR;80.00 TL;30.00;;TÜRK?YE;13.06.2024;
8,69775E+12;8,69775E+12;-1;ADET;Ean 13;MANSUR DAKOTA TUZSUZ AYCEKIRDEGI 300GR;80.00 TL;30.00;;TÜRK?YE;13.06.2024;
8,69775E+12;8,69775E+12;;ADET;Ean 13;MANSUR CEVIZ ICI 150 GR;89.00 TL;55.00;;TÜRK?YE;13.06.2024;
8,69775E+12;8,69775E+12;;ADET;Ean 13;MANSUR 300 GR OZBEK SIYAH UZUM;150.00 TL;100.00;;TÜRK?YE;13.06.2024;
8,69297E+12;8,69297E+12;;ADET;Ean 13;ALPM?LK PORTAKALLI SÜT 180 ML;10.00 TL;;;TÜRK?YE;13.06.2024;
8,69297E+12;8,69297E+12;;ADET;Ean 13;ALPM?LK FINDIKLI Ç?KOLATALI SÜT 180 ML;10.00 TL;;;TÜRK?YE;13.06.2024;
8,69297E+12;8,69297E+12;;ADET;Ean 13;ICIM ICIMINO 6LI KAYISI ELMA;30.00 TL;;;TÜRK?YE;13.06.2024;
8,69297E+12;8,69297E+12;;ADET;Ean 13;ICIM PUDING 1/5 CIKOLATALI;15.00 TL;;;TÜRK?YE;13.06.2024;
8,6905E+12;8,6905E+12;;ADET;Ean 13;ICIM PUDING 1/5 MUZ;15.00 TL;;;TÜRK?YE;13.06.2024;
8,6905E+12;8,6905E+12;;ADET;Ean 13;ICIM PUDING 1/5 CILEK;15.00 TL;;;TÜRK?YE;13.06.2024;
8,69297E+12;8,69297E+12;-1;ADET;Ean 13;ICIM TEREYAG 225GR KOZALAK;160.00 TL;;;TÜRK?YE;13.06.2024;
8,6905E+12;8,6905E+12;;ADET;Ean 13;ULKER 839-06 OLALA BOLD B.KEK 43GR;25.00 TL;;;TÜRK?YE;29.06.2025 00:18;18.00
8,68331E+12;8,68331E+12;;ADET;Ean 13;YÖRÜKANA SIKMA PORTAKAL;35.00 TL;;;TÜRK?YE;28.05.2025 20:17;25.00
8,6905E+12;8,6905E+12;;ADET;Ean 13;ÜLKER KANKY M?N? YUMURTALAR;45.00 TL;;;TÜRK?YE;14.06.2024;
8,69056E+12;8,69056E+12;;ADET;Ean 13;BO?AZ?Ç? KOLONYA 950 ML;295.00 TL;;;TÜRK?YE;11.12.2024 18:23;185.00
8,88755E+12;8,88755E+12;;ADET;Ean 13;PANASONIC ORTA PIL 2LI;60.00 TL;;;TÜRK?YE;14.06.2024;
8,69169E+12;8,69169E+12;;ADET;Ean 13;E.S.T GIZLI BAHCE 500ML OKYANUS FERAHLIGI;175.00 TL;;;TÜRK?YE;14.06.2024;
8,69169E+12;8,69169E+12;;ADET;Ean 13;E.S.T GIZLI BAHCE 500ML KIRAZ CICEGI;119.00 TL;;;TÜRK?YE;14.06.2024;
8,69169E+12;8,69169E+12;;ADET;Ean 13;G?ZL? BAHÇE HAWA??;119.00 TL;;;TÜRK?YE;14.06.2024;
8,00109E+12;8,00109E+12;;ADET;Ean 13;ARIEL KONSANTRE 4KG DAG ESINTISI;289.00 TL;;;TÜRK?YE;14.06.2024;
8,69054E+12;8,69054E+12;;ADET;Ean 13;BINGO MATIK 4 KG RENKLI BEYAZ;325.00 TL;;;TÜRK?YE;6.12.2025 21:11;189.00
8,68224E+12;8,68224E+12;;ADET;Ean 13;BABY TURCO EKONOMIK PAKET 6 NO;185.00 TL;;;TÜRK?YE;14.06.2024;
8,68224E+12;8,68224E+12;;ADET;Ean 13;BABY TURCO EKONOMIK PAKER 5 NO;185.00 TL;;;TÜRK?YE;14.06.2024;
8,69054E+12;8,69054E+12;;ADET;Ean 13;BINGO MATIK 4 KG RENKLI;325.00 TL;;;TÜRK?YE;6.12.2025 21:11;300.00
8,68313E+12;8,68313E+12;;ADET;Ean 13;OMO OKS?JEN 4,5KG;259.00 TL;;;TÜRK?YE;14.06.2024;
8,00109E+12;8,00109E+12;;ADET;Ean 13;ORK?D GUNLUK PED 20LI KORUMA;75.00 TL;49.50;;TÜRK?YE;4.09.2024 10:49;65.00
8,68224E+12;8,68224E+12;;ADET;Ean 13;SLEEPY NATURAL BEBEK BEZ? 4 NUMARA 48 ADET;325.00 TL;135.00;;TÜRK?YE;4.05.2026 13:20;289.00
8,68224E+12;8,68224E+12;;ADET;Ean 13;SLEEPY NATURAL BEBEK BEZ? 6 NUMARA 32 ADET;325.00 TL;135.00;;TÜRK?YE;4.05.2026 13:20;289.00
8,68224E+12;8,68224E+12;-1;ADET;Ean 13;SLEEPY NATURAL BEBEK BEZ? 5 NUMARA 40 ADET;325.00 TL;135.00;;TÜRK?YE;4.05.2026 13:20;289.00
9,0001E+12;9,0001E+12;;ADET;Ean 13;PERS?L DER?N TEM?ZLEME 5 KG;259.00 TL;;;TÜRK?YE;14.06.2024;
8,6905E+12;8,6905E+12;;ADET;Ean 13;ULKER HANIMELLER COKODAMLA 150 GR;50.00 TL;;;TÜRK?YE;28.10.2025 13:08;40.00
90454752;90454752;;ADET;Ean 8;REDBULL ENERGY DRINK 250 ML;85.00 TL;;;TÜRK?YE;4.05.2026 13:07;70.00
8,69242E+12;8,69242E+12;;ADET;Ean 13;DUDOM? TAVUK ÇE?N?L? BARDAK;25.00 TL;;;TÜRK?YE;15.06.2024;
8,69303E+12;8,69303E+12;;ADET;Ean 13;BY.ELVAN MADLEN CIKOLATA 240GR;125.00 TL;;;TÜRK?YE;16.06.2024;
20;8,69988E+12;-7;ADET;Ean 13;SU BUZDA?I 1.5LT;30.00 TL;;;TÜRK?YE;8.07.2026 10:52;30.00
8,69051E+12;8,69051E+12;;ADET;Ean 13;ARKO TRA? KÖPÜ?Ü KLAS?K 200GR;150.00 TL;;;TÜRK?YE;2.09.2025 16:32;120.00
8,68313E+12;8,68313E+12;;ADET;Ean 13;ALG?DA MAGNUM 5L? M?N? DÜET ;325.00 TL;;;TÜRK?YE;2.01.2026 19:02;165.00
8,69071E+12;8,69071E+12;;ADET;Ean 13;CCOOK BUZDOLABI POSETI 3+1 BUYUK;90.00 TL;;;TÜRK?YE;16.06.2024;
8,69071E+12;8,69071E+12;;ADET;Ean 13;CCOOK BUZDOLABI POSETI 3+1 ORTA;90.00 TL;;;TÜRK?YE;16.06.2024;
8,68135E+12;8,68135E+12;;ADET;Ean 13;SODA AVSAR SADE 200ML;15.00 TL;;;TÜRK?YE;15.03.2026 12:25;Ara.50
8,69752E+12;8,69752E+12;;ADET;Ean 13;ÇAMLICA POTTAKALLI 1,5 LT;75.00 TL;;;TÜRK?YE;24.09.2025 20:36;50.00
9,00249E+12;9,00249E+12;;ADET;Ean 13;REDBULL 473 MLT;135.00 TL;;;TÜRK?YE;9.03.2026 09:27;115.00
8,6842E+12;8,6842E+12;;ADET;Ean 13;CAFE CROWN 5+1;50.00 TL;;;TÜRK?YE;10.08.2025 14:35;37.50
8,69752E+12;8,69752E+12;-3;ADET;Ean 13;COLA TURKA 1.5LT;75.00 TL;;;TÜRK?YE;4.07.2026 10:31;70.00
8,69692E+12;8,69692E+12;;ADET;Ean 13;HAYAT GUL SUYU 400 ML;40.00 TL;30.00;;TÜRK?YE;18.06.2024;
8,68379E+12;8,68379E+12;;ADET;Ean 13;SARIYER COLA 2,5 LT;85.00 TL;;;TÜRK?YE;27.04.2026 14:34;80.00
8,69163E+12;8,69163E+12;;ADET;Ean 13;KANZUK GUL SUYU 12LI;30.00 TL;;;TÜRK?YE;18.06.2024;
8,88755E+12;8,88755E+12;;ADET;Ean 13;PANASONIC BUYUK PIL 2LI;60.00 TL;;;TÜRK?YE;20.12.2025 20:49;40.00
8,69054E+12;8,69054E+12;;ADET;Ean 13;MOLF?X IKIZ JUNIOR 20 LI;179.00 TL;;;TÜRK?YE;14.09.2025 19:00;145.00
8,69054E+12;8,69054E+12;;ADET;Ean 13;MOLF?X IKIZ EXTRA LARGE 17 LI;179.00 TL;;;8,69054E+12;14.09.2025 19:00;145.00
8,69078E+12;8,69078E+12;;ADET;Ean 13;BALKÜPÜ ÇAY 500 GR;125.00 TL;;;TÜRK?YE;1.11.2025 23:57;99.00
8,69078E+12;8,69078E+12;;ADET;Ean 13;BALKÜPÜ ÇAY 1 KG HARMAN;380.00 TL;;;TÜRK?YE;23.06.2026 14:58;285.00
8,69057E+12;8,69057E+12;;ADET;Ean 13;L?PTON ICETEA SOS MANGO 330 KUTU;60.00 TL;;;TÜRK?YE;2.06.2026 13:14;50.00
90444470;90444470;;ADET;Ean 8;PEZ YEDEK SEKER 8,5 GR.;15.00 TL;;;TÜRK?YE;18.08.2026 13:53;10.00
8,69779E+12;8,69779E+12;;ADET;Ean 13;CAKMAK I-LIGHTER SOFT Y-220;30.00 TL;;;TÜRK?YE;20.06.2024;
8,69297E+12;8,69297E+12;;ADET;Ean 13;ICIM LABNE 400GR;90.00 TL;;;TÜRK?YE;20.06.2024;
8,69297E+12;8,69297E+12;;ADET;Ean 13;ICIM BEYAZ PEYNIR SUZME 500GR YARIM YAGLI*12;89.00 TL;;;TÜRK?YE;20.06.2024;
8,6905E+12;8,6905E+12;;ADET;Ean 13;ICIM KREM PEYNIR 300GR;140.00 TL;;;TÜRK?YE;20.06.2024;
8,6905E+12;8,6905E+12;;ADET;Ean 13;Ç?Z? ÇITIR PEYN?R SO?AN 80 GR;45.00 TL;;;TÜRK?YE;7.02.2026 21:43;50.00
8,69746E+12;8,69746E+12;;ADET;Ean 13;SOFTLINE FRESHER ISLAK HAVLU 90LI;30.00 TL;;;TÜRK?YE;25.10.2024 12:20;25.00
8,69746E+12;8,69746E+12;;ADET;Ean 13;SOFTLINE FRESHER ISLAK HAVLU 90LI ALOE VERA ÖZLÜ;30.00 TL;;;TÜRK?YE;25.10.2024 12:20;25.00
8,6905E+12;8,6905E+12;;ADET;Ean 13;BIZIM KETCAP 400 GR ACILI;50.00 TL;29.00;;TÜRK?YE;21.06.2024;
8,69079E+12;8,69079E+12;;ADET;Ean 13;TADIM KAVRULMU? AY ÇEK?RDE?? 140GR;30.00 TL;;;TÜRK?YE;21.06.2024;
8,6905E+12;8,6905E+12;;ADET;Ean 13;ÜLKER ÇOKOMEL 3 LÜ Ç?LEKL?;20.00 TL;;;TÜRK?YE;25.05.2025 22:41;15.00
8,69064E+12;8,69064E+12;;ADET;Ean 13;ALGIDA MAX MINIMILK 35ML VANILYA;5.00 TL;;;TÜRK?YE;21.06.2024;
5,00011E+12;5,00011E+12;;ADET;Ean 13;POWER RADE ENERJ? ?ÇECE?? 500ML MAV?;75.00 TL;;;TÜRK?YE;6.04.2026 15:57;65.00
5,00011E+12;5,00011E+12;;ADET;Ean 13;FANTA PORTAKAL 1,5 LT;85.00 TL;;;TÜRK?YE;19.08.2026 16:26;80.00
5,449E+12;5,449E+12;;ADET;Ean 13;SPRITE 1,5 LT;85.00 TL;;;TÜRK?YE;19.08.2026 16:28;60.00
8,6905E+12;8,6905E+12;;ADET;Ean 13;ULK 695-7 KAT KAT TAT 28GR F.KAKAO;15.00 TL;;;TÜRK?YE;20.09.2024 23:21;Tem.50
8,6905E+12;8,6905E+12;;ADET;Ean 13;ÜLKER KAT KAT TAT 32GR CILEKLI;15.00 TL;;;TÜRK?YE;20.09.2024 23:21;Tem.50
8,69751E+12;8,69751E+12;;ADET;Ean 13;YILMAZ YUMURTA 30 LU L BOY;150.00 TL;;;TÜRK?YE;6.11.2024 20:51;115.00
8,69011E+12;8,69011E+12;-2;ADET;Ean 13;ÇAYKUR RIZE 100 GR;75.00 TL;;;TÜRK?YE;21.07.2026 16:04;60.00
8,6901E+12;8,6901E+12;-1;ADET;Ean 13;M.BIRLIK KURU SELE 400GR ELIT PET;150.00 TL;;;TÜRK?YE;23.06.2024;
8,69053E+12;8,69053E+12;;ADET;Ean 13;ET? POPKEK POPGPT MANGO SOSLU ;20.00 TL;;;TÜRK?YE;23.10.2025 12:03;15.00
15;8,68135E+12;;ADET;Ean 13;AVSAR GAZOZU KARISIK;20.00 TL;;;TÜRK?YE;9.09.2024 13:43;15.00
59032823;59032823;;ADET;Ean 8;NUTELLA 630 GR.;195.00 TL;;;TÜRK?YE;25.06.2024;
8,69064E+12;8,69064E+12;;ADET;Ean 13;AXE DEODORANT 150ML AFRICA;185.00 TL;;;Afganistan;25.06.2024;
8,69064E+12;8,69064E+12;;ADET;Ean 13;AXE DEODORANT 150ML LEATHER COOKIES;185.00 TL;;;TÜRK?YE;29.04.2025 17:58;150.00
8,68313E+12;8,68313E+12;;ADET;Ean 13;AXE JUNGLE FRESH;185.00 TL;;;TÜRK?YE;29.04.2025 17:58;150.00
8,69064E+12;8,69064E+12;;ADET;Ean 13;AXE DEO 150ML CIKOLATA TEMPATION;185.00 TL;;;TÜRK?YE;29.04.2025 17:58;150.00
8,69064E+12;8,69064E+12;;ADET;Ean 13;AXE DEODORANT 150ML ICE CHILL;185.00 TL;;;TÜRK?YE;25.06.2024;
8,71895E+12;8,71895E+12;;ADET;Ean 13;COLGATE  GEL??M?? BEYEZLIK 50 ML;40.00 TL;;;TÜRK?YE;25.06.2024;
6,92035E+12;6,92035E+12;;ADET;Ean 13;COLGATE NATURAL EXTRACTS GUM HEALTH AND FRESHNESS;80.00 TL;;;TÜRK?YE;25.06.2024;
8,68129E+12;8,68129E+12;;ADET;Ean 13;SENSODYN NURISH 50 ML;100.00 TL;;;TÜRK?YE;25.06.2024;
8,69051E+12;8,69051E+12;;ADET;Ean 13;SAN?NO 75 ML;60.00 TL;;;TÜRK?YE;25.06.2024;
8,69051E+12;8,69051E+12;;ADET;Ean 13;SAN?NO KOMPLE BEYAZLIK 75 ML;60.00 TL;;;TÜRK?YE;25.06.2024;
8,69051E+12;8,69051E+12;;ADET;Ean 13;SAN?NO HASSAS D??LER 20;60.00 TL;;;TÜRK?YE;25.06.2024;
8,69954E+12;8,69954E+12;;ADET;Ean 13;SENSODYNE DM 100ML F;250.00 TL;;;TÜRK?YE;25.06.2024;
8,69952E+12;8,69952E+12;;ADET;Ean 13;SENSODYNE DM 75ML TAM KORUMA;280.00 TL;;;TÜRK?YE;25.06.2024;
3,01426E+12;3,01426E+12;;ADET;Ean 13;GILL.SERIES JEL 200ML HASSAS;250.00 TL;;;TÜRK?YE;25.06.2024;
7,70202E+12;7,70202E+12;;ADET;Ean 13;GILLETTE T.JELI SERIES HASSAS RED RACING 200ML;250.00 TL;;;TÜRK?YE;25.06.2024;
8,69124E+12;8,69124E+12;;ADET;Ean 13;NAIL POLISH OJE SIL 125ML;50.00 TL;;;TÜRK?YE;30.04.2025 20:30;45.00
3,01426E+12;3,01426E+12;;ADET;Ean 13;GIL.SER.LOSYON 50 ML STOR FORCE;290.00 TL;;;TÜRK?YE;25.06.2024;
3,01426E+12;3,01426E+12;;ADET;Ean 13;GILLETTE BLUE 2PLUS 2LI;40.00 TL;;;TÜRK?YE;25.06.2024;
3,01426E+12;3,01426E+12;;ADET;Ean 13;G?LETTE MACH 3 TURBO;895.00 TL;;;TÜRK?YE;25.05.2025 22:38;625.00
7,70202E+12;7,70202E+12;;ADET;Ean 13;G?LETTE FUS?ON 5 2 L?;350.00 TL;;;TÜRK?YE;25.06.2024;
8,69077E+12;8,69077E+12;;ADET;Ean 13;SÜTA? SÜT CILEKLI200 ML;20.00 TL;;;TÜRK?YE;28.04.2026 11:55;15.00
8,68003E+12;8,68003E+12;;ADET;Ean 13;KORUR BATTAL COP POSETI 10A;40.00 TL;;;TÜRK?YE;26.06.2024;
8,70022E+12;8,70022E+12;;ADET;Ean 13;PANTENNE PRO V NEM  TERAP?S? 350 ML;135.00 TL;;;TÜRK?YE;26.06.2024;
8,00654E+12;8,00654E+12;;ADET;Ean 13;PANTENE PRO V YA? TERAP?S? 350 ML;159.00 TL;;;TÜRK?YE;21.04.2025 12:48;125.00
8,00654E+12;8,00654E+12;;ADET;Ean 13;HEAD  .SHOULDERS 2 S? 1 ARADA KLAS?K BAKIM;185.00 TL;;;TÜRK?YE;6.12.2025 13:53;110.00
8,00654E+12;8,00654E+12;;ADET;Ean 13;HEAD.SHOULDERS DER?NLEMES?NE NEMLEND?R?C?;185.00 TL;;;TÜRK?YE;6.12.2025 13:53;110.00
8,00654E+12;8,00654E+12;;ADET;Ean 13;HEAD. SHOULDERS L?MON FERAHLI?I;185.00 TL;;;TÜRK?YE;6.12.2025 13:53;139.00
8,00654E+12;8,00654E+12;;ADET;Ean 13;HEAD. SHOULDERS ERKEKLERE ÖZEL DÖKÜLME KAR?ITI 350;185.00 TL;;;TÜRK?YE;6.12.2025 13:53;110.00
8,00654E+12;8,00654E+12;;ADET;Ean 13;HEAD.SHOULDERS BESLEY?C? BAKIM;185.00 TL;;;TÜRK?YE;6.12.2025 13:54;139.00
8,00184E+12;8,00184E+12;;ADET;Ean 13;HEAD SHOUL SAMP & DUS JELI 360 ML KOMUR MENTOL;185.00 TL;;;TÜRK?YE;6.12.2025 13:54;159.00
8,00654E+12;8,00654E+12;;ADET;Ean 13;HEAD.SHOULDERS DÖKÜLME KAR?ITI;185.00 TL;;;TÜRK?YE;6.12.2025 13:54;139.00
8,00654E+12;8,00654E+12;;ADET;Ean 13;HEAD.SHOULDERS ?PEKS? YUMU?AKLIK  350 ML;185.00 TL;;;TÜRK?YE;6.12.2025 13:54;159.00
8,69078E+12;8,69078E+12;;ADET;Ean 13;RAID MAKINE +60 GECE;450.00 TL;;;TÜRK?YE;26.06.2024;
8,69078E+12;8,69078E+12;;ADET;Ean 13;RAID ELEKTRO LIKIT YEDEK SISE 27.4 ML;295.00 TL;;;TÜRK?YE;26.06.2024;
50287345;50287345;;ADET;Ean 8;DOVE ?NV?S?BLE DRY;175.00 TL;;;TÜRK?YE;26.06.2024;
50096190;50096190;;ADET;Ean 8;DOVE ROLL-ON 50ML ORGINAL;125.00 TL;;;TÜRK?YE;26.06.2024;
4,0845E+12;4,0845E+12;;ADET;Ean 13;OLD SPICE ROLL-ON 50ML WOLFTHORN;175.00 TL;;;TÜRK?YE;26.06.2024;
4,0845E+12;4,0845E+12;;ADET;Ean 13;OLD SPICE ROLL-ON 50ML WHITEWATER;175.00 TL;;;TÜRK?YE;3.12.2024 20:54;125.00
42179092;42179092;;ADET;Ean 8;NIVEA MEN ROLON;100.00 TL;;;TÜRK?YE;26.06.2024;
42213888;42213888;;ADET;Ean 8;NIVEA STIK;100.00 TL;;;TÜRK?YE;26.06.2024;
60024022;60024022;;ADET;Ean 8;NIVEA ROLON FRESH NATURAL 25 ML;100.00 TL;;;TÜRK?YE;26.06.2024;
8,71895E+12;8,71895E+12;;ADET;Ean 13;COLGATE PLAX 500 ML NANE FIRTINASI;200.00 TL;;;TÜRK?YE;26.06.2024;
8,71895E+12;8,71895E+12;;ADET;Ean 13;COLGATE AGIZ BAKIM S.OPTIK BEYAZ.500 ML;200.00 TL;;;TÜRK?YE;26.06.2024;
3,57466E+12;3,57466E+12;;ADET;Ean 13;LISTERINE 500ML ZERO MAVI;190.00 TL;;;TÜRK?YE;3.12.2024 20:21;160.00
3,57466E+12;3,57466E+12;;ADET;Ean 13;L?STER?NE CAVITY GUARD 500ML;190.00 TL;;;TÜRK?YE;26.06.2024;
3,01426E+12;3,01426E+12;;ADET;Ean 13;ORAL-B D.FIRCASI COMPLETE 5WAY 1+1;225.00 TL;;;TÜRK?YE;26.06.2024;
3,01426E+12;3,01426E+12;;ADET;Ean 13;ORAL-B D.FIRCASI 1+1 CROSS MEDIUM;225.00 TL;;;TÜRK?YE;26.06.2024;
8,68062E+12;8,68062E+12;;ADET;Ean 13;MEXM?X  TAHILLI BAR  H?ND?STAN CEV?ZL?;7.50 TL;;;TÜRK?YE;28.06.2024;
8,68062E+12;8,68062E+12;;ADET;Ean 13;MEXM?X KAKOLU 26.5 GR;7.50 TL;;;TÜRK?YE;28.06.2024;
8,68062E+12;8,68062E+12;;ADET;Ean 13;MEXM?X Ç?LEKL? 26.5;7.50 TL;;;TÜRK?YE;28.06.2024;
8,68062E+12;8,68062E+12;;ADET;Ean 13;MEXM?X SÜTLÜ 8,5 GR;2.50 TL;;;TÜRK?YE;28.06.2024;
8,68062E+12;8,68062E+12;;ADET;Ean 13;MEXM?X KAKAOLU 8,5;2.50 TL;;;TÜRK?YE;28.06.2024;
8,68062E+12;8,68062E+12;;ADET;Ean 13;MEXM?X Ç?LEKL?;5.00 TL;;;TÜRK?YE;28.06.2024;
8,69742E+12;8,69742E+12;;ADET;Ean 13;Ürün Mevcut Verinizde Yok...;25.00 TL;;;TÜRK?YE;28.06.2024;
8,69051E+12;8,69051E+12;;ADET;Ean 13;HACI?AK?R GUZELLIK SABUNU CICEK TERAPISI 280 GR;60.00 TL;;;TÜRK?YE;28.06.2024;
8,6905E+12;8,6905E+12;;ADET;Ean 13;ULKER 961-2 CAFE CROWN 100GR GOLD EKO;145.00 TL;;;TÜRK?YE;29.06.2024;
8,6974E+12;8,6974E+12;;ADET;Ean 13;MY FRESH FIS FIS MEYVESUYU;10.00 TL;;;TÜRK?YE;29.06.2024;
8,69057E+12;8,69057E+12;;ADET;Ean 13;STING ENERJ? ?ÇECE?? 330 ML;50.00 TL;;;TÜRK?YE;29.06.2024;
8,69751E+12;8,69751E+12;;ADET;Ean 13;BI DUNYA YUMURTA GEZEN 15 LI;80.00 TL;;;TÜRK?YE;29.06.2024;
8,69988E+12;8,69988E+12;;ADET;Ean 13;BUZDAGI SU 5 LT;45.00 TL;;;TÜRK?YE;8.07.2026 11:37;40.00
5,00011E+12;5,00011E+12;;ADET;Ean 13;FUSE TEA 1.5LT KARPUZ ;80.00 TL;;;TÜRK?YE;22.07.2026 11:52;75.00
8,69171E+12;8,69171E+12;;ADET;Ean 13;OZMO FUN 23 GR;35.00 TL;;;TÜRK?YE;1.07.2024;
8,69056E+12;8,69056E+12;-2;ADET;Ean 13;D?MES TETRA 1LT EKSI ELMA ;70.00 TL;;;TÜRK?YE;19.02.2026 15:19;60.00
8,69056E+12;8,69056E+12;;ADET;Ean 13;D?MES TETRA 1LT 7/24 TAHILLI ;70.00 TL;;;TÜRK?YE;19.02.2026 15:18;60.00
8,00109E+12;8,00109E+12;;ADET;Ean 13;FAIRY TABLET 50 LI HEPSI BIR ARADA;349.00 TL;;;TÜRK?YE;1.07.2024;
8,69166E+12;8,69166E+12;;ADET;Ean 13;ÜNAL ESKI KASAR 250GR ANADOLU;225.00 TL;;;TÜRK?YE;2.07.2026 17:45;195.00
8,6905E+12;8,6905E+12;;ADET;Ean 13;CAFE CROWN LATTE 17GR SUT.KAHVE;15.00 TL;;;TÜRK?YE;10.08.2025 14:31;10.00
1,50014E+12;1,50014E+12;;ADET;Ean 13;ULUDA? FRUTT? MANDAL?NA 250 ML ???E50;50.00 TL;;;TÜRK?YE;20.11.2025 12:44;35.00
1,50014E+12;1,50014E+12;;ADET;Ean 13;ULUDA? FRUTT? ARMUTLU 250;50.00 TL;;;TÜRK?YE;20.11.2025 12:44;35.00
8,00654E+12;8,00654E+12;;ADET;Ean 13;PANTENE DÖKÜLME KAR?ITI 350;159.00 TL;;;TÜRK?YE;21.11.2025 15:35;135.00
8,00654E+12;8,00654E+12;;ADET;Ean 13;PANTENNE GÜÇ VE PARLAKLIK 350 ML;135.00 TL;;;TÜRK?YE;2.07.2024;
8,68313E+12;8,68313E+12;;ADET;Ean 13;CLEAR  WOMEN YUMU?AK PARLAK 350 ML;159.00 TL;;;TÜRK?YE;2.09.2025 16:46;145.00
8,68313E+12;8,68313E+12;;ADET;Ean 13;CLEAR WOMEN SAÇ DÖKULMELER?NE KAR?I 350 ML;159.00 TL;;;TÜRK?YE;2.09.2025 16:46;145.00
8,69061E+12;8,69061E+12;;ADET;Ean 13;DAL?N BEBE YAGI 500 ML;195.00 TL;;;TÜRK?YE;2.07.2024;
8,69053E+12;8,69053E+12;;ADET;Ean 13;UNI BABY SAÇ VE VUCUT ?AMPUANI 900;150.00 TL;;;TÜRK?YE;2.07.2024;
8,68313E+12;8,68313E+12;;ADET;Ean 13;CLEAR MEN SAÇ DÖKÜLMELER?NE KAR?I;159.00 TL;;;TÜRK?YE;2.09.2025 16:46;145.00
8,68313E+12;8,68313E+12;;ADET;Ean 13;CLEAR MEN COOL SPORT MENTHOL;185.00 TL;;;TÜRK?YE;2.09.2025 16:46;145.00
8,68313E+12;8,68313E+12;;ADET;Ean 13;CLEAR MEN 10 KAT DAHA AZ DÖKÜLME;159.00 TL;;;TÜRK?YE;2.09.2025 16:46;145.00
8,00654E+12;8,00654E+12;;ADET;Ean 13;ORK?D ULTRA EXSTRA GECE 5 DAMLA 5 ADET;75.00 TL;;;TÜRK?YE;21.12.2025 11:24;60.00
8,00184E+12;8,00184E+12;;ADET;Ean 13;ORK?D PLATINUM SUPER EKO.GECE 3 BEDEN 16 LI;175.00 TL;;;TÜRK?YE;2.07.2024;
8,69332E+12;8,69332E+12;;ADET;Ean 13;SADET KREMINI TOFFE;5.00 TL;;;TÜRK?YE;3.07.2024;
8,69332E+12;8,69332E+12;;ADET;Ean 13;KREMY;5.00 TL;;;TÜRK?YE;3.07.2024;
8,69332E+12;8,69332E+12;;ADET;Ean 13;SAADET KREMY TOFFE SEKER;5.00 TL;;;TÜRK?YE;3.07.2024;
8,69101E+12;8,69101E+12;;ADET;Ean 13;ERNET CAMASIR SODASI 500GR;60.00 TL;;;TÜRK?YE;2.09.2025 19:50;50.00
8,69157E+12;8,69157E+12;;ADET;Ean 13;BURCU MISIR 200GR 3LU*16;100.00 TL;;;TÜRK?YE;1.07.2026 18:30;60.00
86937344;86937344;;ADET;Ean 8;S?GARA CAMEL SELENDER GRAY;115.00 TL;;;TÜRK?YE;4.08.2026 19:15;100.00
8,68417E+12;8,68417E+12;;ADET;Ean 13;EL?T DANA KAVURMA 100 GR;115.00 TL;;;TÜRK?YE;4.07.2024;
8,69975E+12;8,69975E+12;;ADET;Ean 13;BEBELAC 400GR 1 NO;295.00 TL;;;TÜRK?YE;3.02.2025 11:51;185.00
8,69742E+12;8,69742E+12;;ADET;Ean 13;VI-VET VAZELIN 100ML;45.00 TL;;;TÜRK?YE;4.07.2024;
8,69779E+12;8,69779E+12;;ADET;Ean 13;I-LIGHTER TARAFTAR CAKMAK Y-220 (GS);90.00 TL;;;TÜRK?YE;4.07.2024;
8,69779E+12;8,69779E+12;;ADET;Ean 13;I-LIGHTER TARAFTAR CAKMAK Y-220 (BJK);30.00 TL;;;TÜRK?YE;4.07.2024;
8,69078E+12;8,69078E+12;;ADET;Ean 13;J.W MR.MUCLE KLOZET BLOK 5IN1 CITRUS 30GR;50.00 TL;;;TÜRK?YE;5.07.2024;
8,69289E+12;8,69289E+12;;ADET;Ean 13;ALTINKILIC KEFIR 1LT LAKTOZSUZ SADE;60.00 TL;;;TÜRK?YE;5.07.2024;
8,69053E+12;8,69053E+12;;ADET;Ean 13;KAV KIBRIT 100LU;5.00 TL;;;TÜRK?YE;5.07.2024;
8,6974E+12;8,6974E+12;;ADET;Ean 13;DANET HINDI FUME 60 GR;35.00 TL;16.00;;TÜRK?YE;6.07.2024;
8,68254E+12;8,68254E+12;;ADET;Ean 13;ÜM?T GAMES TA? KA?IT MAKAS;15.00 TL;;;TÜRK?YE;6.07.2024;
8,7192E+12;8,7192E+12;;ADET;Ean 13;BECEL KASE 250 GR KLASIK;42.50 TL;22.50;;TÜRK?YE;6.07.2024;
8,69752E+12;8,69752E+12;-1;ADET;Ean 13;ÇAMLICA S??E;25.00 TL;;;TÜRK?YE;3.06.2025 17:44;20.00
8,68395E+12;8,68395E+12;;ADET;Ean 13;MASTER GLOVE LATEX ELD?VEN;60.00 TL;;;TÜRK?YE;4.03.2026 11:45;50.00
8,71895E+12;8,71895E+12;-1;ADET;Ean 13;HACI SAKIR LAVANTA 150 GR;50.00 TL;;;TÜRK?YE;2.02.2025 20:33;40.00
8,71895E+12;8,71895E+12;-2;ADET;Ean 13;HACI SAKIR GUL BANYO SABUNU;50.00 TL;;;TÜRK?YE;2.02.2025 20:33;40.00
8,71895E+12;8,71895E+12;;ADET;Ean 13;HACI ?AK?R LEYLAK SABUN;50.00 TL;;;TÜRK?YE;2.02.2025 20:33;40.00
8,69051E+12;8,69051E+12;;ADET;Ean 13;DURU SABUN 600GR ZEYTINYAGLI;179.00 TL;;;TÜRK?YE;7.12.2025 16:32;110.00
8,71895E+12;8,71895E+12;;ADET;Ean 13;HACI?AK?R SABUN 600GR LAVANTA;150.00 TL;;;TÜRK?YE;7.12.2025 16:31;135.00
8,71895E+12;8,71895E+12;;ADET;Ean 13;HACI?AK?R SABUN 600GR LEYLAK;150.00 TL;;;TÜRK?YE;7.12.2025 16:31;135.00
8,71895E+12;8,71895E+12;;ADET;Ean 13;HACI?AK?R SABUN 600GR GUL;150.00 TL;;;TÜRK?YE;7.12.2025 16:31;135.00
8,69746E+12;8,69746E+12;;ADET;Ean 13;MAVI BEYAZ PECETE LUX 100LU;20.00 TL;;;TÜRK?YE;7.07.2024;
8,69295E+12;8,69295E+12;;ADET;Ean 13;LAV CAY BARDAGI 6 LI BUY.OPTIKLI;60.00 TL;;;TÜRK?YE;7.07.2024;
5,90095E+12;5,90095E+12;;ADET;Ean 13;YEM.WHI.PEDG.KOP.TAVUKLU&HAVUCLU 400 GR100;160.00 TL;;;TÜRK?YE;7.07.2024;
86919952;5,90095E+12;;ADET;Ean 13;YEM.WHI.PEDG.KOPEK MAMASI BIFTEK 400 GR;160.00 TL;;;TÜRK?YE;11.04.2025 20:38;95.00
8,69782E+12;8,69782E+12;;ADET;Ean 13;FIRES MAKER ISLAK MENDIL 120LI;25.00 TL;;;TÜRK?YE;7.07.2024;
8,69782E+12;8,69782E+12;;ADET;Ean 13;FRESHMAKER ISLAK HAVLU 90 LI KAPALI;25.00 TL;;;TÜRK?YE;7.07.2024;
8,69128E+12;8,69128E+12;;ADET;Ean 13;IPEK MAKYAJ TEMIZEME PEDI 70 AD;40.00 TL;;;TÜRK?YE;7.07.2024;
5,00011E+12;5,00011E+12;;ADET;Ean 13;FANTA 450ML;65.00 TL;;;TÜRK?YE;19.08.2026 16:26;60.00
8,69588E+12;8,69588E+12;-2;ADET;Ean 13;PEYMAN DORLEO KAJU FISTIGI 69GR;80.00 TL;;;TÜRK?YE;16.06.2025 21:15;70.00
8,69281E+12;8,69281E+12;;ADET;Ean 13;KIZILAY SADE SODA ;20.00 TL;;;TÜRK?YE;12.08.2026 17:01;15.00
86940832;86940832;;ADET;Ean 8;S?GARA VICEROY NAVY KISA BOX;105.00 TL;;;TÜRK?YE;18.02.2026 22:50;95.00
8,69079E+12;8,69079E+12;;ADET;Ean 13;TADIM ANTEP FISTIGI 122 GR;285.00 TL;;;TÜRK?YE;9.09.2025 14:45;223.00
90162848;90162848;;ADET;Ean 8;REDBULL 250ML SUGARFREE;85.00 TL;;;TÜRK?YE;4.05.2026 13:07;70.00
8,69056E+12;8,69056E+12;;ADET;Ean 13;D?MES COOL MANGO M?X 310 ML;60.00 TL;;;TÜRK?YE;14.06.2025 15:06;50.00
8,69588E+12;8,69588E+12;;ADET;Ean 13;PEYMAN BAHÇEDEN Ç?? KARI?IK KLAS?K 165 GR;140.00 TL;;;TÜRK?YE;16.06.2025 21:11;125.00
8,69588E+12;8,69588E+12;-1;ADET;Ean 13;PEYMAN BAHÇEDEN Ç?? FINDIK;245.00 TL;73.00;;TÜRK?YE;16.06.2025 21:09;145.00
3,61423E+12;3,61423E+12;;ADET;Ean 13;KOLESTON SAC BOYASI 8/1 ACIK KULLU KUMRAL;299.00 TL;;;TÜRK?YE;18.10.2025 14:17;240.00
3,61423E+12;3,61423E+12;;ADET;Ean 13;KOLESTON SAC BOYSI 5/37 KAHVE 142 GR;299.00 TL;;;TÜRK?YE;18.10.2025 14:16;240.00
3,61423E+12;3,61423E+12;;ADET;Ean 13;KOLESTON SET 5/0 ACIK KAHVE;299.00 TL;;;TÜRK?YE;18.10.2025 14:16;240.00
3,61423E+12;3,61423E+12;;ADET;Ean 13;KOLESTON SET 4/0 KAHVE;299.00 TL;;;TÜRK?YE;18.10.2025 14:16;240.00
3,61423E+12;3,61423E+12;;ADET;Ean 13;KOLESTON SET 2/0 SIYAH;299.00 TL;;;TÜRK?YE;18.10.2025 14:16;240.00
3,61423E+12;3,61423E+12;;ADET;Ean 13;KOLESTON SET 3/66 PATLICAN MORU;299.00 TL;;;TÜRK?YE;18.10.2025 14:16;240.00
3,61423E+12;3,61423E+12;;ADET;Ean 13;KOLESTON SAC BOYASI 2/8 MAVI SIYAH;299.00 TL;;;TÜRK?YE;18.10.2025 14:16;240.00
3,61423E+12;3,61423E+12;;ADET;Ean 13;KOLESTON SET 7/0 KOYU KUMRAL;299.00 TL;;;TÜRK?YE;18.10.2025 14:16;240.00
3,61423E+12;3,61423E+12;;ADET;Ean 13;KOLESTON SAC BOYASI 6/0 KOYU KUMRAL;299.00 TL;;;TÜRK?YE;18.10.2025 14:16;240.00
3,61423E+12;3,61423E+12;;ADET;Ean 13;KOLESTON SET 12/81 KULLU INCI SARISI;299.00 TL;;;TÜRK?YE;18.10.2025 14:15;240.00
3,61423E+12;3,61423E+12;;ADET;Ean 13;KOLESTON SAC BOYASI 5/4 ACIK KESTANE;299.00 TL;;;TÜRK?YE;18.10.2025 14:15;240.00
3,61423E+12;3,61423E+12;;ADET;Ean 13;KOLESTON SET 10/0 COK ACIK SARI;299.00 TL;;;Afganistan;18.10.2025 14:15;240.00
3,61423E+12;3,61423E+12;;ADET;Ean 13;KOLESTON BOYA 55-46;299.00 TL;;;Afganistan;18.10.2025 14:15;240.00
3,61423E+12;3,61423E+12;;ADET;Ean 13;KOLESTON SET 9/0 SARI;299.00 TL;;;TÜRK?YE;18.10.2025 14:15;240.00
4,06467E+12;4,06467E+12;;ADET;Ean 13;KOLESTON SUPREME 3/0;299.00 TL;;;TÜRK?YE;18.10.2025 14:15;240.00
4,0154E+12;4,0154E+12;;ADET;Ean 13;IPANA D.MAC.PRO EXP 100ML PROFOSYEL KOR;134.00 TL;;;TÜRK?YE;9.07.2024;
86945264;86945264;;ADET;Ean 8;MENTOS SOUR YE??L ELMA 30 GR;60.00 TL;;;TÜRK?YE;6.04.2025 09:53;40.00
86945257;86945257;;ADET;Ean 8;MENTOS SOUR Ç?LEK 30 GR;50.00 TL;;;TÜRK?YE;6.04.2025 09:53;40.00
8,6907E+12;8,6907E+12;;ADET;Ean 13;KNORR CITIR PANE HARCI 90 GR;60.00 TL;;;TÜRK?YE;10.07.2024;
8,69297E+12;8,69297E+12;-1;ADET;Ean 13;?Ç?M SÜT %0,5 YA?LI 1 LT;50.00 TL;;;TÜRK?YE;26.12.2024 19:54;32.50
8,68116E+12;8,68116E+12;;ADET;Ean 13;COSBY FUN HOTWHEELS SUPRIZ YUMURTA;25.00 TL;;;TÜRK?YE;11.07.2024;
8,69053E+12;8,69053E+12;;ADET;Ean 13;DETAN SINEKKIRAN 275 ML;250.00 TL;;;TÜRK?YE;12.07.2024;
8,69078E+12;8,69078E+12;;ADET;Ean 13;RAID SINER SAVAR 300ML NORMAL;195.00 TL;;;TÜRK?YE;12.07.2024;
8,69078E+12;8,69078E+12;;ADET;Ean 13;RAID SINEK SAVAR 300ML KOKUSUZ;300.00 TL;;;TÜRK?YE;12.07.2024;
8,69078E+12;8,69078E+12;;ADET;Ean 13;RAID KARINCA YEMI;325.00 TL;;;TÜRK?YE;12.07.2024;
8,69061E+12;8,69061E+12;;ADET;Ean 13;DAL?N BEBE SAMP. 900ML;199.00 TL;;;TÜRK?YE;15.06.2025 17:53;179.00
8,6974E+12;8,6974E+12;-1;ADET;Ean 13;KOM?L? YUVAM TUVALET KAGIDI 12 ADET;195.00 TL;67.47;;TÜRK?YE;18.08.2026 14:42;179.00
8,69297E+12;8,69297E+12;;ADET;Ean 13;KOM?L? YUVAM HAVLU 12LI;250.00 TL;119.00;;TÜRK?YE;10.12.2025 22:10;195.00
8,69297E+12;8,69297E+12;;ADET;Ean 13;KOM?L? YUVAM HAVLU 3 LU;69.00 TL;33.00;;TÜRK?YE;26.06.2026 15:31;55.00
8,6974E+12;8,6974E+12;-2;ADET;Ean 13;KOM?L? YUVAM KAGIT HAVLU 6 ADET;195.00 TL;57.00;;TÜRK?YE;18.08.2026 14:42;179.00
8,68015E+12;8,68015E+12;-3;ADET;Ean 13;SU 0.5L ELMACIK;15.00 TL;;;TÜRK?YE;15.08.2024 15:15;Tem.50
8,68225E+12;8,68225E+12;;ADET;Ean 13;MRY L?GHTER ÇAKMAK;30.00 TL;;;TÜRK?YE;13.07.2024;
8,69054E+12;8,69054E+12;;ADET;Ean 13;BINGO MATIK 1,5KG PARFUMSUZ;105.00 TL;75.00;;TÜRK?YE;13.07.2024;
8,69064E+12;8,69064E+12;;ADET;Ean 13;OMO MATIK 7.5 KG COLOR;425.00 TL;235.00;;TÜRK?YE;13.07.2024;
5,41315E+12;5,41315E+12;;ADET;Ean 13;ARIEL 8KG TOZ PARLAK RENKLER*1;435.00 TL;350.00;;TÜRK?YE;13.07.2024;
8,69054E+12;8,69054E+12;;ADET;Ean 13;BINGO MATIK CAMASIR DETERJANI MUTLU YUVAM 8 KG;550.00 TL;269.00;;TÜRK?YE;6.12.2025 21:12;375.00
5,00011E+12;5,00011E+12;;ADET;Ean 13;FUSE TEA 330ML L?MONLU;60.00 TL;20.00;;TÜRK?YE;2.06.2026 12:29;50.00
5,00011E+12;5,00011E+12;;ADET;Ean 13;FUSE TEA 330ML ?EFTAL?;60.00 TL;20.00;;TÜRK?YE;2.06.2026 12:29;50.00
8,6914E+12;8,6914E+12;;ADET;Ean 13;SODA KINIK SADE;15.00 TL;;;TÜRK?YE;15.03.2026 12:25;Ara.50
1,50014E+12;1,50014E+12;;ADET;Ean 13;ULUDA? MEYVEL?M 1LT ANANASLI;80.00 TL;27.50;;TÜRK?YE;15.07.2026 14:12;70.00
1,50014E+12;1,50014E+12;;ADET;Ean 13;ULUDA? MEYVEL?M 1LT MANDAL?NA;80.00 TL;27.50;;TÜRK?YE;15.07.2026 14:12;70.00
8,69063E+12;8,69063E+12;;ADET;Ean 13;NESCAFE EXPRESS VAN?LLA 250ML;75.00 TL;;;TÜRK?YE;1.11.2025 21:19;65.00
8,6821E+12;8,6821E+12;;ADET;Ean 13;B?Z?M AYÇ?ÇEK YAGI 5 LT DAR PET;499.00 TL;;;TÜRK?YE;29.03.2026 20:48;415.00
8,68108E+12;8,68108E+12;;ADET;Ean 13;CORNY TAM TAHIL BAR KAKAO MEYVE;15.00 TL;;;TÜRK?YE;20.09.2024 14:50;Ara.50
8,69057E+12;8,69057E+12;;ADET;Ean 13;PINAR SUT 1 LT NATURAL 1%;65.00 TL;;;TÜRK?YE;17.07.2026 11:47;40.00
8,69057E+12;8,69057E+12;-2;ADET;Ean 13;PINAR LABNE 180 GR;85.00 TL;;;TÜRK?YE;16.07.2024;
8,69057E+12;8,69057E+12;-1;ADET;Ean 13;PINAR BEYAZ 180GR;85.00 TL;;;TÜRK?YE;16.07.2024;
8,69053E+12;8,69053E+12;;ADET;Ean 13;PINAR 1974 SOSIS AC BITIR KOK.170GR;75.00 TL;;;TÜRK?YE;1.06.2025 18:08;65.00
8,69053E+12;8,69053E+12;-3;ADET;Ean 13;PINAR 1741 SUCUK AC BITIR 75GR;120.00 TL;;;TÜRK?YE;3.10.2025 09:46;75.00
8,69053E+12;8,69053E+12;;ADET;Ean 13;ETI CANGA GOLD 45 GR;30.00 TL;;;TÜRK?YE;3.10.2024 20:29;17.50
8,69053E+12;8,69053E+12;;ADET;Ean 13;ETI 17840 CANGA BITTER 45GR;30.00 TL;;;TÜRK?YE;4.11.2025 10:44;20.00
8,69053E+12;8,69053E+12;;ADET;Ean 13;ETI ASK TADINDA 37GR FINDIKLI;28.00 TL;;;TÜRK?YE;16.07.2024;
8,69053E+12;8,69053E+12;;ADET;Ean 13;ET? MAX?MUS BEYAZ 36 GR;12.50 TL;;;TÜRK?YE;16.07.2024;
8,69053E+12;8,69053E+12;;ADET;Ean 13;ETI PETITO AYICIK 26GR GOFRETLI CIKOLATA;10.00 TL;;;TÜRK?YE;16.07.2024;
8,69053E+12;8,69053E+12;;ADET;Ean 13;ETI 18826 KARAM A.FISTIKLI 28GR;40.00 TL;;;TÜRK?YE;16.07.2024;
8,69053E+12;8,69053E+12;;ADET;Ean 13;ETI 16806 KARAMELA 30GR;17.50 TL;;;TÜRK?YE;16.07.2024;
8,69053E+12;8,69053E+12;;ADET;Ean 13;ETI KARAM BITTER 17G;15.00 TL;;;TÜRK?YE;16.07.2024;
8,69053E+12;8,69053E+12;;ADET;Ean 13;ET? CIKOLATA CIFTE KAVRULMUS FINDIKLI 60GR;70.00 TL;;;TÜRK?YE;16.07.2024;
8,69053E+12;8,69053E+12;;ADET;Ean 13;ETI CIKOLATA KARE %54 BADEM KARAM 60GR;82.50 TL;;;TÜRK?YE;16.07.2024;
8,69053E+12;8,69053E+12;;ADET;Ean 13;ET? ANT Ç?LEK B?TTER 60 GR;82.50 TL;;;TÜRK?YE;16.07.2024;
8,69053E+12;8,69053E+12;;ADET;Ean 13;ETI CIKOLATA KARE 60GR BITTER %54;52.50 TL;;;TÜRK?YE;16.07.2024;
8,69053E+12;8,69053E+12;;ADET;Ean 13;ETI 17394 BURCAK KAK.YULAF 82GR;22.50 TL;;;TÜRK?YE;16.10.2024 19:39;16.00
8,69053E+12;8,69053E+12;;ADET;Ean 13;ET? BURÇAK PROTE?NL? FINDIK EZMEL? 158 GR;50.00 TL;;;TÜRK?YE;20.12.2025 11:49;47.50
8,69053E+12;8,69053E+12;;ADET;Ean 13;ETI BURCAK KURABI AY COREKLI 105 GR;25.00 TL;;;TÜRK?YE;16.07.2024;
8,69053E+12;8,69053E+12;-1;ADET;Ean 13;ETI BEN?MO BITTER CIKOLATALI 80 GR;35.00 TL;;;TÜRK?YE;3.09.2024 15:07;22.50
8,69053E+12;8,69053E+12;;ADET;Ean 13;ETI TUTKU 150GR;35.00 TL;;;TÜRK?YE;12.01.2025 13:57;22.50
8,69053E+12;8,69053E+12;;ADET;Ean 13;ETI 16468 LIFALIF YULAF EZ.KURU YEMIS 35GR;32.50 TL;;;TÜRK?YE;1.03.2025 10:59;25.00
8,69053E+12;8,69053E+12;;ADET;Ean 13;ETI FORM HURMA INCIR CIYALI 50 GR;20.00 TL;;;TÜRK?YE;23.07.2025 16:04;17.50
8,69053E+12;8,69053E+12;;ADET;Ean 13;ETI 17954 FORM TAHILLI BUGDAY PATLAGI 41GR;22.50 TL;;;TÜRK?YE;16.07.2024;
8,69053E+12;8,69053E+12;;ADET;Ean 13;ETI 17522 HOSBES FINDIKLI 40GR;17.50 TL;;;TÜRK?YE;16.07.2024;
8,69053E+12;8,69053E+12;;ADET;Ean 13;ETI 18683 B.INTENS KARAMELLI 160GR;90.00 TL;;;TÜRK?YE;16.07.2024;
8,69053E+12;8,69053E+12;;ADET;Ean 13;ETI GONG POPS 80GR ORIJINAL;60.00 TL;;;TÜRK?YE;19.02.2025 12:40;40.00
8,69755E+12;8,69755E+12;;ADET;Ean 13;ÇAPANO?LU DANA SUCUK 200 GR;115.00 TL;;;TÜRK?YE;17.07.2024;
8,69057E+12;8,69057E+12;-1;ADET;Ean 13;YED?GÜN 1,5 LT;80.00 TL;;;TÜRK?YE;3.07.2026 11:25;75.00
8,69289E+12;8,69289E+12;;ADET;Ean 13;ALTINKILIC OTLU BEYAZ PEYNIR 100 GR;65.00 TL;;;TÜRK?YE;17.07.2024;
8,69862E+12;8,69862E+12;;ADET;Ean 13;AYSIL CAMASIR SUYU PARFUMLU 1 LT;50.00 TL;;;TÜRK?YE;19.07.2024;
8,69862E+12;8,69862E+12;;ADET;Ean 13;AYS?L ÇAMA?IR SUYU 4 KG;69.00 TL;;;TÜRK?YE;19.07.2024;
8,68331E+12;8,68331E+12;;ADET;Ean 13;YÖRÜKANA NAR SUYU;35.00 TL;;;TÜRK?YE;28.05.2025 20:17;25.00
8,69022E+12;8,69022E+12;;ADET;Ean 13;FATIH KURSUN KALEM*;10.00 TL;;;TÜRK?YE;20.07.2024;
8,6907E+12;8,6907E+12;;ADET;Ean 13;KNORR BULYON 12LI TABLET ET 120GR;90.00 TL;;;TÜRK?YE;9.07.2026 17:22;50.00
8,69057E+12;8,69057E+12;-2;ADET;Ean 13;L?PTON ICETEA L?MONLU 1.5 YEN?;80.00 TL;;;TÜRK?YE;22.07.2026 12:10;75.00
90495960;90495960;;ADET;Ean 8;FUSE TEA 330ML KARPUZ;60.00 TL;;;TÜRK?YE;2.06.2026 12:28;50.00
42398943;42398943;;ADET;Ean 8;FUSE TEA 330ML SEFTALI;60.00 TL;;;TÜRK?YE;2.06.2026 12:25;50.00
8,68313E+12;8,68313E+12;;ADET;Ean 13;EL?DOR GÜÇLÜ VE PARLAK SAÇ KREM? 350ML;145.00 TL;;;TÜRK?YE;2.09.2025 16:42;129.00
8,68313E+12;8,68313E+12;;ADET;Ean 13;EL?DOR SAÇ DÖKÜLMELER?E KAR?I SAÇ KREM? 350ML;145.00 TL;;;TÜRK?YE;2.09.2025 16:42;129.00
8,68313E+12;8,68313E+12;;ADET;Ean 13;EL?DOR GÜÇLÜ VE PARLAK SAÇLAR PEMBE ?AMPUAN 400ML;145.00 TL;;;TÜRK?YE;2.09.2025 16:43;100.00
8,68313E+12;8,68313E+12;;ADET;Ean 13;EL?DOR H?ND?STAN CEV?Z? YA?I ?AMPUAN 400ML;145.00 TL;;;TÜRK?YE;2.09.2025 16:42;129.00
8,68313E+12;8,68313E+12;;ADET;Ean 13;ELIDOR SAMPUAN SAC DOKULMESINE KARSI 500ML;160.00 TL;;;TÜRK?YE;20.07.2024;
8,68313E+12;8,68313E+12;;ADET;Ean 13;ELIDOR SAMPUAN 500 ML SAG.UZ.SACLAR;120.00 TL;;;TÜRK?YE;20.07.2024;
8,68313E+12;8,68313E+12;;ADET;Ean 13;ELIDOR SAMPUAN RENK KORU.VE CANLA.BAKIM 500ML;120.00 TL;;;TÜRK?YE;20.07.2024;
3,60052E+12;3,60052E+12;;ADET;Ean 13;ELSEVE SAMP.360ML YIPRANMIS SACLAR;150.00 TL;;;TÜRK?YE;20.07.2024;
3,60052E+12;3,60052E+12;;ADET;Ean 13;ELSEVE SAMPUAN 360ML DREAM LONG;165.00 TL;;;TÜRK?YE;20.07.2024;
3,60052E+12;3,60052E+12;;ADET;Ean 13;ELSEVE KOMPLE DIRENC SAMPUAN 400 ML;150.00 TL;;;TÜRK?YE;20.07.2024;
3,60052E+12;3,60052E+12;;ADET;Ean 13;ELSEVE SAMPUAN 360ML MUCIZEVI HINDISTAN YAG;165.00 TL;;;TÜRK?YE;20.07.2024;
8,69078E+12;8,69078E+12;;ADET;Ean 13;RAID AYARLANABILIR LIKIT*12;395.00 TL;;;TÜRK?YE;20.07.2024;
7,70202E+12;7,70202E+12;;ADET;Ean 13;GILLETTE MACH3 MAKINE TEKLI;150.00 TL;;;TÜRK?YE;20.07.2024;
6,00107E+12;6,00107E+12;;ADET;Ean 13;COLGATE D.FIRCA 360  WHITE;100.00 TL;;;TÜRK?YE;20.07.2024;
8,68313E+12;8,68313E+12;;ADET;Ean 13;REXONA ÜSTÜN KORUMA FRESH 150ML;175.00 TL;;;TÜRK?YE;20.07.2024;
8,72018E+12;8,72018E+12;;ADET;Ean 13;REXONA FRESH POWER 150ML;175.00 TL;;;TÜRK?YE;20.07.2024;
8,68313E+12;8,68313E+12;;ADET;Ean 13;REXONA ÜSTÜN KORUMA 150ML;175.00 TL;;;TÜRK?YE;20.07.2024;
8,69059E+12;8,69059E+12;;ADET;Ean 13;SLAZENGER DEO 150ML GOLD;200.00 TL;;;TÜRK?YE;20.07.2024;
8,69057E+12;8,69057E+12;;ADET;Ean 13;GLISS SAMP.360 ML BIOTECH RESTORE;150.00 TL;;;TÜRK?YE;20.07.2024;
8,69057E+12;8,69057E+12;;ADET;Ean 13;GLISS 500ML SAMP. SERUM DEEP REPAIR;150.00 TL;;;TÜRK?YE;20.07.2024;
8,69057E+12;8,69057E+12;;ADET;Ean 13;GLISS SAMP.360 ML SPLIT HAIR MIRACLE;125.00 TL;;;TÜRK?YE;20.07.2024;
8,69057E+12;8,69057E+12;;ADET;Ean 13;BLENDAX SAMP.500 ML ARGAN YAGI;125.00 TL;;;TÜRK?YE;21.04.2025 13:28;115.00
8,69411E+12;8,69411E+12;;ADET;Ean 13;GAZ?O?LU TUZLU KURAB?YE 300GR;49.00 TL;;;TÜRK?YE;20.07.2024;
7,70202E+12;7,70202E+12;;ADET;Ean 13;GILLETTE BLUE 3 TEKLI COMFORT;50.00 TL;;;TÜRK?YE;20.07.2024;
4,0154E+12;4,0154E+12;;ADET;Ean 13;ORK?D ULTRA EXTRA TEKLI GECE;75.00 TL;;;TÜRK?YE;21.12.2025 11:25;50.00
8,68313E+12;8,68313E+12;;ADET;Ean 13;KNORR ÇABUK ÇORBA KITIRLI DOMATES ;30.00 TL;A?u.19;;TÜRK?YE;9.07.2026 17:19;25.00
8,69637E+11;8,69637E+12;;ADET;Ean 13;KNORR ÇABUK ÇORBA KREMALI TAVUK;30.00 TL;A?u.19;;TÜRK?YE;9.07.2026 17:19;25.00
8,69064E+12;8,69064E+12;;ADET;Ean 13;KNORR CABUK EZOGELIN ÇORBASI 22 GR;30.00 TL;A?u.19;;TÜRK?YE;9.07.2026 17:19;25.00
8,90638E+11;8,90638E+12;;ADET;Ean 13;KNORR SÜZME MERC?MEK ÇORBASI;30.00 TL;15.41;;8,69011E+12;9.07.2026 17:19;25.00
8,68015E+12;8,68015E+12;;ADET;Ean 13;SU ELMACIK 1.5;20.00 TL;;;TÜRK?YE;25.01.2025 23:04;15.00
8,684E+12;8,684E+12;;ADET;Ean 13;COSBY CANAVAR KAMYON;90.00 TL;;;TÜRK?YE;22.07.2024;
8,68116E+12;8,68116E+12;;ADET;Ean 13;COSBY YENGEÇ OYUNCAK;70.00 TL;;;TÜRK?YE;22.07.2024;
8,7187E+12;8,7187E+12;;ADET;Ean 13;PHILIPS AMPUL LED 9 W BEYAZ ISIK;50.00 TL;;;TÜRK?YE;22.07.2024;
4,05808E+12;4,05808E+12;-2;ADET;Ean 13;OSTRAM LED AMPUL;75.00 TL;;;TÜRK?YE;22.07.2024;
8,6935E+12;8,6935E+12;;ADET;Ean 13;PROTEX SIVI EL SABUNU 500 ML;50.00 TL;;;TÜRK?YE;22.07.2024;
8,6935E+12;8,6935E+12;;ADET;Ean 13;PROTEX S.SABUN 500ML HERBAL;50.00 TL;;;TÜRK?YE;22.07.2024;
80770848;80770848;;ADET;Ean 8;V?V?DENT 45 Ç?LEK;60.00 TL;;;TÜRK?YE;13.05.2026 15:06;50.00
8,69051E+12;8,69051E+12;;ADET;Ean 13;ARKO NEM AVAKADOLU;100.00 TL;;;TÜRK?YE;22.07.2024;
86906654;86906654;-1;ADET;Ean 8;ARKO KREM 150 ML;125.00 TL;;;TÜRK?YE;22.07.2024;
8,00109E+12;8,00109E+12;;ADET;Ean 13;IPANA D.MAC.3 BOYUTLU CAY VE KAHVE 75ML;125.00 TL;;;TÜRK?YE;22.07.2024;
8,00109E+12;8,00109E+12;;ADET;Ean 13;IPANA 3D WHITE CANLANDIRAN FERAHLIK 75 ML;125.00 TL;;;TÜRK?YE;22.07.2024;
8,00184E+12;8,00184E+12;;ADET;Ean 13;ORAL-B DIS MACUNU 50ML PRO-ONARIM ORIJINAL;100.00 TL;;;TÜRK?YE;22.07.2024;
8,00109E+12;8,00109E+12;;ADET;Ean 13;IPANA D.MACUNU KLASIK TAT 100ML;65.00 TL;;;TÜRK?YE;22.07.2024;
6,22116E+12;6,22116E+12;;ADET;Ean 13;SIGNAL DIS MACUNU 120ML 3 LU KORUMA;125.00 TL;;;TÜRK?YE;22.07.2024;
6,22105E+12;6,22105E+12;;ADET;Ean 13;SIGNAL BEYAZLATICI SISTEM 125ML MOONLIGT;150.00 TL;;;TÜRK?YE;22.07.2024;
7,70202E+12;7,70202E+12;;ADET;Ean 13;FUSION POW MAKINA + JEL;400.00 TL;;;TÜRK?YE;22.07.2024;
8,0005E+12;8,0005E+12;;ADET;Ean 13;KINDER JOY HARRY POTTER ITHAL;360.00 TL;;;TÜRK?YE;23.07.2024;
8,68428E+12;8,68428E+12;;ADET;Ean 13;LEXTON KATKILI KARPUZ MACUN;240.00 TL;160.00;;TÜRK?YE;23.07.2024;
8,68428E+12;8,68428E+12;;ADET;Ean 13;LEXTON POLEN ARI SÜTÜ MACUN;240.00 TL;160.00;;TÜRK?YE;23.07.2024;
8,68428E+12;8,68428E+12;;ADET;Ean 13;LEXTON PROPOL?S LAVANTALI MACUN;240.00 TL;160.00;;TÜRK?YE;23.07.2024;
8,68428E+12;8,68428E+12;;ADET;Ean 13;PROPOL?S OMEGA 3 HARPUZ ÖZÜ MACUN;240.00 TL;160.00;;TÜRK?YE;23.07.2024;
8,68428E+12;8,68428E+12;;ADET;Ean 13;LEXTON KUDRET NARI MUZLU MACUN;240.00 TL;160.00;;TÜRK?YE;23.07.2024;
8,68428E+12;8,68428E+12;;ADET;Ean 13;LEXTON PROPOL?S OKAL?PTUS MACUN;240.00 TL;160.00;;TÜRK?YE;23.07.2024;
8,68428E+12;8,68428E+12;;ADET;Ean 13;LEXTON ZERDEÇAL KATKILI MACUN;240.00 TL;160.00;;TÜRK?YE;23.07.2024;
8,68428E+12;8,68428E+12;;ADET;Ean 13;LEXTON PORTAKAL KATKILI MACUN;240.00 TL;160.00;;TÜRK?YE;23.07.2024;
8,68428E+12;8,68428E+12;;ADET;Ean 13;LEXTON V??NE KATKILI MACUN;240.00 TL;160.00;;TÜRK?YE;23.07.2024;
8,68428E+12;8,68428E+12;;ADET;Ean 13;LEXTON Ç?LEK KATKILI MACUN;240.00 TL;160.00;;TÜRK?YE;23.07.2024;
8,68428E+12;8,68428E+12;;ADET;Ean 13;LEXTON NAR KATKILI MACUN;240.00 TL;160.00;;TÜRK?YE;23.07.2024;
8,68428E+12;8,68428E+12;;ADET;Ean 13;LEXTON NANE KATKILI MACUN;240.00 TL;160.00;;TÜRK?YE;23.07.2024;
8,69056E+12;8,69056E+12;;ADET;Ean 13;OBSESSO ?EKERS?Z;70.00 TL;;;TÜRK?YE;5.03.2026 10:04;65.00
8,69064E+12;8,69064E+12;;ADET;Ean 13;ALG. MAGNUM DBL 360ML;325.00 TL;;;TÜRK?YE;2.01.2026 19:01;169.90
8,69061E+12;8,69061E+12;-1;ADET;Ean 13;SÜPERFRESH MANTI A?LE BOYU;360.00 TL;;;TÜRK?YE;14.01.2026 12:25;225.00
5,90002E+12;5,90002E+12;;ADET;Ean 13;NESTLE NESF?T KIRMIZI MEYVELI TAM TAHILLI BAR 23.5;35.00 TL;;;TÜRK?YE;15.08.2025 14:28;30.00
5,90002E+12;5,90002E+12;;ADET;Ean 13;NESTLE NESF?T C?LEKLI TAM TAHILLI BAR 23,5GR;35.00 TL;;;TÜRK?YE;15.08.2025 14:28;30.00
5,90002E+12;5,90002E+12;;ADET;Ean 13;NESTLE NESF?T BATON STRAW 23.5 CIKOLATALI;35.00 TL;;;TÜRK?YE;15.08.2025 14:28;30.00
5,90002E+12;5,90002E+12;;ADET;Ean 13;NESTLE NESFiT BAR KARAMELLI 23.5GR;35.00 TL;;;TÜRK?YE;15.08.2025 14:28;30.00
8,69078E+12;8,69078E+12;;ADET;Ean 13;J.W RAID BOCEK SAVAR MAX 300ML;300.00 TL;;;TÜRK?YE;25.07.2024;
1,50014E+12;1,50014E+12;;ADET;Ean 13;ULUDA? L?MONATA 1LT NANEL?;70.00 TL;;;TÜRK?YE;8.07.2026 11:40;65.00
5,00011E+12;5,00011E+12;-2;ADET;Ean 13;FUSE TEA 1.5LT L?MONLU;80.00 TL;;;TÜRK?YE;22.07.2026 11:52;75.00
8,68108E+12;8,68108E+12;;ADET;Ean 13;HERO BABY MAMA 200GR 4+AY SUTLU MUZLU;85.00 TL;;;TÜRK?YE;26.07.2024;
8,68108E+12;8,68108E+12;;ADET;Ean 13;HERO BABY SUTLU ELMALI 8 TAHILLI 200GR;85.00 TL;;;TÜRK?YE;26.07.2024;
8,68108E+12;8,68108E+12;;ADET;Ean 13;HERO BABY 200G SUTLU IRM.BALLI;85.00 TL;;;TÜRK?YE;26.07.2024;
8,68108E+12;8,68108E+12;;ADET;Ean 13;HERO BABY SUTLU MEYVELI 8 TAHILLI 200GR;85.00 TL;;;TÜRK?YE;26.07.2024;
8,61304E+12;8,61304E+12;;ADET;Ean 13;KÜÇÜK SU TABANCASI;15.00 TL;;;TÜRK?YE;26.07.2024;
4,0059E+12;4,0059E+12;;ADET;Ean 13;NIVEA DEO+ NIVEA DUS JELI;200.00 TL;;;TÜRK?YE;30.04.2025 20:28;185.00
4,0059E+12;4,0059E+12;;ADET;Ean 13;NIVEA MEN FRESH ACTIVE HED?YEL?;200.00 TL;;;TÜRK?YE;30.04.2025 20:28;185.00
4,00581E+12;4,00581E+12;;ADET;Ean 13;NIVEA CREME CARE BANYO VE DU? JEL? 250 ML;80.00 TL;;;TÜRK?YE;26.07.2024;
7,61329E+12;7,61329E+12;;ADET;Ean 13;FEL?X TON;35.00 TL;;;TÜRK?YE;23.01.2025 19:13;25.00
7,61329E+12;7,61329E+12;;ADET;Ean 13;FEL?X SI?IR ET?;30.00 TL;;;TÜRK?YE;23.01.2025 19:14;25.00
7,61329E+12;7,61329E+12;;ADET;Ean 13;FEL?X KUZU ET?;35.00 TL;;;TÜRK?YE;23.01.2025 19:14;25.00
7,61329E+12;7,61329E+12;;ADET;Ean 13;FEL?X TAVUKLU;35.00 TL;;;TÜRK?YE;23.01.2025 19:14;25.00
7,61329E+12;7,61329E+12;;ADET;Ean 13;FEL?X HAVUÇLU TAVUKLU;30.00 TL;;;TÜRK?YE;23.01.2025 19:14;25.00
7,61329E+12;7,61329E+12;;ADET;Ean 13;FEL?X SOMONLU;30.00 TL;;;TÜRK?YE;23.01.2025 19:14;25.00
8,69079E+12;8,69079E+12;;ADET;Ean 13;TADIM 400GR AY CEKIRDEGI;20.00 TL;;;TÜRK?YE;9.09.2025 14:44;18.00
8,69052E+12;8,69052E+12;;ADET;Ean 13;FIRST SENSATIONS 27GR YESIL NANELI;60.00 TL;;;TÜRK?YE;11.06.2026 14:38;50.00
8,69079E+12;8,69079E+12;;ADET;Ean 13;TADIM YER FISTI?I TACO ÇITIR 60 GR;20.00 TL;;;TÜRK?YE;9.09.2025 14:44;18.00
8,69053E+12;8,69053E+12;;ADET;Ean 13;ET? C?N LOKMALIK Ç?LEKL?;30.00 TL;;;TÜRK?YE;10.12.2025 13:18;22.50
8,69063E+12;8,69063E+12;;ADET;Ean 13;NESCAFE EXPRESS BLACK ROAST 250ML;75.00 TL;;;TÜRK?YE;6.07.2026 12:51;70.00
8,69064E+12;8,69064E+12;;ADET;Ean 13;ALG?DA MAGNUM MINI DBL K.DUT-BOGURTLEN;325.00 TL;;;TÜRK?YE;2.01.2026 18:58;250.00
8,69588E+12;8,69588E+12;-1;ADET;Ean 13;PEYMAN TUZLU KAV. FINDIK 130GR;220.00 TL;;;TÜRK?YE;16.06.2025 21:08;150.00
8,6905E+12;8,6905E+12;;ADET;Ean 13;ULKER ALBENI VIVA BEYAZ C.KAPLI KAKAOLU;15.00 TL;;;TÜRK?YE;9.01.2025 18:44;12.00
8,6905E+12;8,6905E+12;;ADET;Ean 13;ALTIN BA?AK C?PS 50 GR;40.00 TL;;;TÜRK?YE;15.01.2026 12:47;15.00
8,6905E+12;8,6905E+12;;ADET;Ean 13;ULK 1151-4 BISKREM KAKAOLU BUYUK BOY;60.00 TL;;;TÜRK?YE;19.01.2025 13:24;35.00
8,6905E+12;8,6905E+12;;ADET;Ean 13;ÇOKOMEL SADE 3 LÜ;20.00 TL;;;TÜRK?YE;25.05.2025 22:41;15.00
8,6905E+12;8,6905E+12;;ADET;Ean 13;ULK 900-8 COKOPRENS 30GR;199.00 TL;;;TÜRK?YE;29.10.2025 15:28;
8,6905E+12;8,6905E+12;;ADET;Ean 13;ULK 1077-2 IKRAM KRE BISKUVI 84GRX3;40.00 TL;;;TÜRK?YE;28.07.2024;
8,6905E+12;8,6905E+12;;ADET;Ean 13;ULK 834-9 SAKLIKOY FINDIKLI KREMALI BISKUVI;20.00 TL;;;TÜRK?YE;19.01.2025 13:30;16.00
8,6905E+12;8,6905E+12;;ADET;Ean 13;ULK 841-9 SAKLIKOY CIKOLATALI 100GR;20.00 TL;;;TÜRK?YE;19.01.2025 13:29;16.00
8,6905E+12;8,6905E+12;;ADET;Ean 13;ULKER 1087-07 KRISPI TIR. KRAKER BAHARAT 48GR;15.00 TL;;;TÜRK?YE;28.07.2024;
8,6905E+12;8,6905E+12;;ADET;Ean 13;ULKER 1084-02 KRISPI TIR. KRAKER ACILI 48GR;15.00 TL;;;TÜRK?YE;28.07.2024;
8,6905E+12;8,6905E+12;;ADET;Ean 13;ULKER KRISPI TIRTIKLI KRAKER 48GR KETCAP AROMALI;15.00 TL;;;TÜRK?YE;26.11.2025 11:20;Ara.50
8,6905E+12;8,6905E+12;;ADET;Ean 13;ULK 816-6 OLALA SUFLE MINI 162GR;65.00 TL;;;TÜRK?YE;12.01.2026 11:32;55.00
8,6905E+12;8,6905E+12;;ADET;Ean 13;ULKER 501-02 ÇOKOMILK 24GR;10.00 TL;;;TÜRK?YE;28.07.2024;
8,6905E+12;8,6905E+12;;ADET;Ean 13;HALLEY MUZLU;95.00 TL;;;8,69058E+12;1.07.2026 19:13;80.00
8,6905E+12;8,6905E+12;;ADET;Ean 13;ULK 270-1 HOBBY 25GR;10.00 TL;;;TÜRK?YE;28.07.2024;
8,6905E+12;8,6905E+12;;ADET;Ean 13;ULK 1272-0 HOBBY 600GR;150.00 TL;;;TÜRK?YE;28.07.2024;
8,69084E+12;8,69084E+12;;ADET;Ean 13;ONEO SAKIZ 60 DAKIKA 34GR DRAJE;65.00 TL;;;TÜRK?YE;5.11.2025 23:06;50.00
8,69064E+12;8,69064E+12;;ADET;Ean 13;TAT MAYONEZ 345 GR;109.00 TL;34.75;;TÜRK?YE;28.11.2025 09:42;49.00
8,69187E+12;8,69187E+12;;ADET;Ean 13;INCI KIMYON 35 GR;25.00 TL;;;TÜRK?YE;28.07.2024;
8,69187E+12;8,69187E+12;;ADET;Ean 13;INCI KARBONAT;25.00 TL;;;TÜRK?YE;28.07.2024;
8,69057E+12;8,69057E+12;;ADET;Ean 13;FINISH QUANTUM MAX TABLET 22 LI;179.00 TL;;;TÜRK?YE;29.07.2024;
8,68224E+12;8,68224E+12;;ADET;Ean 13;SLEEPY EXTRA 2 L? PAKET 4 NUMARA;369.00 TL;;;TÜRK?YE;8.04.2025 18:10;399.00
8,69078E+12;8,69078E+12;;ADET;Ean 13;RAID BOCEK YEMI 6 LI;395.00 TL;;;TÜRK?YE;29.07.2024;
8,69024E+12;8,69024E+12;;ADET;Ean 13;GULSAH MISKET LIMON KOLONYA 300ML;90.00 TL;;;TÜRK?YE;22.10.2024 19:24;80.00
8,68313E+12;8,68313E+12;;ADET;Ean 13;CLEAR MEN KOLAY ?EK?L ALAN SAÇLAR;185.00 TL;;;TÜRK?YE;2.09.2025 16:46;145.00
8,68313E+12;8,68313E+12;;ADET;Ean 13;CLEAR HIZLI STIL 2SI1ARADA 485ML;159.00 TL;;;TÜRK?YE;21.04.2025 13:42;149.00
8,68313E+12;8,68313E+12;;ADET;Ean 13;CLEAR MEN KA?INTI KAR?ITI;185.00 TL;;;TÜRK?YE;2.09.2025 16:46;145.00
8,68313E+12;8,68313E+12;;ADET;Ean 13;CLEAR MEN 10 KAT DER?NLEMES?NE;159.00 TL;;;TÜRK?YE;2.09.2025 16:47;145.00
8,68313E+12;8,68313E+12;;ADET;Ean 13;ALG?DA CARTE DOR MEYVE ?ÖLEN?;295.00 TL;;;TÜRK?YE;10.04.2026 10:55;290.00
8,68313E+12;8,68313E+12;;ADET;Ean 13;ALG?DA CARTE DOOR SELECTION Ç?KOLATA KARNAVALI;295.00 TL;;;TÜRK?YE;10.04.2026 10:55;290.00
8,69051E+12;8,69051E+12;;ADET;Ean 13;TUKAS BEZELYE 680GR CAM;60.00 TL;;;TÜRK?YE;13.11.2024 21:31;49.00
8,69064E+12;8,69064E+12;;ADET;Ean 13;TAT BARBUNYA PILAKI 200 GR *12;40.00 TL;;;TÜRK?YE;30.07.2024;
5,00011E+12;5,00011E+12;;ADET;Ean 13;FANTA EXOT?C KARI?IK MEYVE SUYU 1 LT;75.00 TL;;;TÜRK?YE;21.07.2026 16:17;65.00
8,69054E+12;8,69054E+12;;ADET;Ean 13;BINGO FRESH 1KG MANOLYA;52.50 TL;;;TÜRK?YE;31.07.2024;
8,69054E+12;8,69054E+12;;ADET;Ean 13;BINGO FRESH 1 KG LAVANTA;52.50 TL;;;TÜRK?YE;31.07.2024;
8,69054E+12;8,69054E+12;;ADET;Ean 13;BINGO FRESH 1 KG PEMBE DUSLER;52.50 TL;;;TÜRK?YE;31.07.2024;
8,69054E+12;8,69054E+12;;ADET;Ean 13;BINGO FRESH 1 KG LOVELY;52.50 TL;;;TÜRK?YE;31.07.2024;
8,69074E+12;8,69074E+12;;ADET;Ean 13;?DEAL BUZDOLABI PO?ET? ORTA 100 LU;40.00 TL;;;TÜRK?YE;31.07.2024;
8,69073E+12;8,69073E+12;;ADET;Ean 13;SCOTCH BRITE 2 LI (70*) KOLI FIYATI;60.00 TL;;;TÜRK?YE;31.07.2024;
8,69998E+12;8,69998E+12;;ADET;Ean 13;MISSLADY KRISTAL BARDAK;45.00 TL;;;TÜRK?YE;31.07.2024;
8,69057E+12;8,69057E+12;;ADET;Ean 13;YED?GÜN 1LT PORTAKALLI;70.00 TL;;;TÜRK?YE;3.07.2026 11:24;65.00
86939584;86939584;;ADET;Ean 8;S.LD LODOS DENIZCISI BLUE UZUN KUTU;100.00 TL;;;TÜRK?YE;16.10.2025 20:17;90.00
8,68379E+12;8,68379E+12;;ADET;Ean 13;SARIYER KOLA 2.5LT;85.00 TL;;;TÜRK?YE;27.04.2026 14:34;80.00
86945455;86945455;;ADET;Ean 8;B?G BABOL M?X;20.00 TL;;;TÜRK?YE;30.08.2024 23:00;12.00
8,6905E+12;8,6905E+12;;ADET;Ean 13;ÜLKER H?ND?STAN CEV?ZL? TABLET 225GR;100.00 TL;;;TÜRK?YE;3.08.2024;
8,6905E+12;8,6905E+12;;ADET;Ean 13;ÜLKER LAV?VA SELECT?ON 45GR;30.00 TL;;;TÜRK?YE;20.12.2025 11:41;20.00
8,6905E+12;8,6905E+12;;ADET;Ean 13;ÜLKER LOVENUT FINDIK A?KI 30GR;25.00 TL;;;TÜRK?YE;3.08.2024;
5,00011E+12;5,00011E+12;;ADET;Ean 13;SPRITE 2.5 LT GAZOZ;100.00 TL;;;TÜRK?YE;19.08.2026 16:29;80.00
8,68409E+12;8,68409E+12;;ADET;Ean 13;SU KAY?N 0.5LT;10.00 TL;;;TÜRK?YE;15.08.2024 15:18;Tem.50
8,69332E+12;8,69332E+12;;ADET;Ean 13;SAADET POV?;10.00 TL;;;TÜRK?YE;4.08.2024;
8,68213E+12;8,68213E+12;;ADET;Ean 13;DIPPO CHOCO CORNET 25GR;15.00 TL;;;TÜRK?YE;4.08.2024;
8,69056E+12;8,69056E+12;;ADET;Ean 13;DARDANEL  TON 75*4;275.00 TL;;;TÜRK?YE;13.11.2024 21:42;165.00
8,69324E+12;8,69324E+12;;ADET;Ean 13;SEL?N 400ML LIMON KOLONYASI PED;225.00 TL;;;TÜRK?YE;5.08.2024;
8,69078E+12;8,69078E+12;;ADET;Ean 13;J.W RAID OFF S.KOVAR LOS.POMP.SPREY 100ML;195.00 TL;;;TÜRK?YE;5.08.2024;
8,69998E+12;8,69998E+12;-1;ADET;Ean 13;TTR KULAK ÇUBU?U;45.00 TL;;;TÜRK?YE;5.08.2024;
8,9927E+12;8,9927E+12;;ADET;Ean 13;SENSODYNE GENTLE WHITENING 100 GR.;280.00 TL;;;TÜRK?YE;5.08.2024;
8,69795E+12;8,69795E+12;;ADET;Ean 13;EGEMEN KARABIBER 50 GR;85.00 TL;;;TÜRK?YE;31.05.2025 23:39;80.00
8,69795E+12;8,69795E+12;-1;ADET;Ean 13;EGEMEN HINDISTAN CEVIZI;85.00 TL;;;TÜRK?YE;31.05.2025 23:39;80.00
8,69795E+12;8,69795E+12;;ADET;Ean 13;EGEMEN NANE 40 GR;70.00 TL;;;TÜRK?YE;5.08.2024;
8,69795E+12;8,69795E+12;;ADET;Ean 13;EGEMEN KEKIK 50 GR;60.00 TL;;;TÜRK?YE;30.11.2025 19:21;50.00
8,68274E+12;8,68274E+12;;ADET;Ean 13;EFOR ÇAY T?RYAK? 500;99.00 TL;;;TÜRK?YE;5.08.2024;
8,69106E+12;8,69106E+12;;ADET;Ean 13;SODA SIRMA SADE 200ML;15.00 TL;;;TÜRK?YE;15.03.2026 12:25;Ara.50
8,69898E+12;8,69898E+12;;ADET;Ean 13;SARIKIZ 200ML LIMONLU C VITAMINLI-;10.00 TL;;;TÜRK?YE;6.08.2024;
8,69053E+12;8,69053E+12;;ADET;Ean 13;ET? GONG TATLI BARBEKÜ AROMA ;20.00 TL;;;TÜRK?YE;25.11.2025 12:41;15.00
8,69053E+12;8,69053E+12;;ADET;Ean 13;ET? GONG EK?? KREMA SO?AN;20.00 TL;;;TÜRK?YE;25.11.2025 12:41;15.00
4,00581E+12;4,00581E+12;;ADET;Ean 13;NIVEA PUMP SPREY 75ML ERKEK;195.00 TL;;;TÜRK?YE;7.08.2024;
8,69741E+12;8,69741E+12;;ADET;Ean 13;BILDIRCIN YUMURTASI;80.00 TL;;;TÜRK?YE;8.08.2024;
8,69062E+12;8,69062E+12;;ADET;Ean 13;C?PS DOR?TOS HOT CORN 50 GR;35.00 TL;;;TÜRK?YE;29.06.2026 14:21;30.00
8,69062E+12;8,69062E+12;;ADET;Ean 13;C?PS DOR?TOS NACHO 50 GR;35.00 TL;;;TÜRK?YE;29.06.2026 14:21;30.00
8,69078E+12;8,69078E+12;;ADET;Ean 13;RAID KARINCA YEMI 2 ADET;395.00 TL;;;TÜRK?YE;8.08.2024;
8,68313E+12;8,68313E+12;;ADET;Ean 13;ALG?DA MARA? USULU SADE;200.00 TL;;;TÜRK?YE;2.01.2026 19:04;150.00
8,69064E+12;8,69064E+12;;ADET;Ean 13;KNORR CABUK KREMALI TAVUK ÇORBASI 18 GR;30.00 TL;;;TÜRK?YE;9.07.2026 17:21;25.00
8,68224E+12;8,68224E+12;;ADET;Ean 13;SLEEPY 100 LÜ BEYAZ S?RKEL?;125.00 TL;;;TÜRK?YE;26.09.2024 10:48;110.00
8,68224E+12;8,68224E+12;;ADET;Ean 13;SLEEPY 100 LÜ MAV? ÇAM KOKULU;125.00 TL;;;TÜRK?YE;8.08.2025 14:20;115.00
5,41315E+12;5,41315E+12;;ADET;Ean 13;ARIEL KONSANTRE 1500GR PARLAK RENKLER;160.00 TL;;;TÜRK?YE;25.05.2025 22:44;135.00
8,69064E+12;8,69064E+12;;ADET;Ean 13;OMO MATIK 1.5 KG COLOR;160.00 TL;;;TÜRK?YE;11.05.2025 14:51;118.00
8,69051E+12;8,69051E+12;;ADET;Ean 13;ABC ELDE YIKAMA SODA ETKILI 600 GR;37.50 TL;;;TÜRK?YE;9.08.2024;
8,69051E+12;8,69051E+12;;ADET;Ean 13;ABC TOZ 600GR GUL;45.00 TL;;;TÜRK?YE;9.08.2024;
8,69051E+12;8,69051E+12;;ADET;Ean 13;ABC ELDE YIKAMA LAVANTA TAZELIGI 600 GR;37.50 TL;;;TÜRK?YE;9.08.2024;
8,69056E+12;8,69056E+12;-1;ADET;Ean 13;BO?AZ?Ç? L?MON KOLONYASI SPREY 100 ML;70.00 TL;;;TÜRK?YE;22.10.2024 19:23;40.00
8,69054E+12;8,69054E+12;;ADET;Ean 13;B?NGO BULASIK 675GR DALINDAN LIMON;52.50 TL;;;TÜRK?YE;9.08.2024;
8,69054E+12;8,69054E+12;;ADET;Ean 13;BINGO 4LT SIVI BULASIK DETERJANI;159.00 TL;;;TÜRK?YE;9.08.2024;
8,68224E+12;8,68224E+12;;ADET;Ean 13;SLEEPY BEZ 7 NUMARA ;325.00 TL;;;TÜRK?YE;7.11.2025 13:57;269.00
8,69745E+12;8,69745E+12;-1;ADET;Ean 13;TOFITA KESILMIS PISIRME KAGIDI;175.00 TL;;;TÜRK?YE;9.08.2024;
8,69745E+12;8,69745E+12;;ADET;Ean 13;TOFITA ALUMINYUM FOLYO 10 MT;175.00 TL;;;TÜRK?YE;31.10.2025 19:23;75.00
8,69183E+12;8,69183E+12;-2;ADET;Ean 13;VATAN 1KG ASURELIK BUGDAY;60.00 TL;;;TÜRK?YE;20.06.2025 12:39;35.00
86947046;86947046;;ADET;Ean 8;MALTANA;60.00 TL;;;TÜRK?YE;19.08.2026 11:41;50.00
8,69171E+12;8,69171E+12;-1;ADET;Ean 13;OZMOCHOCOLATE;40.00 TL;;;TÜRK?YE;10.08.2024;
8,68132E+12;8,68132E+12;;ADET;Ean 13;SÜTA? LATTE1 LT;100.00 TL;;;TÜRK?YE;10.02.2025 09:14;60.00
8,68132E+12;8,68132E+12;-1;ADET;Ean 13;SÜTA? YO?URT SÜZME 375 GR;72.50 TL;;;TÜRK?YE;4.05.2026 09:06;65.00
8,69057E+12;8,69057E+12;;ADET;Ean 13;L?PTON 330ML ?EKERS?Z ?EFTAL?;60.00 TL;;;TÜRK?YE;2.06.2026 13:14;50.00
8,69057E+12;8,69057E+12;;ADET;Ean 13;YED?GÜN 330ML PORTAKAL;60.00 TL;;;TÜRK?YE;31.10.2025 11:28;45.00
8,68078E+12;8,68078E+12;;ADET;Ean 13;CIPSO ORIGINAL 103GR;45.00 TL;;;TÜRK?YE;11.08.2024;
8,69148E+12;8,69148E+12;;ADET;Ean 13;PATOS ACI BAHARATLI 125GR SUPER;35.00 TL;;;TÜRK?YE;11.08.2024;
7,6223E+12;7,6223E+12;;ADET;Ean 13;PATOS CIPS 128 GR ROLLS ACILI;35.00 TL;;;TÜRK?YE;11.08.2024;
8,69148E+12;8,69148E+12;;ADET;Ean 13;PATOS BAHARATLI 125GR SUPER;35.00 TL;;;TÜRK?YE;11.08.2024;
8,6946E+12;8,6946E+12;;ADET;Ean 13;M?RO ÇORAP;30.00 TL;;;TÜRK?YE;8.09.2024 22:20;25.00
6,10082E+12;6,10082E+12;;ADET;Ean 13;NETFEN AMPUL;25.00 TL;;;TÜRK?YE;12.08.2024;
8,6905E+12;8,6905E+12;;ADET;Ean 13;ULKER B?SKREM EXTRA 148GR;50.00 TL;;;TÜRK?YE;12.08.2024;
8,69011E+12;8,69011E+12;-7;ADET;Ean 13;B?RYA? 5LT PET;589.00 TL;;;TÜRK?YE;19.08.2026 10:59;569.00
8,69088E+12;8,69088E+12;;ADET;Ean 13;YUDUM AYCICEK YAGI 5 LT;595.00 TL;;;TÜRK?YE;11.07.2026 12:22;585.00
8,68379E+12;8,68379E+12;;ADET;Ean 13;SARIYER KOLA 1,5 LT;65.00 TL;;;TÜRK?YE;30.01.2026 15:04;60.00
80052760;80052760;;ADET;Ean 8;KINDER BUENO 43GR SUTLU CIKOLATA;60.00 TL;;;TÜRK?YE;13.08.2024;
8,69057E+12;8,69057E+12;;ADET;Ean 13;PINAR KAKAO SOS 460GR.;125.00 TL;;;TÜRK?YE;13.08.2024;
8,68157E+12;8,68157E+12;;ADET;Ean 13;BUZ KÜPÜ;30.00 TL;;;TÜRK?YE;3.03.2025 10:13;25.00
8,69335E+12;8,69335E+12;;ADET;Ean 13;DO?ANAY ?ALGAM 300ML ACILI;40.00 TL;A?u.33;;TÜRK?YE;4.06.2026 11:12;35.00
8,69335E+12;8,69335E+12;;ADET;Ean 13;DO?ANAY ?ALGAM 300 ML TATLI ;40.00 TL;A?u.33;;TÜRK?YE;4.06.2026 11:12;35.00
8,69171E+12;8,69171E+12;-1;ADET;Ean 13;OZMO POPSY 24 GR;30.00 TL;;;TÜRK?YE;14.08.2024;
8,6914E+12;8,6914E+12;;ADET;Ean 13;KINIK KARADUTLU;12.50 TL;;;TÜRK?YE;6.11.2024 12:40;10.00
8,69054E+12;8,69054E+12;;ADET;Ean 13;FAMILIA MENDIL 10 LU;15.00 TL;;;TÜRK?YE;14.08.2024;
8,69741E+12;8,69741E+12;;ADET;Ean 13;FLOREX COP TOR.ORTA BOY 20 ADET;35.00 TL;;;TÜRK?YE;29.04.2025 18:00;30.00
8,69063E+12;8,69063E+12;;ADET;Ean 13;NESTLE GOLD FLAKES 225GR BALLI;150.00 TL;;;TÜRK?YE;25.03.2025 14:45;125.00
8,69063E+12;8,69063E+12;;ADET;Ean 13;NESTLE GOLD CORN FLAKES 450GR;195.00 TL;;;TÜRK?YE;5.03.2026 11:50;150.00
8,69063E+12;8,69063E+12;;ADET;Ean 13;NESTLE COKO KRONCH 400 GR.;195.00 TL;;;TÜRK?YE;5.03.2026 11:50;150.00
8,69063E+12;8,69063E+12;;ADET;Ean 13;NESTLE GOLD CORN FLAKES KAKAOLU;195.00 TL;;;TÜRK?YE;5.03.2026 11:50;150.00
5,90002E+12;5,90002E+12;;ADET;Ean 13;NESTLE CHEERIOS BALLI YULAF GEVR. 225GR;150.00 TL;;;TÜRK?YE;25.03.2025 14:46;125.00
8,69063E+12;8,69063E+12;;ADET;Ean 13;NESQUIK TAHIL GEVREGI CILEKKARE 310GR;125.00 TL;;;TÜRK?YE;15.08.2024;
8,69064E+11;8,69064E+12;;ADET;Ean 13;C?PS DOR?TOS FLAMIN HOT SUPER BOY;60.00 TL;;;TÜRK?YE;29.06.2026 14:24;35.00
8,69058E+12;8,69058E+12;;ADET;Ean 13;F?L?Z M.KUSKUS;39.50 TL;;;TÜRK?YE;10.03.2026 15:44;35.00
8,6907E+12;8,6907E+12;-2;ADET;Ean 13;UNO TOS EKMEGI 550 GR;110.00 TL;49.50;;TÜRK?YE;19.08.2026 11:05;100.00
8,6907E+12;8,6907E+12;;ADET;Ean 13;UNO OTANT?K TAVA 470G;110.00 TL;44.00;;TÜRK?YE;19.08.2026 11:05;100.00
8,6907E+12;8,6907E+12;;ADET;Ean 13;UNO DENGE TAM BUGDAYLI CIYA TOHUM 350GR;110.00 TL;45.00;;TÜRK?YE;19.08.2026 11:05;100.00
8,6907E+12;8,6907E+12;;ADET;Ean 13;UNO TAM BUGDAY 450 GR;110.00 TL;42.00;;TÜRK?YE;19.08.2026 11:05;100.00
8,6907E+12;8,6907E+12;;ADET;Ean 13;UNO PREMIUM COK TAHIL.SIYEZ BUGD.EKMK.350GR;110.00 TL;44.00;;TÜRK?YE;19.08.2026 11:05;100.00
8,6907E+12;8,6907E+12;;ADET;Ean 13;UNO SANDIVIC 5 LI 325 GR;90.00 TL;42.00;;TÜRK?YE;13.08.2026 09:17;85.00
8,6907E+12;8,6907E+12;;ADET;Ean 13;UNO GELENEKSEL LAVA? ;125.00 TL;59.00;;TÜRK?YE;19.08.2026 11:06;120.00
8,69058E+12;8,69058E+12;;ADET;Ean 13;F?L?Z M.ERISTE;39.50 TL;;;TÜRK?YE;10.03.2026 15:44;35.00
8,69057E+12;8,69057E+12;;ADET;Ean 13;YED?GÜN 1.5L PORTAKALLI;80.00 TL;;;TÜRK?YE;3.07.2026 11:25;75.00
8,69053E+12;8,69053E+12;;ADET;Ean 13;BERRAK PANCAR TURSU 700GR;145.00 TL;40.00;;TÜRK?YE;6.11.2025 10:54;85.00
8,69053E+12;8,69053E+12;;ADET;Ean 13;BERRAK KARISIK ZENGIN TURSU 1060GR;220.00 TL;39.50;;TÜRK?YE;8.11.2024 13:19;110.00
8,69053E+12;8,69053E+12;;ADET;Ean 13;BERRAK 720ML YESIL KOKTEYL ZEYTIN;155.00 TL;79.50;;TÜRK?YE;8.11.2024 13:19;115.00
8,69053E+12;8,69053E+12;-2;ADET;Ean 13;BERRAK SALATALIK TURSU 720ML NO:2;185.00 TL;44.00;;TÜRK?YE;8.11.2024 13:20;62.50
8,69053E+12;8,69053E+12;;ADET;Ean 13;BERRAK KARISIK TURSU 680 GR;150.00 TL;;;TÜRK?YE;15.04.2026 11:17;135.00
8,69053E+12;8,69053E+12;-2;ADET;Ean 13;BERRAK 580ML KOZLENMIS PATLICAN;150.00 TL;49.50;;TÜRK?YE;6.11.2025 12:04;155.00
8,69053E+12;8,69053E+12;;ADET;Ean 13;BERRAK DOBIPA SOS CEVIZLI 300 ML;85.00 TL;42.00;;TÜRK?YE;8.11.2024 13:22;60.00
8,69053E+12;8,69053E+12;;ADET;Ean 13;BERRAK DOBIPA (AJVAR) ACILI SOS 300 ML;85.00 TL;42.00;;TÜRK?YE;8.11.2024 13:22;60.00
8,69053E+12;8,69053E+12;;ADET;Ean 13;BERRAK DOBIPA (AJVAR) SOS 300 ML CAM;80.00 TL;37.50;;TÜRK?YE;8.11.2024 13:22;55.00
8,69053E+12;8,69053E+12;;ADET;Ean 13;BERRAK BIBERIYE TURSU 720ML;195.00 TL;45.00;;TÜRK?YE;6.11.2025 11:15;80.00
8,69053E+12;8,69053E+12;;ADET;Ean 13;BERRAK KOZLENMIS PATLICAN SALATA 520ML;150.00 TL;49.50;;TÜRK?YE;6.11.2025 12:03;155.00
8,69053E+12;8,69053E+12;;ADET;Ean 13;BERRAK 720ML YESIL CIZIK ZEYTIN;195.00 TL;108.00;;TÜRK?YE;8.11.2024 13:23;155.00
8,69053E+12;8,69053E+12;;ADET;Ean 13;BERRAK LAHANA TURSU 720ML;120.00 TL;42.00;;TÜRK?YE;6.11.2025 11:16;85.00
90;8,69053E+12;;ADET;Ean 13;BERRAK ACI BIBER TURSUSU 720ML;180.00 TL;45.00;;TÜRK?YE;6.11.2025 11:30;90.00
8,69053E+12;8,69053E+12;-1;ADET;Ean 13;BERRAK T.BIBER TURSUSU 720 ML.CAM;180.00 TL;;;TÜRK?YE;6.11.2025 11:50;135.00
8,69053E+12;8,69053E+12;;ADET;Ean 13;BERRAK MISIR TURSUSU 340ML;140.00 TL;;;TÜRK?YE;8.11.2024 13:24;100.00
8,69053E+12;8,69053E+12;;ADET;Ean 13;BERRAK SALATALIK TUR?USU AZ TUZLU 340 GR;125.00 TL;;;TÜRK?YE;15.04.2026 11:14;110.00
8,69053E+12;8,69053E+12;-1;ADET;Ean 13;BERRAK SALATALIK TURSUSU 340 GR NO:0;150.00 TL;;;TÜRK?YE;15.04.2026 11:13;110.00
8,69053E+12;8,69053E+12;;ADET;Ean 13;BERRAK CUBUK SALATALIK TURSU 720ML;175.00 TL;;;TÜRK?YE;6.11.2025 11:38;90.00
8,69053E+12;8,69053E+12;;ADET;Ean 13;BERRAK 720ML YESIL BIBERLI ZEYTIN;199.00 TL;;;TÜRK?YE;8.11.2024 13:25;150.00
8,69053E+12;8,69053E+12;;ADET;Ean 13;BERRAK 370GR DOMATES SOSU;75.00 TL;;;TÜRK?YE;8.11.2024 13:25;45.00
8,69151E+12;8,69151E+12;;ADET;Ean 13;JOS SEKER;10.00 TL;;;TÜRK?YE;17.08.2024;
8,69151E+12;8,69151E+12;;ADET;Ean 13;JOX MINIES SEKER 12GR;10.00 TL;;;TÜRK?YE;17.08.2024;
8,69077E+12;8,69077E+12;;ADET;Ean 13;SÜTA? AYRAN 295ML;25.00 TL;;;TÜRK?YE;26.06.2026 11:15;20.00
5,00011E+12;5,00011E+12;;ADET;Ean 13;FANTA 250ML PORTAKALLI;50.00 TL;;;TÜRK?YE;21.07.2026 16:15;40.00
8,69053E+12;8,69053E+12;-1;ADET;Ean 13;ETI 17346 BURCAK KURABI KAKAO 198GR;75.00 TL;;;TÜRK?YE;17.08.2024;
8,6831E+11;8,6831E+12;;ADET;Ean 13;ALG?DA BOOM BOOM KAT KAT;225.00 TL;;;TÜRK?YE;2.01.2026 19:07;125.00
8,68313E+12;8,68313E+12;;ADET;Ean 13;ALGIDA MARAS USULU BOL KAYMAK;225.00 TL;;;TÜRK?YE;2.01.2026 19:08;110.00
8,684E+12;8,684E+12;;ADET;Ean 13;COSBY OYUNCAK RÜZGAR GÜLÜ ;80.00 TL;55.00;;TÜRK?YE;19.08.2024;
8,68129E+12;8,68129E+12;;ADET;Ean 13;SENSODYNE ÇOK YÖNLÜ KORUMA D?? MACUNU;350.00 TL;;;TÜRK?YE;19.08.2024;
8,7187E+12;8,7187E+12;;ADET;Ean 13;PHILIPS LED AMPUL 9W SARI E27;75.00 TL;;;TÜRK?YE;19.08.2024;
8,69741E+12;8,69741E+12;;ADET;Ean 13;ISRA LED AMPUL 10 WATT;60.00 TL;;;TÜRK?YE;19.08.2024;
8,69588E+12;8,69588E+12;;ADET;Ean 13;PEYMAN NUTZZ BARBEKU SOSLU MISIR 100GR;45.00 TL;;;TÜRK?YE;16.06.2025 21:17;40.00
8,69779E+12;8,69779E+12;;ADET;Ean 13;ÇAKMAK BÜYÜK;30.00 TL;;;TÜRK?YE;19.08.2024;
5,00011E+12;5,00011E+12;;ADET;Ean 13;FUSE TEA 330ML KAVUN VE Ç?LEK;60.00 TL;;;TÜRK?YE;2.06.2026 12:25;50.00
8,69077E+12;8,69077E+12;;ADET;Ean 13;ULKER 500-07 COCO STAR 66GR ATISTIRMALIK;27.50 TL;;;TÜRK?YE;12.01.2026 10:15;25.00
8,6905E+12;8,6905E+12;;ADET;Ean 13;ÜLKER Ç?Z?V?Ç HA?HA?LI VE BAHARATLI 82 Gg;25.00 TL;;;TÜRK?YE;7.11.2025 11:16;18.00
8,6905E+12;8,6905E+12;;ADET;Ean 13;ÜLKER Ç?Z? HA?HA?LI VE BAHARATLI 70 GR;15.00 TL;;;TÜRK?YE;18.06.2025 13:58;Ara.50
8,6905E+12;8,6905E+12;;ADET;Ean 13;KR?SP? POPS PEYN?RL? 40 GR;25.00 TL;;;TÜRK?YE;26.11.2025 11:26;15.00
8,6905E+12;8,6905E+12;;ADET;Ean 13;KR?SP? POPS SÜT MISIRI;25.00 TL;;;TÜRK?YE;26.11.2025 11:26;15.00
8,6905E+12;8,6905E+12;;ADET;Ean 13;ÜLKER  RODEO 45 GR;25.00 TL;;;TÜRK?YE;20.08.2024;
5,00011E+12;5,00011E+12;;ADET;Ean 13;CAPPY SER?N;60.00 TL;;;TÜRK?YE;5.06.2026 17:35;50.00
8,6952E+12;8,6952E+12;;ADET;Ean 13;FATOS EMZIK KLASIK 1;60.00 TL;;;TÜRK?YE;1.04.2026 20:54;40.00
8,683E+12;8,683E+12;;ADET;Ean 13;EWA BABY EMZ?K;60.00 TL;;;TÜRK?YE;1.04.2026 20:54;40.00
8,683E+12;8,683E+12;;ADET;Ean 13;EWA BABY B?BERON;90.00 TL;;;TÜRK?YE;30.08.2025 13:22;60.00
8,683E+12;8,683E+12;;ADET;Ean 13;EWA BABY  CAM B?BERON;100.00 TL;45.00;;TÜRK?YE;30.08.2025 13:22;75.00
8,68413E+12;8,68413E+12;;ADET;Ean 13;HAVA SPREY? VAN?LYALI;140.00 TL;;;TÜRK?YE;21.08.2024;
8,68413E+12;8,68413E+12;;ADET;Ean 13;HAVA SPREY? OKYANUS;140.00 TL;;;TÜRK?YE;21.08.2024;
8,68413E+12;8,68413E+12;;ADET;Ean 13;HAVA SPREY? BLUE ODYSESY;100.00 TL;;;TÜRK?YE;21.08.2024;
8,68413E+12;8,68413E+12;;ADET;Ean 13;HAVA SPREY? GÜL;60.00 TL;;;TÜRK?YE;21.08.2024;
8,68413E+12;8,68413E+12;;ADET;Ean 13;HAVA SPREY?  L?LAC;100.00 TL;;;TÜRK?YE;21.08.2024;
8,69059E+12;8,69059E+12;;ADET;Ean 13;SLAZENGER DEO 150 ML MAVI;200.00 TL;;;TÜRK?YE;21.08.2024;
8,69059E+12;8,69059E+12;;ADET;Ean 13;SLAZENGER DEO 150 ML YESIL;200.00 TL;;;TÜRK?YE;21.08.2024;
8,69093E+12;8,69093E+12;;ADET;Ean 13;D?FA? ST?L BAMBOO;75.00 TL;;;TÜRK?YE;21.08.2024;
8,6919E+12;8,6919E+12;;ADET;Ean 13;KOTEX GECE NATURAL 14 GECE;175.00 TL;60.00;;TÜRK?YE;21.08.2024;
8,6919E+12;8,6919E+12;;ADET;Ean 13;KOTEX NORMAL GUNLUK PED 56LI;140.00 TL;;;TÜRK?YE;21.08.2024;
4,0154E+12;4,0154E+12;;ADET;Ean 13;ORK?D YAPRAK BAHAR EKO 40LI;120.00 TL;;;TÜRK?YE;21.08.2024;
8,00654E+12;8,00654E+12;;ADET;Ean 13;ORK?D MEGA PLAT?NUM GECE;175.00 TL;;;TÜRK?YE;20.12.2025 20:52;120.00
8,6905E+12;8,6905E+12;;ADET;Ean 13;ÜLKER Ç?KOLATA FINDIKLI DRAJE 145 GR;90.00 TL;;;TÜRK?YE;21.08.2024;
7,70202E+12;7,70202E+12;;ADET;Ean 13;GILETTE PERMATIK PRO2 TEKLI;20.00 TL;;;Afganistan;22.08.2024;
8,68349E+12;8,68349E+12;;ADET;Ean 13;KOKO ÇAKMAK;15.00 TL;Haz.50;;TÜRK?YE;22.08.2024;
8,69053E+12;8,69053E+12;-1;ADET;Ean 13;BERRAK ACI BIBER TURSU 340ML;125.00 TL;;;TÜRK?YE;6.11.2025 11:31;80.00
8,69795E+12;8,69795E+12;;ADET;Ean 13;EGEMEN HINDISTAN CEVIZI 25 GR;60.00 TL;;;TÜRK?YE;30.11.2025 19:21;50.00
8,69062E+12;8,69062E+12;;ADET;Ean 13;RUFFLES ORIGINALS SADE 20GR;9.00 TL;;;TÜRK?YE;22.08.2024;
5,00113E+11;5,00113E+12;;ADET;Ean 13;FUSE TEA 330ML MANGO VE ANANAS;60.00 TL;19.00;;TÜRK?YE;2.06.2026 12:25;50.00
5,00011E+12;5,00011E+12;;ADET;Ean 13;FUSE TEA 330ML KARPUZ;60.00 TL;19.50;;TÜRK?YE;2.06.2026 12:25;50.00
8,6914E+12;8,6914E+12;;ADET;Ean 13;KINIK SODA KARADUT&FRENK 200ML;20.00 TL;;;TÜRK?YE;15.03.2026 12:26;17.50
50112666281;5,01127E+11;;ADET;Ean 13;FUSE TEA 1LT KAVUN Ç?LEK;70.00 TL;;;TÜRK?YE;22.07.2026 11:51;65.00
8,69062E+12;8,69062E+12;;ADET;Ean 13;C?PS DOR?TOS FLAMIN HOT;60.00 TL;;;TÜRK?YE;23.04.2026 09:28;55.00
8,69742E+12;8,69742E+12;;ADET;Ean 13;KOM?L? SIVI SABUN 400 ML ZEYTIN CICEGI;45.00 TL;;;TÜRK?YE;31.10.2025 09:58;35.00
8,68122E+12;8,68122E+12;;ADET;Ean 13;PANASONIC 60W;75.00 TL;40.00;;TÜRK?YE;25.08.2024;
8,6952E+12;8,6952E+12;;ADET;Ean 13;FATOS SILIKON KLASIK BIBERON EMZIGI;60.00 TL;13.00;;TÜRK?YE;1.04.2026 20:54;40.00
7,70202E+12;7,70202E+12;;ADET;Ean 13;PERMASHARP 5 LI;45.00 TL;12.00;;TÜRK?YE;25.08.2024;
8,69051E+12;8,69051E+12;;ADET;Ean 13;ARKO TIRAS KOPUGU 300ML SENSITIVE;200.00 TL;87.50;;TÜRK?YE;25.08.2024;
9,0001E+12;9,0001E+12;;ADET;Ean 13;TAFT SAC SPREYI 250ML GLAM UPDO;200.00 TL;150.00;;TÜRK?YE;25.08.2024;
8,69051E+12;8,69051E+12;;ADET;Ean 13;ARKO T.KOLONYASI 250ML GOLD POWER;145.00 TL;;;TÜRK?YE;25.08.2024;
8,69056E+12;8,69056E+12;;ADET;Ean 13;BANAT DIS FIRCASI;80.00 TL;;;TÜRK?YE;25.08.2024;
3,57466E+12;3,57466E+12;;ADET;Ean 13;JOHN.BABY PUDRA 200 GR;95.00 TL;65.00;;TÜRK?YE;30.04.2025 20:33;90.00
8,68241E+12;8,68241E+12;;ADET;Ean 13;ELEKTR?K BANDI;25.00 TL;;;TÜRK?YE;25.08.2024;
8,69297E+12;8,69297E+12;;ADET;Ean 13;?Ç?M ICIMINO SUT 180ML CILEKLI;20.00 TL;;;TÜRK?YE;18.10.2024 10:34;Ara.50
5,00011E+12;5,00011E+12;;ADET;Ean 13;COCA COLA 250ML TENEKE;50.00 TL;;;TÜRK?YE;23.07.2026 12:57;40.00
8,69588E+12;8,69588E+12;;ADET;Ean 13;PEYMAN BAHCEDEN ANTEPFISTIKLI BAR 27 GR;40.00 TL;;;TÜRK?YE;16.06.2025 21:19;30.00
8,69061E+12;8,69061E+12;;ADET;Ean 13;SÜPERFRESH FRAMBUAZ;300.00 TL;;;TÜRK?YE;8.11.2024 13:49;230.00
8,69061E+12;8,69061E+12;;ADET;Ean 13;SÜPERFRESH ORMAN MEYVELER?;375.00 TL;;;TÜRK?YE;12.08.2025 15:53;160.00
8,68253E+12;8,68253E+12;;ADET;Ean 13;ÜLKER COCOPOPS COKOTOP 40GR;25.00 TL;;;TÜRK?YE;27.08.2024;
8,69061E+12;8,69061E+12;;ADET;Ean 13;SÜPER FRESH  DÜRÜM TOST;99.00 TL;;;TÜRK?YE;27.08.2024;
5,00011E+12;5,00011E+12;;ADET;Ean 13;SPR?TE 330ML GAZOZ;50.00 TL;;;TÜRK?YE;31.10.2025 11:28;45.00
8,00654E+12;8,00654E+12;;ADET;Ean 13;PANTENE TEMEL BAKIM 350ML ?AMPUAN;159.00 TL;;;TÜRK?YE;21.11.2025 15:35;135.00
8,6905E+12;8,6905E+12;;ADET;Ean 13;ÜLKER KANKY DUO KEK;15.00 TL;;;TÜRK?YE;28.08.2024;
8,69088E+12;8,69088E+12;;ADET;Ean 13;YUDUM AYCICEK YAGI 4 LT PET;550.00 TL;;;TÜRK?YE;11.07.2026 12:23;490.00
8,6907E+12;8,6907E+12;;ADET;Ean 13;UNO KRUVASAN 240 GR;135.00 TL;;;TÜRK?YE;13.08.2026 09:20;125.00
6,95902E+12;6,95902E+12;;ADET;Ean 13;M?KRO S?LG?;15.00 TL;;;TÜRK?YE;18.05.2025 22:37;10.00
8,69743E+12;8,69743E+12;;ADET;Ean 13;MIKRO UC 0.7 SIYAH;15.00 TL;;;TÜRK?YE;18.05.2025 22:39;10.00
8,68125E+12;8,68125E+12;;ADET;Ean 13;MIKRO VERSATIL KALEM .0.7MM MP-139;25.00 TL;;;TÜRK?YE;29.08.2024;
8,69996E+12;8,69996E+12;;ADET;Ean 13;OSAKA KUR?UN KALEM;25.00 TL;;;TÜRK?YE;29.08.2024;
8,68854E+12;8,68854E+12;;ADET;Ean 13;VOLTRAN GAS ÇAKMAK GAZI 300 ML;35.00 TL;;;TÜRK?YE;29.08.2024;
4,0059E+12;4,0059E+12;;ADET;Ean 13;NIVEA KREM SOFT 300ML PLS;160.00 TL;;;TÜRK?YE;29.08.2024;
8,69335E+12;8,69335E+12;;ADET;Ean 13;DO?ANAY ?ALGAM 1LT ACILI;75.00 TL;;;TÜRK?YE;4.06.2026 11:11;65.00
8,69057E+12;8,69057E+12;;ADET;Ean 13;PINAR PROTEIN CILEKLI 500 ML;95.00 TL;;;TÜRK?YE;8.05.2026 11:22;75.00
8,69054E+12;8,69054E+12;;ADET;Ean 13;B?NGO PRO AKILLI KAPSÜL 36 LI;225.00 TL;;;TÜRK?YE;30.08.2024;
8,69054E+12;8,69054E+12;;ADET;Ean 13;B?NGO PRO MAX 32 L?;245.00 TL;;;TÜRK?YE;30.08.2024;
8,69064E+12;8,69064E+12;;ADET;Ean 13;ALG?DA MAGNUM BADEM 100ML;90.00 TL;;;TÜRK?YE;29.04.2026 09:43;85.00
8,69064E+12;8,69064E+12;;ADET;Ean 13;TAT KETÇAP&MAYONEZ 650+575GR;199.00 TL;;;TÜRK?YE;15.03.2026 19:55;169.00
8,44529E+12;8,44529E+12;;ADET;Ean 13;NESCAFE GOLD F?LTRE KAHVE 500 GR;349.00 TL;;;TÜRK?YE;30.08.2024;
8,69063E+12;8,69063E+12;;ADET;Ean 13;NESCAFE MOCHA;20.00 TL;;;TÜRK?YE;30.08.2024;
8,69063E+12;8,69063E+12;;ADET;Ean 13;NESCAFE VANILLA LATTE;15.00 TL;;;TÜRK?YE;30.08.2024;
8,69063E+12;8,69063E+12;;ADET;Ean 13;NESCAFE LATTE;20.00 TL;;;TÜRK?YE;30.08.2024;
8,69063E+12;8,69063E+12;;ADET;Ean 13;STARBUCKS WHITE MOCHA;20.00 TL;;;TÜRK?YE;30.08.2024;
8,69063E+12;8,69063E+12;;ADET;Ean 13;STARBUCKS CARAMEL LATTE;20.00 TL;;;TÜRK?YE;30.08.2024;
8,69063E+12;8,69063E+12;;ADET;Ean 13;STARBUCKS CAPPUCINO;20.00 TL;;;TÜRK?YE;30.08.2024;
8,69063E+12;8,69063E+12;;ADET;Ean 13;STARBUCKS VANILLIA LATTE;20.00 TL;;;TÜRK?YE;30.08.2024;
8,69063E+12;8,69063E+12;;ADET;Ean 13;STARBUCKS CAFFE MOCHA;20.00 TL;;;TÜRK?YE;30.08.2024;
8,69063E+12;8,69063E+12;;ADET;Ean 13;NESTLE NESGUIK SUT 180ML MUZLU;20.00 TL;;;TÜRK?YE;30.08.2024;
8,69063E+12;8,69063E+12;;ADET;Ean 13;NESTLE NESGUIK CILEKLI SUT 180 ML;20.00 TL;;;TÜRK?YE;30.08.2024;
8,69063E+12;8,69063E+12;;ADET;Ean 13;NESQUIK SUT 180ML KAKAOLU;25.00 TL;;;TÜRK?YE;30.08.2024;
8,69588E+12;8,69588E+12;;ADET;Ean 13;PEYMAN NUTZZ POPCORN ACIBIBER&DOM.90 GR (7067);45.00 TL;;;TÜRK?YE;16.06.2025 21:17;40.00
8,69795E+12;8,69795E+12;;ADET;Ean 13;EGEMEN TOZ KIMYON 30 GR;60.00 TL;;;TÜRK?YE;30.11.2025 19:21;50.00
8,69187E+12;8,69187E+12;;ADET;Ean 13;HACIBABA NANE;35.00 TL;;;TÜRK?YE;17.02.2025 11:35;30.00
4,0154E+12;4,0154E+12;;ADET;Ean 13;ORK?D ULTRA EXTRA TEKLI UZUN 7 LI;75.00 TL;;;TÜRK?YE;21.12.2025 11:26;60.00
8,68066E+12;8,68066E+12;;ADET;Ean 13;GÜNSEVEN BEYAZ S?RKE 1000 ML;45.00 TL;;;TÜRK?YE;20.06.2025 12:36;25.00
8,68066E+12;8,68066E+12;-1;ADET;Ean 13;GÜNSEVEN BEYAZ S?RKE 2000 ML;85.00 TL;;;TÜRK?YE;20.06.2025 12:36;45.00
8,69862E+12;8,69862E+12;;ADET;Ean 13;VATAN CAM TEMIZLEYICI 500 GR;95.00 TL;;;TÜRK?YE;2.07.2026 22:09;65.00
8,69297E+12;8,69297E+12;;ADET;Ean 13;ICIM SUT CIKOLATALI 180 ML;20.00 TL;;;TÜRK?YE;3.09.2024;
15000248;15000248;;ADET;Ean 8;SODA ULUDA? L?MONLU 200ML;25.00 TL;;;TÜRK?YE;8.07.2026 18:40;20.00
15000231;15000231;;ADET;Ean 8;SODA ULUDA? K?V?L? 200ML;25.00 TL;;;TÜRK?YE;8.07.2026 18:40;20.00
15000286;15000286;;ADET;Ean 8;SODA ULUDA? ELMALI 200ML;25.00 TL;;;TÜRK?YE;8.07.2026 18:40;20.00
15000224;15000224;;ADET;Ean 8;SODA ULUDA? SADE 200ML;15.00 TL;;;TÜRK?YE;28.03.2026 00:58;Ara.50
15000262;15000262;;ADET;Ean 8;SODA ULUDA? ?EFTAL?L? 200ML;25.00 TL;;;TÜRK?YE;8.07.2026 18:40;20.00
15000293;15000293;;ADET;Ean 8;SODA ULUDA? KARPUZ - Ç?LEK 200ML;25.00 TL;;;TÜRK?YE;8.07.2026 18:40;20.00
15000316;15000316;;ADET;Ean 8;SODA ULUDA? NARLI 200ML;25.00 TL;;;TÜRK?YE;8.07.2026 18:40;20.00
1,50014E+12;1,50014E+12;;ADET;Ean 13;ULUDA? L?MONATA 250ML ;35.00 TL;;;TÜRK?YE;28.05.2025 20:44;30.00
1,50014E+12;1,50014E+12;;ADET;Ean 13;ULUDA? L?MONATA 250ML CAM;35.00 TL;;;TÜRK?YE;3.09.2024;
15000095;15000095;;ADET;Ean 8;ULUDA? EFSANE GAZOZ PORTAKALLI 250ML;30.00 TL;;;TÜRK?YE;18.02.2025 14:40;25.00
15000125;15000125;;ADET;Ean 8;ULUDA? EFSANE GAZOZ 250ML;30.00 TL;;;TÜRK?YE;18.02.2025 14:39;25.00
1,50014E+12;1,50014E+12;;ADET;Ean 13;ULUDA? FRUTT? EXTRA YE??L L?MONLU 250ML;50.00 TL;;;TÜRK?YE;20.11.2025 12:45;35.00
1,50014E+12;1,50014E+12;;ADET;Ean 13;ULUDA? FRUTT? EXTRA KAVUNLU 250ML;50.00 TL;;;TÜRK?YE;20.11.2025 12:47;35.00
8,69072E+12;8,69072E+12;;ADET;Ean 13;ULUDA? FRUTT? EXTRA YE??L L?MONLU 300ML;40.00 TL;15.60;;TÜRK?YE;20.11.2025 12:47;35.00
1,50014E+12;1,50014E+12;;ADET;Ean 13;ULUDA? FRUTT? EXTRA ORMAN MEYVEL? 300ML;40.00 TL;;;TÜRK?YE;20.11.2025 12:47;35.00
8,69072E+12;8,69072E+12;;ADET;Ean 13;ULUDA? FRUTT? EXTRA MANDAL?NALI 300ML;40.00 TL;;;TÜRK?YE;20.11.2025 12:47;35.00
1,50014E+12;1,50014E+12;;ADET;Ean 13;ULUDA? EFSANE GAZOZ PORTAKALLI 330ML;50.00 TL;;;TÜRK?YE;31.10.2025 11:26;45.00
1,50014E+12;1,50014E+12;;ADET;Ean 13;ULUDA? EFSANE GAZOZ 330ML;50.00 TL;;;TÜRK?YE;31.10.2025 11:26;45.00
1,50014E+12;1,50014E+12;;ADET;Ean 13;ULUDA? FRUTT? EXTRA 1LT YE??L L?MONLU;75.00 TL;;;TÜRK?YE;15.07.2026 14:14;70.00
1,50014E+12;1,50014E+12;;ADET;Ean 13;ULUDA? FRUTT? EXTRA 1LT MANDAL?NA;80.00 TL;;;TÜRK?YE;15.07.2026 14:13;70.00
1,50014E+12;1,50014E+12;;ADET;Ean 13;ULUDA? MEYVEL?M 1LT NAR ;80.00 TL;;;TÜRK?YE;15.07.2026 14:13;70.00
1,50014E+12;1,50014E+12;;ADET;Ean 13;ULUDA? MEYVEL?M 1LT YE??L L?MONLU;70.00 TL;;;TÜRK?YE;8.07.2026 11:42;60.00
8,69072E+12;8,69072E+12;;ADET;Ean 13;ULUDAG GAZOZ 1.5LT PORTAKAL;75.00 TL;25.00;;TÜRK?YE;28.03.2026 00:58;70.00
86938068;86938068;;ADET;Ean 8;EFSANE ULUDAG GAZOZ 1.5 LT;75.00 TL;25.00;;TÜRK?YE;28.03.2026 00:57;70.00
15000194;15000194;;ADET;Ean 8;ULUDA? EFSANE GAZOZ 1LT PORTAKALLI;70.00 TL;21.00;;TÜRK?YE;8.07.2026 11:43;65.00
15000200;15000200;-1;ADET;Ean 8;ULUDA? EFSANE GAZOZ 1LT;70.00 TL;21.00;;TÜRK?YE;8.07.2026 11:43;65.00
15000071;15000071;;ADET;Ean 8;ULUDA? EFSANE GAZOZ 2.5L PORTAKALLI;95.00 TL;38.00;;TÜRK?YE;28.03.2026 00:57;90.00
15000149;15000149;-2;ADET;Ean 8;ULUDA? EFSANE GAZOZ 2.5LT;95.00 TL;;;TÜRK?YE;28.03.2026 00:57;90.00
1,50014E+12;1,50014E+12;;ADET;Ean 13;ULUDA? DEEP ENERJ? ?ÇECE?? 500ML;75.00 TL;21.00;;TÜRK?YE;8.07.2026 18:43;50.00
1,50014E+12;1,50014E+12;;ADET;Ean 13;ULUDA? DEEP ENERJ? ?ÇECE?? 250ML;45.00 TL;15.00;;TÜRK?YE;8.07.2026 18:43;30.00
7,62221E+12;7,62221E+12;;ADET;Ean 13;FALIM SAKIZ 5LI KARPUZLU;15.00 TL;;;TÜRK?YE;1.03.2026 20:45;Ara.50
8,69281E+12;8,69281E+12;-2;ADET;Ean 13;SODA KIZILAY SADE 200ML;20.00 TL;;;TÜRK?YE;12.08.2026 17:01;15.00
8,69281E+12;8,69281E+12;;ADET;Ean 13;KIZILAY L?MONLU;25.00 TL;;;TÜRK?YE;12.08.2026 17:01;17.50
8,68192E+12;8,68192E+12;;ADET;Ean 13;STEPY EKSTRA KALIN JUMBO PREMIUM;50.00 TL;;;TÜRK?YE;4.09.2024;
8,69064E+12;8,69064E+12;;ADET;Ean 13;DOMESTOS 750 ML LIMON FERAHLIGI;95.00 TL;;;TÜRK?YE;29.06.2026 09:20;75.00
8,68313E+12;8,68313E+12;;ADET;Ean 13;DOMESTOSBEYAZ SABUN FERAHLI?I 750 ML;95.00 TL;;;TÜRK?YE;29.06.2026 09:20;75.00
8,68086E+12;8,68086E+12;;ADET;Ean 13;NORPACK COP POSETI ORTA BOY 20 ADET;30.00 TL;;;TÜRK?YE;4.09.2024;
8,68069E+12;8,68069E+12;;ADET;Ean 13;ERSO PACK BUYUK BOY;35.00 TL;;;TÜRK?YE;31.10.2025 11:41;30.00
8,68069E+12;8,68069E+12;;ADET;Ean 13;ERSO PACK ORTA ;35.00 TL;;;TÜRK?YE;31.10.2025 11:41;30.00
5,00011E+12;5,00011E+12;;ADET;Ean 13;FUSE TEA 1.5L L?MON AROMALI;80.00 TL;;;TÜRK?YE;22.07.2026 11:51;75.00
5,06101E+12;5,06101E+12;;ADET;Ean 13;MONSTER ENERJ? ?ÇECE?? 500ML ULTRA;90.00 TL;28.75;;TÜRK?YE;7.03.2026 12:09;75.00
5,06095E+12;5,06095E+12;;ADET;Ean 13;MONSTER ENERJ? ?ÇECE?? 500ML WH?TE P?NEAPPLE;90.00 TL;;;TÜRK?YE;25.06.2026 15:48;80.00
5,06101E+12;5,06101E+12;;ADET;Ean 13;MONSTER ENERJ? ?ÇECE?? 500ML MANGO;90.00 TL;28.75;;TÜRK?YE;25.06.2026 15:48;80.00
5,00011E+12;5,00011E+12;;ADET;Ean 13;COCA COLA SCHWEPPES 200ML;60.00 TL;Ara.72;;TÜRK?YE;15.08.2026 20:08;45.00
5,00011E+12;5,00011E+12;;ADET;Ean 13; FUSE TEA 200ML ?EFTAL?;40.00 TL;;;TÜRK?YE;2.06.2026 12:29;35.00
5,449E+12;5,449E+12;;ADET;Ean 13;FUSE TEA 200ML L?MON;40.00 TL;;;TÜRK?YE;2.06.2026 12:29;35.00
5,00011E+12;5,00011E+12;-2;ADET;Ean 13;FUSE TEA 330ML MANGO VE ANANAS;60.00 TL;23.Tem;;TÜRK?YE;2.06.2026 12:25;50.00
8,68108E+12;8,68108E+12;;ADET;Ean 13;ÜLKER HERO GOOD?ES FINDIK BAR;25.00 TL;;;TÜRK?YE;6.09.2024;
8,68108E+12;8,68108E+12;;ADET;Ean 13;ÜLKER HERO GOOD?ES Ç?LEK BAR;25.00 TL;;;TÜRK?YE;6.09.2024;
8,69062E+12;8,69062E+12;;ADET;Ean 13;C?PS CHEETOS 20 GR FISTIKLI;25.00 TL;;;TÜRK?YE;23.04.2026 09:28;10.00
8,6905E+12;8,6905E+12;;ADET;Ean 13;ÜLKER GODIVA KARE BITTER %72 60GR;70.00 TL;42.35;;TÜRK?YE;7.09.2024;
8,6905E+12;8,6905E+12;;ADET;Ean 13;ÜLKER GODIVA KARE SUTLU 60GR;70.00 TL;42.35;;TÜRK?YE;7.09.2024;
8,6905E+12;8,6905E+12;;ADET;Ean 13;ÜLKER GODIVA KARE A.FISTIKLI 60GR;90.00 TL;63.07;;TÜRK?YE;7.09.2024;
8,69077E+12;8,69077E+12;;ADET;Ean 13;ÜLKER AMORE L?MON AROMALI KARE Ç?KOLATA;60.00 TL;19.20;;TÜRK?YE;20.12.2025 11:43;30.00
86941426;86941426;;ADET;Ean 8;S?GARA TEKEL 2001 KISA MAVI KUTU;105.00 TL;;;TÜRK?YE;18.02.2026 22:50;95.00
8,6905E+12;8,6905E+12;;ADET;Ean 13;ÜLKER COKOKREM 100 GR;30.00 TL;20.00;;TÜRK?YE;7.09.2024;
8,68015E+12;8,68015E+12;;ADET;Ean 13;A.O.C.ELMACIK SU 5 LT;35.00 TL;;;TÜRK?YE;17.09.2025 16:22;30.00
8,69079E+12;8,69079E+12;;ADET;Ean 13;ER?KL? SU 5 LT;70.00 TL;;;TÜRK?YE;17.08.2026 13:14;45.00
8,69564E+12;8,69564E+12;;ADET;Ean 13;RONRON VAMP?RE;15.00 TL;;;TÜRK?YE;7.09.2024;
8,68097E+12;8,68097E+12;;ADET;Ean 13;SINE7 SAÇ JÖLES? MOR;75.00 TL;;;8,69011E+12;29.04.2025 18:05;65.00
8,68097E+12;8,68097E+12;;ADET;Ean 13;S?NEP SAÇ JÖLES? MAV?;75.00 TL;;;8,69011E+12;29.04.2025 18:05;50.00
8,68097E+12;8,68097E+12;;ADET;Ean 13;S?NEP SAÇ JÖLES? YE??L;75.00 TL;;;8,69011E+12;29.04.2025 18:05;65.00
8,69942E+12;8,69942E+12;;ADET;Ean 13;SU GÜRPINAR 0.5LT;7.50 TL;;;TÜRK?YE;8.09.2024;
8,69752E+12;8,69752E+12;;ADET;Ean 13;MALTANA ZERO;60.00 TL;;;TÜRK?YE;19.08.2026 11:41;50.00
86947053;86947053;;ADET;Ean 8;MALTANA ANANAS;60.00 TL;;;TÜRK?YE;19.08.2026 11:41;50.00
8,68135E+12;8,68135E+12;;ADET;Ean 13;AV?AR COOL L?ME;25.00 TL;;;TÜRK?YE;22.07.2026 10:09;20.00
8,69012E+12;8,69012E+12;;ADET;Ean 13;TORKU M?N?K? KAKAO KREMASI 875G;189.00 TL;;;TÜRK?YE;9.09.2024;
8,69745E+12;8,69745E+12;;ADET;Ean 13;TOFITA KASIK 10LU PLASTIK;30.00 TL;;;TÜRK?YE;21.02.2025 11:38;25.00
8,69256E+12;8,69256E+12;;ADET;Ean 13;AKTURK GOFRET 200 GR;30.00 TL;;;TÜRK?YE;11.09.2024;
8,69256E+12;8,69256E+12;;ADET;Ean 13;AKTURK GOFRET KAKAOLU 200 GR;30.00 TL;;;TÜRK?YE;11.09.2024;
8,69157E+12;8,69157E+12;;ADET;Ean 13;BURCU GARNITUR 570CC CAM;90.00 TL;;;TÜRK?YE;11.09.2024;
8,69157E+12;8,69157E+12;;ADET;Ean 13;BURCU DOMATES SALCASI 830GR;50.00 TL;;;TÜRK?YE;11.09.2024;
8,6905E+12;8,6905E+12;;ADET;Ean 13;ÜLKER DUBA? Ç?KOLATASI 93GR;110.00 TL;60.00;;TÜRK?YE;12.01.2026 11:42;100.00
8,68418E+12;8,68418E+12;;ADET;Ean 13;S?GARA W?NNER BLUE SL?MS;87.00 TL;;;TÜRK?YE;11.09.2024;
8,69053E+12;8,69053E+12;;ADET;Ean 13;ETI FORM DOMATES ZEYTIN;20.00 TL;;;TÜRK?YE;23.07.2025 16:05;15.00
8,69297E+12;8,69297E+12;;ADET;Ean 13;?Ç?M M?LKSHAKE MUZLU;35.00 TL;;;TÜRK?YE;6.02.2025 12:29;20.00
8,69297E+12;8,69297E+12;;ADET;Ean 13;?Ç?M M?LKSHAKE Ç?LEKL?;35.00 TL;;;TÜRK?YE;13.09.2024;
8,69745E+12;8,69745E+12;;ADET;Ean 13;KAHVE DUNYASI 100GR ORTA KAVRULMUS;90.00 TL;;;TÜRK?YE;14.09.2024;
8,69067E+12;8,69067E+12;;ADET;Ean 13;HYPO TUZ RUHU 600 GR;30.00 TL;;;TÜRK?YE;14.09.2024;
8,68132E+12;8,68132E+12;;ADET;Ean 13;SÜTA? SÜT 180ML*6;20.00 TL;;;TÜRK?YE;28.04.2026 11:56;15.00
8,6905E+12;8,6905E+12;;ADET;Ean 13;ÜLKER GELENEKSEL TATLI ?ÖB?YET 120 GR PO?ET;100.00 TL;;;TÜRK?YE;15.09.2024;
8,6974E+12;8,6974E+12;;ADET;Ean 13;GRINDY CIPS;15.00 TL;;;TÜRK?YE;15.09.2024;
8,69297E+12;8,69297E+12;;ADET;Ean 13;ÜLKER ?Ç?M SUT MUZLU 180 ML;20.00 TL;;;TÜRK?YE;18.10.2024 10:34;Ara.50
8,69588E+12;8,69588E+12;;ADET;Ean 13;PEYMAN 74GR ASORTI MIX;125.00 TL;;;TÜRK?YE;16.06.2025 21:15;95.00
8,69588E+12;8,69588E+12;;ADET;Ean 13;PEYMAN BAHÇEDEN BADEM;30.00 TL;;;TÜRK?YE;16.06.2025 21:21;20.00
8,69057E+12;8,69057E+12;;ADET;Ean 13;PINAR KREMA 200ML YENI;55.00 TL;;;TÜRK?YE;17.09.2024;
8,69057E+12;8,69057E+12;;ADET;Ean 13;PINAR 6944 SUZME PEYNIR YARIM YAGLI 250GR;65.00 TL;;;TÜRK?YE;17.09.2024;
8,69584E+12;8,69584E+12;;ADET;Ean 13;BSC BEYO?LU Ç?KOLATASI;30.00 TL;15.00;;TÜRK?YE;17.09.2024;
8,69584E+12;8,69584E+12;;ADET;Ean 13;ANGELO CHOCOLATE KALPL?;30.00 TL;15.00;;TÜRK?YE;17.09.2024;
8,69743E+12;8,69743E+12;;ADET;Ean 13;GEL?NC?K ANTEP FISTI?I EZMES?;295.00 TL;175.00;;TÜRK?YE;17.09.2024;
DUBA? Ç?KOLATASI;DUBA? Ç?KOLATASI;;ADET;Code 39;DUBA? Ç?KOLATASI 20GR;30.00 TL;;;TÜRK?YE;9.10.2024 12:21;25.00
8,69063E+12;8,69063E+12;;ADET;Ean 13;NESQUIK BALLI SUT 180 ML;25.00 TL;;;TÜRK?YE;1.11.2025 23:58;20.00
8,69053E+12;8,69053E+12;-4;ADET;Ean 13;ET? KOMBO LOKMALIK KREMALI;30.00 TL;16.00;;TÜRK?YE;12.01.2025 23:19;25.00
8,69063E+12;8,69063E+12;;ADET;Ean 13;NESTLE NESGUIK DUO 310 GR*12;195.00 TL;;;TÜRK?YE;5.03.2026 11:48;185.00
8,69063E+12;8,69063E+12;;ADET;Ean 13;NESTLE NESGUIK HARFLER 310GR185;195.00 TL;;;TÜRK?YE;5.03.2026 11:48;185.00
8,69062E+12;8,69062E+12;;ADET;Ean 13;CHEETOS SHOTS SUT MISIR 26GR;20.00 TL;;;TÜRK?YE;21.01.2026 09:46;15.00
8,69062E+12;8,69062E+12;;ADET;Ean 13;C?PS DOR?TOS SHOTS BAHARATLI 28GR;25.00 TL;;;TÜRK?YE;29.06.2026 14:24;20.00
8,69062E+12;8,69062E+12;-1;ADET;Ean 13;C?PS DOR?TOS SHOTS ACI BAHARATLI 28GR;25.00 TL;;;TÜRK?YE;29.06.2026 14:25;20.00
8,69062E+12;8,69062E+12;;ADET;Ean 13;C?PS DOR?TOS SHOT FLAM?N HOT;25.00 TL;;;TÜRK?YE;29.06.2026 14:21;20.00
8,69953E+12;8,69953E+12;;ADET;Ean 13;EK?N PATLATMALIK MISIR 500GR;30.00 TL;;;TÜRK?YE;19.09.2024;
1,23E+12;1,23E+12;;ADET;Ean 13;MR BEAST DARK ;300.00 TL;;;TÜRK?YE;20.09.2024;
1,23E+12;1,23E+12;;ADET;Ean 13;MR BEAST;300.00 TL;;;TÜRK?YE;20.09.2024;
8,80107E+12;8,80107E+12;;ADET;Ean 13;BULDAK ACILI;250.00 TL;;;TÜRK?YE;25.12.2025 18:46;200.00
8,80107E+12;8,80107E+12;;ADET;Ean 13;BULDAK ROMEN;250.00 TL;;;TÜRK?YE;25.12.2025 18:45;295.00
8,80107E+12;8,80107E+12;;ADET;Ean 13;BULDAKDOMATESL?;250.00 TL;;;TÜRK?YE;25.12.2025 18:46;200.00
8,6974E+12;8,6974E+12;;ADET;Ean 13;KOM?L? YUVAM TUV KAGIDI 4 RULO;50.00 TL;;;TÜRK?YE;28.11.2025 12:48;45.00
8,69058E+12;8,69058E+12;;ADET;Ean 13;ANKARA MAKARNA 500GR INCE UZUN;27.50 TL;;;TÜRK?YE;4.05.2025 12:02;25.00
8,69332E+12;8,69332E+12;;ADET;Ean 13;NAZAR 5LI SAKIZ NANELI;15.00 TL;;;TÜRK?YE;4.04.2026 14:24;Ara.50
8,69751E+12;8,69751E+12;;ADET;Ean 13;KAHVERENG? YUMURTA 15 LI;90.00 TL;;;TÜRK?YE;21.09.2024;
8,69061E+12;8,69061E+12;;ADET;Ean 13;SÜPERFRESH 4*75 TON BALI?I;250.00 TL;;;TÜRK?YE;21.09.2024;
8,6907E+12;8,6907E+12;-1;ADET;Ean 13;UNO TAVA TAM BUGDAY ;110.00 TL;;;TÜRK?YE;19.08.2026 11:06;100.00
8,68132E+12;8,68132E+12;;ADET;Ean 13;SÜTA? SÜZME PEYNIR 900 GR;275.00 TL;;;TÜRK?YE;6.04.2026 10:49;255.00
8,69053E+12;8,69053E+12;;ADET;Ean 13;BERRAK SARIMSAK TURSU 370ML;200.00 TL;;;TÜRK?YE;6.11.2025 11:43;100.00
8,69084E+12;8,69084E+12;;ADET;Ean 13;EVER WELL KARAMÜRVER;125.00 TL;;;TÜRK?YE;23.09.2024;
8,6905E+12;8,6905E+12;;ADET;Ean 13;ÜLKER ÇOKOTURTA;30.00 TL;;;TÜRK?YE;23.09.2024;
8,6905E+12;8,6905E+12;;ADET;Ean 13;SAKLIKÖY ?EKERS?Z;20.00 TL;;;TÜRK?YE;25.04.2025 14:56;15.00
8,69084E+12;8,69084E+12;;ADET;Ean 13;EVER WELL 3 LÜ GÜÇ;125.00 TL;;;TÜRK?YE;23.09.2024;
8,00109E+12;8,00109E+12;;ADET;Ean 13;ORK?D GUNLUK PED 40LI NORMAL;120.00 TL;;;TÜRK?YE;21.12.2025 11:27;100.00
8,71895E+12;8,71895E+12;-1;ADET;Ean 13;COLGATE TOTAL 12;200.00 TL;;;TÜRK?YE;23.09.2024;
8,69277E+12;8,69277E+12;;ADET;Ean 13;DOGUS KOY TEREYAGI 1KG;745.00 TL;;;TÜRK?YE;23.09.2024;
8,00148E+12;8,00148E+12;;ADET;Ean 13;ACE 4 LT;225.00 TL;;;TÜRK?YE;15.06.2025 17:52;180.00
4,006E+12;4,006E+12;;ADET;Ean 13;NIVEA SOFT NEMLEND?R?C?;140.00 TL;;;TÜRK?YE;24.09.2024;
8,71895E+12;8,71895E+12;;ADET;Ean 13;PALMOL?VE MICELLAR CARE;95.00 TL;;;TÜRK?YE;24.09.2024;
8,71895E+12;8,71895E+12;;ADET;Ean 13;PALMOLIVE DUS JELI 250 ML MICCELAR CARE;95.00 TL;;;TÜRK?YE;24.09.2024;
6,92035E+12;6,92035E+12;-1;ADET;Ean 13;COLGATE 3 LÜ ETK?;95.00 TL;;;TÜRK?YE;24.09.2024;
8,71895E+12;8,71895E+12;;ADET;Ean 13;COLGATE OPT?K WH?TE 125 ML;200.00 TL;;;TÜRK?YE;24.09.2024;
8,71895E+12;8,71895E+12;;ADET;Ean 13;COLGATE SUPER FLEXI SIYAH TEKLI DIS FIRCASI;50.00 TL;;;TÜRK?YE;24.09.2024;
8,69138E+12;8,69138E+12;;ADET;Ean 13;TEREM MARGARIN 250 GR;55.00 TL;;;TÜRK?YE;7.10.2024 21:23;
8,6905E+12;8,6905E+12;;ADET;Ean 13;ICIM TEREYAG 200GR;170.00 TL;;;TÜRK?YE;24.09.2024;
8,6977E+12;8,6977E+12;;ADET;Ean 13;BEY?EH?R SÜZME Ç?ÇEK BALI 850 GR;295.00 TL;;;TÜRK?YE;1.11.2025 23:56;249.00
8,6977E+14;8,6977E+25;;ADET;Code 39;BEY?EH?R SÜZME Ç?ÇEK BALI MATARA;169.00 TL;;;TÜRK?YE;25.09.2024;
8,69061E+12;8,69061E+12;;ADET;Ean 13;SÜPERFRESH TON BALI?I ZEYT?NYA?LI 280GR;290.00 TL;162.30;;TÜRK?YE;25.09.2024;
8,68367E+12;8,68367E+12;;ADET;Ean 13;LUCATECH LK 223;100.00 TL;;;TÜRK?YE;17.05.2025 12:46;75.00
8,6977E+12;8,6977E+12;;ADET;Ean 13;BEY?EH?R SÜZME MATARA;375.00 TL;;;TÜRK?YE;2.11.2025 00:35;289.00
8,69053E+12;8,69053E+12;;ADET;Ean 13;ETI 13404 PIZZA KRAKER 76GR;15.00 TL;;;TÜRK?YE;27.09.2024 17:40;
8,69052E+12;8,69052E+12;;ADET;Ean 13;FIRST SENSATIONS 27GR NANE AROMALI;60.00 TL;;;TÜRK?YE;11.06.2026 14:38;50.00
8,69783E+12;8,69783E+12;;ADET;Ean 13;ORIANA KOLI BANDI;20.00 TL;;;TÜRK?YE;28.09.2024;
8,67777E+12;8,67777E+12;;ADET;Ean 13;MISIRLI ERKEK ÇORAP;60.00 TL;;;TÜRK?YE;19.12.2025 11:22;50.00
8,69746E+12;8,69746E+12;;ADET;Ean 13;GUNAYDIN 1500 GR INCE TUZ 10LU;30.00 TL;;;TÜRK?YE;12.09.2025 20:29;27.50
8,69741E+12;8,69741E+12;;ADET;Ean 13;FUJIKA 4 LU INCE PIL;30.00 TL;;;TÜRK?YE;28.09.2024;
8,69088E+12;8,69088E+12;;ADET;Ean 13;YUDUM 1LT AYÇ?ÇEK YA?I ZERDEÇALLI;180.00 TL;;;TÜRK?YE;11.07.2026 11:14;159.00
8,69058E+12;8,69058E+12;;ADET;Ean 13;F?L?Z M.KISA KALEM.;39.50 TL;;;TÜRK?YE;10.03.2026 15:43;35.00
8,90638E+11;8,90638E+12;;ADET;Ean 13;OMO ACT?VE FRESH 1,5 KG;160.00 TL;;;TÜRK?YE;25.05.2025 22:43;139.00
8,69054E+12;8,69054E+12;;ADET;Ean 13;BINGO MATIK 1,5KG ULTRA BEYAZ;125.00 TL;;;TÜRK?YE;11.05.2025 20:48;115.00
8,69998E+12;8,69998E+12;;ADET;Ean 13;MISS LADY LUX CATAL;25.00 TL;;;TÜRK?YE;29.09.2024;
8,69982E+12;8,69982E+12;;ADET;Ean 13;M?SS LADY 10 LU KA?IK;25.00 TL;;;TÜRK?YE;29.09.2024;
8,69998E+12;8,69998E+12;;ADET;Ean 13;MISSLADY KOPK TBK 5LI;20.00 TL;;;TÜRK?YE;29.09.2024;
8,69064E+12;8,69064E+12;;ADET;Ean 13;OMO MATIK 1.5 KG ACTIVE FRESH;160.00 TL;;;TÜRK?YE;11.05.2025 14:51;129.00
8,69023E+12;8,69023E+12;;ADET;Ean 13;Ö?ÜT UZUN TANE P?R?NÇ 5 K?;189.00 TL;;;TÜRK?YE;30.09.2024 13:33;175.00
8,69023E+12;8,69023E+12;;ADET;Ean 13;OGUT BAK.PIRINC BASMATI 1000G*15;100.00 TL;;;TÜRK?YE;30.09.2024;
8,69023E+12;8,69023E+12;;ADET;Ean 13;OGUT 1KG BULGUR PILAVLIK ORTA;50.00 TL;;;TÜRK?YE;25.09.2025 21:02;45.00
8,6847E+12;8,6847E+12;;ADET;Ean 13;DUBA? Ç?KOLATASI;400.00 TL;;;TÜRK?YE;30.09.2024;
8,68385E+12;8,68385E+12;;ADET;Ean 13;BALM?X TOPLARI;60.00 TL;;;TÜRK?YE;30.09.2024;
8,68385E+12;8,68385E+12;;ADET;Ean 13;BALM?X TOPLARI FINDIK;60.00 TL;;;TÜRK?YE;30.09.2024;
8,68385E+12;8,68385E+12;;ADET;Ean 13;BALLM?X TOPLARI PORTAKALLI;60.00 TL;;;TÜRK?YE;30.09.2024;
8,68385E+12;8,68385E+12;;ADET;Ean 13;BALLM?X TOPLARI FISTIKLI;50.00 TL;;;TÜRK?YE;30.09.2024;
8,69238E+12;8,69238E+12;;ADET;Ean 13;PUFLA 100 PECETE;15.00 TL;;;TÜRK?YE;1.10.2024;
8,6905E+12;8,6905E+12;-1;ADET;Ean 13;ÜLKER B?SKREM EXTRA COOKIE;50.00 TL;;;TÜRK?YE;16.01.2025 15:07;35.00
8,69053E+12;8,69053E+12;;ADET;Ean 13;MAX?MUS MONSTER;20.00 TL;;;TÜRK?YE;2.10.2024;
8,69615E+12;8,69615E+12;;ADET;Ean 13;LAYLAY LOM MEYVE AROMALI SERT SEKER 25GR;15.00 TL;;;TÜRK?YE;2.10.2024;
8,69764E+12;8,69764E+12;;ADET;Ean 13;MUNZUR SU 1,5 LT;35.00 TL;;;TÜRK?YE;15.09.2025 14:53;25.00
8,69764E+12;8,69764E+12;;ADET;Ean 13;MUNZUR SU 5 LT;70.00 TL;;;TÜRK?YE;28.07.2026 09:45;50.00
8,69062E+12;8,69062E+12;;ADET;Ean 13;CHEETOS 20 GR PEYNIRLI;15.00 TL;;;TÜRK?YE;4.10.2024;
8,69095E+12;8,69095E+12;;ADET;Ean 13;MUTLU MAKARNA MANTI 500 GR;25.00 TL;;;TÜRK?YE;20.09.2025 23:00;22.50
8,68351E+12;8,68351E+12;;ADET;Ean 13;HOBBY KREM 350 GR;50.00 TL;;;TÜRK?YE;4.10.2024;
8,0011E+12;8,0011E+12;;ADET;Ean 13;ITHAL BALUCCU SAVIAURDI KEDI DILI 200GR;140.00 TL;;;TÜRK?YE;5.10.2024;
8,69054E+12;8,69054E+12;;ADET;Ean 13;TENO HAVLU AVANTAJ PAKETI 6LI;99.00 TL;70.00;;TÜRK?YE;5.10.2024;
8,69286E+12;8,69286E+12;;ADET;Ean 13;PAP?L?ON HAVLU 6 LI;95.00 TL;;;TÜRK?YE;5.10.2024;
8,69746E+12;8,69746E+12;;ADET;Ean 13;MAVI BEYAZ RULO HAVLU 6 LI;90.00 TL;;;TÜRK?YE;5.10.2024;
8,69054E+12;8,69054E+12;;ADET;Ean 13;TENO TUVALET KAGIDI 16 LI;130.00 TL;;;TÜRK?YE;5.10.2024;
8,69057E+12;8,69057E+12;;ADET;Ean 13;PINAR PROTEIN YER FISTIKLI MUZLU 500 ML;95.00 TL;;;TÜRK?YE;8.05.2026 11:22;75.00
8,69053E+12;8,69053E+12;;ADET;Ean 13;PINAR AC BITIR HINDI FUME 60 GR;49.00 TL;;;TÜRK?YE;17.07.2026 11:51;45.00
5,90095E+12;5,90095E+12;;ADET;Ean 13;WHISKAS TAVUKLU SOMONLU;130.00 TL;;;TÜRK?YE;7.05.2025 00:14;115.00
5,90095E+12;5,90095E+12;;ADET;Ean 13;WHISKAS SI?IRLI TAVUKLU;130.00 TL;;;TÜRK?YE;7.05.2025 00:13;115.00
5,90095E+12;5,90095E+12;;ADET;Ean 13;WHISKAS TAVUKLU H?ND?L?;130.00 TL;;;TÜRK?YE;7.05.2025 00:13;115.00
80908937;80908937;;ADET;Ean 8;V?V?DENT DRJ BOTTLE DAMLA SAKIZLI 67GR;100.00 TL;;;TÜRK?YE;13.05.2026 15:11;75.00
8,6992E+12;8,6992E+12;;ADET;Ean 13;ANCORA %100 NAR EKSISI 350 GR;165.00 TL;;;TÜRK?YE;9.10.2024;
8,6901E+12;8,6901E+12;;ADET;Ean 13;M.BIRLIK Z.YAG 500ML SIZMA;270.00 TL;;;TÜRK?YE;9.10.2024;
8,6901E+12;8,6901E+12;;ADET;Ean 13;MARMARABIRLIK SIZMA ZEYTINYAGI 1000CC;525.00 TL;;;TÜRK?YE;9.10.2024;
8,69063E+12;8,69063E+12;;ADET;Ean 13;NESCAFE 3 U 1 ARADA SUTLU KOPUKLU 10 LU;90.00 TL;;;TÜRK?YE;9.10.2024;
80050278;80050278;;ADET;Ean 8;FERRERO ROCHER 3 LU T.3;35.00 TL;17.50;;TÜRK?YE;9.10.2024;
7,62221E+12;7,62221E+12;;ADET;Ean 13;MILKA SUTLU CIKOLATA 80 GR;115.00 TL;;;TÜRK?YE;27.02.2025 12:23;90.00
7,6223E+12;7,6223E+12;;ADET;Ean 13;MILKA STRAWBERRY CIKOLATA 100 GR;75.00 TL;;;TÜRK?YE;27.02.2025 12:23;90.00
7,6223E+12;7,6223E+12;;ADET;Ean 13;MILKA MILKINIS MILK 87,5 GR;75.00 TL;;;TÜRK?YE;27.02.2025 12:23;90.00
7,6223E+12;7,6223E+12;;ADET;Ean 13;TOBLERONE;150.00 TL;;;TÜRK?YE;9.10.2024;
76223000264;7,6223E+11;;ADET;Ean 13;TOBLERONE 35 GR;60.00 TL;;;TÜRK?YE;9.10.2024;
8,6905E+12;8,6905E+12;;ADET;Ean 13;GODIVA FINDIKLI;110.00 TL;;;TÜRK?YE;9.10.2024;
5,00017E+12;5,00017E+12;;ADET;Ean 13;GOD?VA %72 COCOA 8L? PAKET;125.00 TL;;;TÜRK?YE;9.10.2024;
80177609;80177609;-1;ADET;Ean 8;KINDER CHOCALETE 50GR 4LU;80.00 TL;;;TÜRK?YE;9.10.2024;
8,69077E+12;8,69077E+12;;ADET;Ean 13;SÜTA? SÜT 1/5 CILEKLI;20.00 TL;;;TÜRK?YE;28.04.2026 11:57;15.00
8,69062E+12;8,69062E+12;;ADET;Ean 13;ÇEREZZA MUHABBET ;20.00 TL;;;TÜRK?YE;9.10.2024;
7,6222E+12;7,6222E+12;;ADET;Ean 13;TOBLERONE FRUIT 100GR;150.00 TL;;;TÜRK?YE;10.10.2024;
8,69927E+12;8,69927E+12;;ADET;Ean 13;KAHVE DUNYASI BEYOGLU CIKOLATA 30GR*216;35.00 TL;;;TÜRK?YE;10.10.2024;
80177616;80177616;;ADET;Ean 8;KINDER CHOCOLATE 100GR 8 LI PAKET;95.00 TL;;;TÜRK?YE;27.02.2025 15:18;65.00
8,6905E+12;8,6905E+12;;ADET;Ean 13;GODIVA %90 DARK 52 GR;60.00 TL;;;TÜRK?YE;10.10.2024;
8,69064E+12;8,69064E+12;;ADET;Ean 13;L?PTON ADACAYI KUSBURNU 20 AD;75.00 TL;;;TÜRK?YE;20.09.2025 22:59;65.00
8,69015E+12;8,69015E+12;-2;ADET;Ean 13;FRITOLAY ROCCO JELLY SOSIS;20.00 TL;;;TÜRK?YE;10.10.2024;
8,69015E+12;8,69015E+12;;ADET;Ean 13;FRITOLAY ROCCO JELLY CIZBURGER;20.00 TL;;;TÜRK?YE;10.10.2024;
8,69015E+12;8,69015E+12;-1;ADET;Ean 13;ROCCO JELLY JUNIOR 26 GR;20.00 TL;;;TÜRK?YE;10.10.2024;
8,69064E+12;8,69064E+12;-2;ADET;Ean 13;TAT HAS.BARBUNYA 800GR;125.00 TL;;;TÜRK?YE;29.05.2026 16:11;100.00
4,0144E+12;4,0144E+12;;ADET;Ean 13;TOFFIFEE 125 GR;95.00 TL;;;TÜRK?YE;11.10.2024;
4,00061E+12;4,00061E+12;;ADET;Ean 13;ALPINE MILK HAZELNUT 100 GR;90.00 TL;;;TÜRK?YE;11.10.2024;
7,62221E+12;7,62221E+12;;ADET;Ean 13;MILKA HAPPY COWS CIKOLATA 100 GR;75.00 TL;;;TÜRK?YE;27.02.2025 12:23;90.00
7,62221E+12;7,62221E+12;;ADET;Ean 13;MILKA 80GR FINDIKLI;75.00 TL;;;TÜRK?YE;27.02.2025 12:23;90.00
7,6222E+12;7,6222E+12;;ADET;Ean 13;MILKA TABLET 100 GR CIK RUYASI;75.00 TL;;;TÜRK?YE;27.02.2025 12:23;90.00
7,6222E+12;7,6222E+12;;ADET;Ean 13;MILKA TABLET 80GR BEYAZ CIKOLATA;115.00 TL;;;TÜRK?YE;27.02.2025 12:23;90.00
8,69584E+12;8,69584E+12;;ADET;Ean 13;ANGELO DUBA? Ç?KOLATASI;60.00 TL;;;TÜRK?YE;11.10.2024;
8,68167E+12;8,68167E+12;;ADET;Ean 13;MANTAR PAKET 400 GR;150.00 TL;;;TÜRK?YE;12.01.2026 17:15;100.00
8,69741E+12;8,69741E+12;;ADET;Ean 13;EURO CAKMAK GAZI;60.00 TL;;;TÜRK?YE;17.02.2025 11:29;35.00
80781721;80781721;;ADET;Ean 8;PER.V?V?DENT EXTRA TRPEZOID TIN BOX NANE;100.00 TL;;;TÜRK?YE;13.05.2026 15:06;95.00
8,6907E+12;8,6907E+12;;ADET;Ean 13;KNORR BULYON 6LT TAVUK SUYU;60.00 TL;;;TÜRK?YE;14.10.2024;
8,68392E+12;8,68392E+12;;ADET;Ean 13;?ÖLEN CHICO MIKO BARDAK Ç?KO KREMA 125GR;30.00 TL;;;TÜRK?YE;14.10.2024;
8,68392E+12;8,68392E+12;;ADET;Ean 13;?ÖLEN CHICO MIKO Ç?LEKL? 30 GR;10.00 TL;;;TÜRK?YE;14.10.2024;
8,68392E+12;8,68392E+12;;ADET;Ean 13;?ÖLEN CHICO MIKO ;10.00 TL;;;TÜRK?YE;14.10.2024;
8,69588E+12;8,69588E+12;-1;ADET;Ean 13;PEYMAN KAJU FISTIGI 138GR;170.00 TL;;;TÜRK?YE;16.06.2025 21:09;150.00
8,69588E+12;8,69588E+12;;ADET;Ean 13;PEYMAN DORLEO KABAK CEKIRDEGI 135GR;75.00 TL;;;TÜRK?YE;16.06.2025 21:17;55.00
8,6907E+12;8,6907E+12;;ADET;Ean 13;UNO 2X KAT L?FL? TAVA EKME?? 450GR;110.00 TL;;;TÜRK?YE;19.08.2026 11:06;100.00
8,69057E+12;8,69057E+12;;ADET;Ean 13;PINAR SUT 1 LT %3 ya?l?;85.00 TL;;;TÜRK?YE;3.03.2026 10:08;60.00
8,69053E+12;8,69053E+12;;ADET;Ean 13;ETI 17344 PUF MEYVE DOLGULU 20GR;7.50 TL;;;TÜRK?YE;16.10.2024;
8,69053E+12;8,69053E+12;;ADET;Ean 13;ET? BALIK KIRMIZI BALIK KETÇAPLI 40 GR;12.50 TL;;;TÜRK?YE;16.10.2024;
80894889;80894889;;ADET;Ean 8;V?V?DENT STORMING CILEKLI 33 GR;60.00 TL;;;TÜRK?YE;13.05.2026 15:06;50.00
8,69063E+12;8,69063E+12;;ADET;Ean 13;NESTLE NESQUIK 450 GR;195.00 TL;;;TÜRK?YE;5.03.2026 11:48;150.00
7,62221E+12;7,62221E+12;;ADET;Ean 13;KENT 12429 OL?PS ORMAN MEYVELI;30.00 TL;;;TÜRK?YE;4.11.2025 10:42;20.00
8,69052E+12;8,69052E+12;-1;ADET;Ean 13;KENT 12674 OL?PS NANE;30.00 TL;;;TÜRK?YE;4.11.2025 10:42;20.00
7,6222E+12;7,6222E+12;;ADET;Ean 13;OL?PS ?EFTAL? 28GR;30.00 TL;;;TÜRK?YE;4.11.2025 10:41;20.00
8,69052E+12;8,69052E+12;;ADET;Ean 13;KENT 12442 OL?PS LIMON & PORTAKAL;30.00 TL;;;TÜRK?YE;4.11.2025 10:42;20.00
8,69058E+12;8,69058E+12;;ADET;Ean 13;F?L?Z ?RM?K 500 GR;60.00 TL;;;TÜRK?YE;29.10.2025 16:33;47.50
8,68229E+12;8,68229E+12;;ADET;Ean 13;B?Z?M MUTFAK TAVUK BULYON 6 LI;25.00 TL;;;TÜRK?YE;18.10.2024;
8,69297E+12;8,69297E+12;-1;ADET;Ean 13;KOM?L? PECETE 100LU 7632-0;50.00 TL;;;TÜRK?YE;2.07.2025 19:18;35.00
8,69297E+12;8,69297E+12;;ADET;Ean 13;KOM?L? KONFOR HAVLU 3 LU;69.00 TL;;;TÜRK?YE;18.10.2024;
8,6905E+12;8,6905E+12;;ADET;Ean 13;KOM?L? YUVAM 32/L? PROFESYONEL ;395.00 TL;;;TÜRK?YE;3.08.2026 09:55;225.00
8,69335E+12;8,69335E+12;;ADET;Ean 13;DO?ANAY ÜZÜM S?RKES? 750ML;75.00 TL;;;TÜRK?YE;18.10.2024;
8,69746E+12;8,69746E+12;;ADET;Ean 13;ORI NANE LIMON;10.00 TL;;;TÜRK?YE;19.10.2024;
8,69927E+12;8,69927E+12;;ADET;Ean 13;KAHVE DÜNYASI TAMBOL FINDIKLI Ç?KOLATA;95.00 TL;;;TÜRK?YE;22.05.2026 21:45;55.00
86941938;86941938;;ADET;Ean 8;WINSTON SLENDER DARK BLUE SG;120.00 TL;;;TÜRK?YE;4.08.2026 19:13;95.00
8,68328E+12;8,68328E+12;;ADET;Ean 13;KOKO BK JET CAKMAK MIX;30.00 TL;;;TÜRK?YE;19.10.2024;
5,00011E+12;5,00011E+12;;ADET;Ean 13;SCHWEPPES GREYFURTLU 1LT;95.00 TL;;;TÜRK?YE;15.08.2026 20:09;65.00
7,6222E+12;7,6222E+12;;ADET;Ean 13;OREO 154GR;55.00 TL;;;TÜRK?YE;19.10.2024;
8,69077E+12;8,69077E+12;;ADET;Ean 13;ULKER CIZI KRAKER 4X70GR;57.50 TL;;;TÜRK?YE;20.09.2025 22:58;42.50
8,69743E+12;8,69743E+12;-4;ADET;Ean 13;METAN LAVABO ACICI 40 GR;25.00 TL;Eyl.50;;TÜRK?YE;20.09.2025 22:58;20.00
8,68097E+12;8,68097E+12;;ADET;Ean 13;SINE7 SAÇ JÖLES? TURUNCU;75.00 TL;;;8,69011E+12;29.04.2025 18:06;65.00
8,68395E+12;8,68395E+12;;ADET;Ean 13;MASTER GLOVE S?YAH ELD?VEN;60.00 TL;18.50;;TÜRK?YE;4.03.2026 11:46;50.00
8,69771E+12;8,69771E+12;;ADET;Ean 13;ASPEROX SPARX BULA?IK TABLET? 30LU;239.00 TL;150.00;;TÜRK?YE;19.10.2024;
8,69062E+12;8,69062E+12;-2;ADET;Ean 13;C?PS DOR?TOS TACO 53;35.00 TL;;;TÜRK?YE;29.06.2026 14:29;30.00
8,69062E+12;8,69062E+12;;ADET;Ean 13;C?PS DOR?TOS TACO 30 GR;25.00 TL;;;TÜRK?YE;23.04.2026 09:45;Ara.50
8,69062E+12;8,69062E+12;-2;ADET;Ean 13;C?PS ÇEREZZA POPCORN PATLAMI? MISIR ;60.00 TL;;;TÜRK?YE;23.04.2026 09:28;55.00
86947060;86947060;;ADET;Ean 8;MALTANA ?EFTAL?;60.00 TL;;;TÜRK?YE;19.08.2026 11:41;50.00
8,69332E+12;8,69332E+12;;ADET;Ean 13;NAZAR 5LI SAKIZ BEYAZ;15.00 TL;;;TÜRK?YE;4.04.2026 14:24;10.00
8,68135E+12;8,68135E+12;;ADET;Ean 13;AV?AR MUZ;25.00 TL;;;TÜRK?YE;22.07.2026 10:08;20.00
8,69072E+12;8,69072E+12;;ADET;Ean 13;ULUDAG 6LI LIMONLU SODA;120.00 TL;;;TÜRK?YE;28.03.2026 00:56;100.00
8,6907E+12;8,6907E+12;;ADET;Ean 13;UNO 2X KAT TAHILLI TAVA EKME??;110.00 TL;;;TÜRK?YE;19.08.2026 11:06;100.00
8,69063E+12;8,69063E+12;-1;ADET;Ean 13;NESTLE SICAK CIKOLATA 18.5 GR;20.00 TL;;;TÜRK?YE;22.10.2024;
8,69063E+12;8,69063E+12;;ADET;Ean 13;NESTLE SALEP 17 GR;20.00 TL;;;TÜRK?YE;22.10.2024;
8,6905E+12;8,6905E+12;;ADET;Ean 13;ULK 1132-8 HANIMELLER FIN.3LU;50.00 TL;;;TÜRK?YE;22.10.2024;
8,6905E+12;8,6905E+12;;ADET;Ean 13;HANIMELLER COKO DAMLA UCLU;50.00 TL;;;TÜRK?YE;22.10.2024;
7,62111E+11;7,62111E+12;;ADET;Ean 13;STARBUCKS CAFFE VERONA 250 GR;399.00 TL;;;TÜRK?YE;23.10.2024;
7,62111E+11;7,62111E+12;;ADET;Ean 13;STARBUCKS P?KE PLACE ROAST 250 GR;399.00 TL;;;TÜRK?YE;23.10.2024;
8,6974E+12;8,6974E+12;;ADET;Ean 13;DANET CEMENI SIYRILMIS PASTIRMA 100 GR;245.00 TL;;;TÜRK?YE;23.10.2024;
8,69061E+12;8,69061E+12;-2;ADET;Ean 13;S.FRESH D.MILFOY 500GR;125.00 TL;;;TÜRK?YE;23.10.2024;
8,69061E+12;8,69061E+12;;ADET;Ean 13;SÜPERFRESH YE??L FASULYE 450 GR;125.00 TL;;;TÜRK?YE;23.10.2024;
8,6907E+12;8,6907E+12;;ADET;Ean 13;UNO TOST EKMEGI 350GR;95.00 TL;;;TÜRK?YE;13.08.2026 09:17;90.00
86940795;86940795;;ADET;Ean 8;S?GARA ROTHMANS DRANGE BLACK LONG;100.00 TL;;;TÜRK?YE;18.02.2026 23:00;90.00
8,69074E+12;8,69074E+12;;ADET;Ean 13;?DEAL ÇÖP PO?ET? BÜYÜK BOY BÜZGÜLÜ;35.00 TL;;;TÜRK?YE;25.10.2024;
8,6905E+12;8,6905E+12;;ADET;Ean 13;SAKLIKÖY ALTIN SÜTLÜ 68 GR;25.00 TL;;;TÜRK?YE;18.05.2025 22:42;20.00
8,6905E+12;8,6905E+12;;ADET;Ean 13;MCV?T?ES BEYAZ Ç?KOLATALI KARADUT 84,5 GR;30.00 TL;;;TÜRK?YE;26.10.2024;
8,68467E+12;;;ADET;[Hiçbiri];MEL?DA DUBA? Ç?KOLATASI;250.00 TL;;;TÜRK?YE;26.10.2024 11:17;225.00
8,65132E+12;8,65132E+12;;ADET;Ean 13;ELEKTRIK BANDI;15.00 TL;;;TÜRK?YE;26.10.2024;
8,69745E+12;8,69745E+12;;ADET;Ean 13;MISKOS LEBLEBI EZMESI 60GR;20.00 TL;;;TÜRK?YE;26.10.2024;
8,69745E+12;8,69745E+12;;ADET;Ean 13;MISKOS INCIR EZME60 GR.;15.00 TL;;;TÜRK?YE;26.10.2024;
5,449E+12;5,449E+12;;ADET;Ean 13;CAPPY %100 ELMA SUYU 1 LT;70.00 TL;;;TÜRK?YE;31.10.2025 11:20;50.00
8,68372E+12;8,68372E+12;;ADET;Ean 13;MASTER CEVIZ 150GR;115.00 TL;;;TÜRK?YE;4.03.2026 11:43;100.00
8,6905E+12;8,6905E+12;;ADET;Ean 13;CAFE CROWN MOCHA ;15.00 TL;;;TÜRK?YE;10.08.2025 14:36;Ara.50
8,68313E+12;8,68313E+12;;ADET;Ean 13;OMO 3 KG SIK YIKANANLAR;225.00 TL;;;TÜRK?YE;27.10.2024 13:13;220.00
8,68142E+12;8,68142E+12;;ADET;Ean 13;PRATIKON 10LU PLASTIK CATAL;30.00 TL;;;TÜRK?YE;17.02.2025 11:27;25.00
8,69187E+12;8,69187E+12;;ADET;Ean 13;HACI BABA LUMON TUZU;35.00 TL;;;TÜRK?YE;17.02.2025 11:27;25.00
8,69722E+12;8,69722E+12;;ADET;Ean 13;ANATOL?A SULTANS DUBA? Ç?KOLATASI 95 GR;225.00 TL;;;TÜRK?YE;28.10.2024;
8,69722E+12;8,69722E+12;;ADET;Ean 13;USA? ANATOL?A DUBA? 180 GR;400.00 TL;;;TÜRK?YE;28.10.2024;
8,69779E+12;8,69779E+12;;ADET;Ean 13;METAL ÇAKMAK;30.00 TL;;;TÜRK?YE;28.10.2024;
8,69063E+12;8,69063E+12;;ADET;Ean 13;NESCAFE 3U1 ARADA SUTLU KOPUKLU 17.4GR;15.00 TL;;;TÜRK?YE;7.11.2025 11:11;Ara.50
8,69742E+12;8,69742E+12;;ADET;Ean 13;KOM?L? 7758-4 SIVI SAB.ZEYT.BADEM SUTU;35.00 TL;;;TÜRK?YE;2.07.2025 19:21;30.00
8,69064E+12;8,69064E+12;;ADET;Ean 13;CIF KREM 500GR MUGE CICEGI FREZYA;57.50 TL;;;TÜRK?YE;28.10.2024;
8,69064E+12;8,69064E+12;;ADET;Ean 13;CIF KREM 500ML AMONYAKLI;57.50 TL;;;TÜRK?YE;28.10.2024;
8,6907E+12;8,6907E+12;;ADET;Ean 13;UNO PASTABAN320 GR;185.00 TL;;;TÜRK?YE;13.08.2026 09:18;170.00
8,6907E+12;8,6907E+12;;ADET;Ean 13;UNO PASTABAN 320 GR SADE;185.00 TL;;;TÜRK?YE;13.08.2026 09:18;170.00
8,69286E+12;8,69286E+12;;ADET;Ean 13;PAP?L?ON TUVALET KAGIDI 10 LU;90.00 TL;;;TÜRK?YE;2.09.2025 17:24;75.00
8,69941E+12;8,69941E+12;;ADET;Ean 13;TEM?X ORTA;25.00 TL;;;TÜRK?YE;1.11.2024 20:22;
86948425;86948425;;ADET;Ean 8;UZUN PARLAIMENT;120.00 TL;;;TÜRK?YE;6.06.2026 12:01;105.00
5,01001E+12;5,01001E+12;;ADET;Ean 13;SENSODYNE DIS MACUNU 75ML COK YONLU KORUMA;249.00 TL;;;TÜRK?YE;2.11.2024;
8,6986E+12;8,6986E+12;;ADET;Ean 13;PAMUK SEKER;15.00 TL;;;TÜRK?YE;2.11.2024;
8,69745E+12;8,69745E+12;;ADET;Ean 13;MISKOS PISMANIYE 90GR;30.00 TL;;;TÜRK?YE;2.11.2024;
8,6987E+12;8,6987E+12;;ADET;Ean 13;EL?T DUBA?  90 GR;200.00 TL;;;TÜRK?YE;2.11.2024;
8,6905E+12;8,6905E+12;;ADET;Ean 13;HERO BABY 125GR KARISIK MEYVELI;75.00 TL;;;TÜRK?YE;10.03.2026 08:49;50.00
8,69012E+12;8,69012E+12;;ADET;Ean 13;TORKU KESME SEKER 1KG 405LI;75.00 TL;;;TÜRK?YE;1.07.2026 09:18;69.00
8,6905E+12;8,6905E+12;;ADET;Ean 13;ULK 1306-5 DIDO SUTLU FRAM;25.00 TL;;;TÜRK?YE;4.11.2024;
8,6905E+12;8,6905E+12;;ADET;Ean 13;HANIMELLER DEREOTLU SUSAM 81 GR;25.00 TL;;;TÜRK?YE;28.10.2025 13:09;20.00
8,68241E+12;8,68241E+12;;ADET;Ean 13;VLIFE KURDAN KUCUK VL12;12.50 TL;;;TÜRK?YE;4.11.2024;
8,69637E+12;8,69637E+12;;ADET;Ean 13;DANONE KEF?R HÜP;25.00 TL;;;TÜRK?YE;4.11.2024;
7,6222E+12;7,6222E+12;-1;ADET;Ean 13;F?RST INFINITY KARPUZ;60.00 TL;;;TÜRK?YE;11.06.2026 14:37;50.00
8,69914E+12;8,69914E+12;;ADET;Ean 13;?ÖLEN BISCOLATA MOOD 125GR BITTER;75.00 TL;;;TÜRK?YE;10.02.2025 12:26;50.00
8,69914E+12;8,69914E+12;;ADET;Ean 13;B?SCOLATA MOOD CARAMEL 125 GR;75.00 TL;;;TÜRK?YE;6.11.2024;
8,69914E+12;8,69914E+12;;ADET;Ean 13;?ÖLEN LUPPO BAR KEK 30 GR;20.00 TL;;;TÜRK?YE;18.06.2025 13:55;15.00
8,69914E+12;8,69914E+12;-1;ADET;Ean 13;BISCOLATA STARZ 82GR;30.00 TL;;;TÜRK?YE;6.11.2024;
8,69171E+12;8,69171E+12;;ADET;Ean 13;?ÖLEN OZMO BURGER 36GR;30.00 TL;;;TÜRK?YE;18.06.2025 10:38;320.00
8,69053E+12;8,69053E+12;;ADET;Ean 13;ET? MAX?MUS MEGA;30.00 TL;;;TÜRK?YE;6.11.2024;
8,6935E+12;8,6935E+12;;ADET;Ean 13;PROTEX SIVI SABUN 1.5LT ULTRA;375.00 TL;;;TÜRK?YE;6.11.2024;
3,01426E+12;3,01426E+12;;ADET;Ean 13;GILLETTE MACH3 2 LI BICAK;475.00 TL;;;TÜRK?YE;6.11.2024;
8,68313E+12;8,68313E+12;;ADET;Ean 13;EL?DOR YENI 3560ML;145.00 TL;;;TÜRK?YE;2.09.2025 16:42;129.00
8,68313E+12;8,68313E+12;;ADET;Ean 13;EL?DOR ESMER YEN? 350 ML;145.00 TL;;;TÜRK?YE;2.09.2025 16:42;129.00
8,68313E+12;8,68313E+12;;ADET;Ean 13;CLEAR MEN MAX FERAHLIK 350 ML;159.00 TL;;;TÜRK?YE;2.09.2025 16:47;145.00
8,6901E+12;8,6901E+12;;ADET;Ean 13;M.BIRLIK Z.EZME 175GR SADE;95.00 TL;;;TÜRK?YE;6.02.2025 14:33;55.00
8,69061E+12;8,69061E+12;;ADET;Ean 13;S.FRESH D.PATATES CITIR CUBUK 1000GR;195.00 TL;;;TÜRK?YE;6.11.2024;
8,68132E+12;8,68132E+12;;ADET;Ean 13;SÜTA? SALEP  1LT;100.00 TL;;;TÜRK?YE;5.09.2025 10:38;74.50
8,69077E+12;8,69077E+12;;ADET;Ean 13;SÜTA? MEYVEL? YOGURT 475GR CILEKLI;85.00 TL;;;TÜRK?YE;26.06.2026 11:09;80.00
8,69077E+12;8,69077E+12;;ADET;Ean 13;SÜTA? MEYVEL? YOGURT 475GR ORMAN;85.00 TL;;;TÜRK?YE;26.06.2026 11:09;80.00
7,6222E+12;7,6222E+12;;ADET;Ean 13;F?RST INFINITY 60 DK 29.7 GR 11 ADET;60.00 TL;;;TÜRK?YE;11.06.2026 14:37;50.00
8,6907E+12;8,6907E+12;;ADET;Ean 13;UNO PREM?UMSUSAMLI HAMBURGER;110.00 TL;;;TÜRK?YE;19.08.2026 11:08;100.00
8,6907E+12;8,6907E+12;;ADET;Ean 13;UNO TAMBU?DAY SANDV?Ç EKME??;100.00 TL;;;TÜRK?YE;19.08.2026 11:08;95.00
5,00011E+12;5,00011E+12;;ADET;Ean 13;FANTA 2,5 LT PORTAKALLI;100.00 TL;;;TÜRK?YE;21.07.2026 16:15;95.00
8,69746E+12;8,69746E+12;;ADET;Ean 13;SOFT L?NE YÜZEY TEM?ZLEME HAVLUSU 100 LÜ;115.00 TL;;;TÜRK?YE;8.11.2024;
8,68421E+12;8,68421E+12;;ADET;Ean 13;LUCATECH;100.00 TL;;;TÜRK?YE;8.11.2024;
8,68421E+12;8,68421E+12;;ADET;Ean 13;LUCATECH  HIZLI DUVAR ?ARJI;175.00 TL;;;TÜRK?YE;8.11.2024;
8,68367E+12;8,68367E+12;;ADET;Ean 13;LUCATECH AKILLI DUVAR M?KRO;150.00 TL;;;TÜRK?YE;8.11.2024;
8,68148E+12;8,68148E+12;;ADET;Ean 13;JACKPOT FENOMIX 50 GR;50.00 TL;;;TÜRK?YE;9.11.2024;
8,69153E+12;8,69153E+12;;ADET;Ean 13;MÜJDE CORAP DIZ ALTI NO:57;35.00 TL;;;TÜRK?YE;4.12.2025 11:16;30.00
8,69153E+12;8,69153E+12;;ADET;Ean 13;MÜJDE CORAP DIZ ALTI NO:500;35.00 TL;;;TÜRK?YE;4.12.2025 11:16;30.00
8,69051E+12;8,69051E+12;;ADET;Ean 13;ACT?VEX ANT?BAKTER?YEL S S.1000+500ML;300.00 TL;;;8,69011E+12;9.11.2024 16:15;250.00
8,69051E+12;8,69051E+12;;ADET;Ean 13;ACT?VEX ANT?BAKTER?YEL 500 ML;175.00 TL;;;TÜRK?YE;11.04.2026 22:18;195.00
8,69051E+12;8,69051E+12;;ADET;Ean 13;ACTIVEX SIVI SABUN 1000ML HASSAS KORUMA;199.00 TL;;;TÜRK?YE;9.11.2024;
8,72061E+12;8,72061E+12;;ADET;Ean 13;L?PTON EARLY GREY BARDAK 100 LÜ;180.00 TL;;;TÜRK?YE;10.11.2024;
8,90157E+12;8,90157E+12;;ADET;Ean 13;SENSODYN SENSET?VE SOFT;120.00 TL;;;TÜRK?YE;11.11.2024;
8,6905E+12;8,6905E+12;;ADET;Ean 13;ÜLKER ÇOKONAT ANTEP FISTIKLI 30 GR;30.00 TL;;;TÜRK?YE;25.04.2025 15:06;25.00
8,69064E+12;8,69064E+12;;ADET;Ean 13;TAT BARBUNYA PILAKI 1/2;95.00 TL;;;TÜRK?YE;15.06.2025 18:00;75.00
8,69061E+12;8,69061E+12;;ADET;Ean 13;SÜPERFRESH SO?AN HALKASI KAJUN BAHARATLI 425GR;100.00 TL;;;TÜRK?YE;13.11.2024;
8,69071E+12;8,69071E+12;-1;ADET;Ean 13;KOSKA HELVA 200 GR SADE;95.00 TL;;;TÜRK?YE;7.01.2026 09:11;80.00
8,68426E+12;8,68426E+12;;ADET;Ean 13;DUBA? Ç?KOLATASI;60.00 TL;;;TÜRK?YE;13.11.2024;
8,69686E+12;8,69686E+12;-1;ADET;Ean 13;?AH?NO?LU ANTEP FISTI?I KREMASI 220GR;195.00 TL;;;TÜRK?YE;13.11.2024;
8,69742E+12;8,69742E+12;;ADET;Ean 13;FOIMEX;30.00 TL;;;TÜRK?YE;13.11.2024;
7,61304E+12;7,61304E+12;;ADET;Ean 13;FEL?X ÖRDEKL?;35.00 TL;;;TÜRK?YE;23.01.2025 19:14;25.00
8,69053E+12;8,69053E+12;;ADET;Ean 13;ET? GONG POPS BARBEKÜLÜ;60.00 TL;;;TÜRK?YE;19.02.2025 12:40;40.00
8,69914E+12;8,69914E+12;-1;ADET;Ean 13;?ÖLEN BISCOLATA MOOD 125 GR;75.00 TL;;;TÜRK?YE;10.02.2025 12:26;50.00
8,69051E+12;8,69051E+12;;ADET;Ean 13;ARKO KREM 20ML Z.YAGLI;40.00 TL;;;TÜRK?YE;13.11.2024;
6,22116E+12;6,22116E+12;;ADET;Ean 13;SIGNAL DIS MACUNU 100ML CURUKLERE KARSI ELMA;70.00 TL;;;TÜRK?YE;13.11.2024;
8,69051E+12;8,69051E+12;;ADET;Ean 13;VICKS;300.00 TL;;;TÜRK?YE;13.11.2024;
7,70202E+12;7,70202E+12;;ADET;Ean 13;G?LLETTE TRA? KÖPÜ?Ü;200.00 TL;;;TÜRK?YE;13.11.2024;
8,69064E+12;8,69064E+12;;ADET;Ean 13;TAT BEZELYE 1/1 NO:3;125.00 TL;;;TÜRK?YE;29.05.2026 16:11;100.00
8,69747E+12;8,69747E+12;;ADET;Ean 13;NAMET KLASIK SUCUK 200 GR;140.00 TL;;;TÜRK?YE;14.11.2024;
8,69011E+12;8,69011E+12;-1;ADET;Ean 13;CAYKUR RIZE 200 GR;120.00 TL;;;TÜRK?YE;17.11.2024;
8,69011E+12;8,69011E+12;;ADET;Ean 13;ÇAYKUR KAMELYA 1 KG;490.00 TL;;;TÜRK?YE;21.07.2026 16:02;49.00
8,68313E+12;8,68313E+12;;ADET;Ean 13;KNORR ?EHR?YEL? TAVUKLU DOMATES ÇORBASI;50.00 TL;;;TÜRK?YE;9.07.2026 17:17;45.00
8,68313E+12;8,68313E+12;;ADET;Ean 13;KNORR TAVUK SUYUNA CENNET ÇORBASI;50.00 TL;;;TÜRK?YE;9.07.2026 17:17;45.00
8,69637E+12;8,69637E+12;;ADET;Ean 13;DANETTE BARDAK PUDING 375GR;67.50 TL;;;TÜRK?YE;18.11.2024;
8,69063E+12;8,69063E+12;;ADET;Ean 13;NESTLE NESQUIK TOZ 375G;225.00 TL;;;TÜRK?YE;25.03.2025 14:48;190.00
8,69063E+12;8,69063E+12;;ADET;Ean 13;NESTLE NESQUIK TOZ 420G;275.00 TL;;;TÜRK?YE;25.03.2025 14:48;250.00
8,90106E+12;8,90106E+12;;ADET;Ean 13;NESCAFE CLASIC CAM 100 GR*12;250.00 TL;;;TÜRK?YE;18.11.2024;
8,90106E+12;8,90106E+12;;ADET;Ean 13;NESCAFE CLASIC CAM 200 GR*6;380.00 TL;;;TÜRK?YE;18.11.2024;
8,00654E+12;8,00654E+12;;ADET;Ean 13;PANTENE 3 Ü 1 ARADA GÜÇ PARLAKLIK 350 GR;159.00 TL;;;TÜRK?YE;21.11.2025 15:35;135.00
8,70022E+12;8,70022E+12;;ADET;Ean 13;PANTENE PROV 350 ;159.00 TL;;;TÜRK?YE;21.11.2025 15:34;135.00
8,69061E+12;8,69061E+12;;ADET;Ean 13;DAL?N BEBE SABUNU 100GR;45.00 TL;;;TÜRK?YE;2.09.2025 16:35;40.00
8,68129E+12;8,68129E+12;;ADET;Ean 13;SENSODYNE DM 100ML FERAH NEFES;250.00 TL;;;TÜRK?YE;18.11.2024;
8,68313E+12;8,68313E+12;;ADET;Ean 13;DOVE UZUN SAC TERAPISI SAMPUAN 400ML;160.00 TL;;;TÜRK?YE;18.11.2024;
8,68313E+12;8,68313E+12;;ADET;Ean 13;DOVE BESLEYICI BAKIM SAMPUAN 400ML;160.00 TL;;;TÜRK?YE;18.11.2024;
8,68313E+12;8,68313E+12;-1;ADET;Ean 13;DOVE YOGUN ONARICI SAMPUAN 400ML;160.00 TL;;;TÜRK?YE;18.11.2024;
8,68313E+12;8,68313E+12;;ADET;Ean 13;DOVE ULTRS CARE;160.00 TL;;;TÜRK?YE;18.11.2024;
5,90002E+12;5,90002E+12;;ADET;Ean 13;NESF?T KAKAOLU BAR20 GR;35.00 TL;;;TÜRK?YE;15.08.2025 14:28;30.00
5,90002E+12;5,90002E+12;;ADET;Ean 13;NESF?T BAL LEZZET? BAR 20 GR;35.00 TL;;;TÜRK?YE;15.08.2025 14:28;30.00
5,90002E+12;5,90002E+12;;ADET;Ean 13;NESTLE NESFIT MUZLU CIK.TAM TAH.BAR 23,5 GR.;35.00 TL;;;TÜRK?YE;18.11.2024;
4,00581E+12;4,00581E+12;;ADET;Ean 13;NIVEA KREM SOFT 200ML;125.00 TL;;;TÜRK?YE;19.11.2024;
8,69053E+12;8,69053E+12;;ADET;Ean 13;ET? TOPKEK H?ND?STAN L?MON 40 GR;15.00 TL;;;TÜRK?YE;29.03.2026 21:06;Ara.50
8,41277E+12;8,41277E+12;;ADET;Ean 13;CLIPPER LIGHTER FLUID ZIPPO BENZIN 80ML;125.00 TL;;;TÜRK?YE;21.11.2024;
7,6222E+12;7,6222E+12;;ADET;Ean 13;FIRST INFINITY 60 DK AHUDUDU;60.00 TL;;;TÜRK?YE;11.06.2026 14:38;50.00
8,68157E+12;8,68157E+12;;ADET;Ean 13;CAFE CROWN CAPPUCC?NO 14 GR;15.00 TL;;;TÜRK?YE;22.11.2024;
8,68157E+12;8,68157E+12;;ADET;Ean 13;CAFE CROWN LATTE 14 GR;15.00 TL;;;TÜRK?YE;22.11.2024;
8,69054E+12;8,69054E+12;;ADET;Ean 13;B?NGO SIVI DETERJAN 2.6L;199.00 TL;140.00;;TÜRK?YE;23.11.2024;
8,69054E+12;8,69054E+12;;ADET;Ean 13;BINGO SIVI DETERJAN ONARAN KORUMA 3L;219.00 TL;150.00;;TÜRK?YE;23.11.2024;
8,69054E+12;8,69054E+12;;ADET;Ean 13;BINGO SOFT 1 KG SENSITIVE;79.00 TL;52.50;;TÜRK?YE;23.11.2024;
86900584;86900584;;ADET;Ean 8;VERNEL 1 KG RELAX;80.00 TL;47.50;;TÜRK?YE;15.04.2025 18:05;69.00
86900614;86900614;;ADET;Ean 8;VERNEL 1 KG GULUN BUYUSU;80.00 TL;47.50;;TÜRK?YE;15.04.2025 18:06;69.00
8,682E+12;8,682E+12;;ADET;Ean 13;B&M KALEM PAFUM MEN;15.00 TL;;;TÜRK?YE;24.11.2024;
86941341;86941341;;ADET;Ean 8;WINSTON GRAY KISA BOX;125.00 TL;;;TÜRK?YE;4.08.2026 19:13;100.00
8,69059E+12;8,69059E+12;;ADET;Ean 13;TADIBU PARÇACIKLI FINDIK EZMES? 330 GR;335.00 TL;;;TÜRK?YE;25.11.2024;
8,69588E+12;8,69588E+12;;ADET;Ean 13;PEYMAN BAHÇEDEN KARI?IK SOHBET 165 GR;75.00 TL;;;TÜRK?YE;25.11.2024;
8,69057E+12;8,69057E+12;;ADET;Ean 13;PINAR KREM PEYN?R 150 GR;33.00 TL;;;TÜRK?YE;26.11.2024;
8,68367E+12;8,68367E+12;;ADET;Ean 13;LUCATECH LK 214 TPC;150.00 TL;;;TÜRK?YE;26.11.2024;
8,68208E+12;8,68208E+12;;ADET;Ean 13;HOOP 27 GR;20.00 TL;;;TÜRK?YE;26.11.2024;
8,6974E+12;8,6974E+12;;ADET;Ean 13;DANET SALAM 60GR TADIMLIK MACAR;45.00 TL;;;TÜRK?YE;26.11.2024;
8,69053E+12;8,69053E+12;;ADET;Ean 13;ET? C?N PORTAKAL SOSLU KAKAOLU 114GR;30.00 TL;;;TÜRK?YE;20.12.2025 11:49;22.50
8,69053E+12;8,69053E+12;-1;ADET;Ean 13;ETI 3100 BUMBO 42GR;15.00 TL;;;TÜRK?YE;27.11.2024;
8,68351E+12;8,68351E+12;;ADET;Ean 13;ÜLKER FINDIK RÜYASI KREM 350 GR;100.00 TL;;;TÜRK?YE;17.02.2025 11:24;79.00
8,69061E+12;8,69061E+12;;ADET;Ean 13;SÜPERFRESH P?ZZA TOST CHEDDARLI;125.00 TL;;;TÜRK?YE;14.01.2026 12:23;90.00
8,69061E+12;8,69061E+12;-1;ADET;Ean 13;S.FRESH D.PATATES KROKET 450GR;100.00 TL;;;TÜRK?YE;27.11.2024;
8,69987E+12;8,69987E+12;;ADET;Ean 13;PARS LAP HALOJEN 100W AMPUL;40.00 TL;;;TÜRK?YE;27.11.2024;
3,60055E+12;3,60055E+12;;ADET;Ean 13;?PEK KEPE?E KAR?I 480;60.00 TL;;;TÜRK?YE;27.11.2024;
3,60055E+12;3,60055E+12;;ADET;Ean 13;?PEK ?AMPUANNORMAL SAÇLAR;60.00 TL;;;TÜRK?YE;27.11.2024;
3,60055E+12;3,60055E+12;;ADET;Ean 13;?PEK ?AMPUAN TÜM SAÇLAR 480 ML;60.00 TL;;;TÜRK?YE;27.11.2024;
8,90157E+12;8,90157E+12;-1;ADET;Ean 13;SENSODYNE SENSET?VE 3 AL 2 ÖDE;250.00 TL;;;TÜRK?YE;27.11.2024;
8,00184E+12;8,00184E+12;-1;ADET;Ean 13;IPANA DIS MACUNU 75ML PRO SENSITIVE;150.00 TL;;;TÜRK?YE;27.11.2024;
8,00184E+12;8,00184E+12;;ADET;Ean 13;ORK?D EKSTRA HASSAS KORUMA 7LI GECE;75.00 TL;;;TÜRK?YE;21.12.2025 11:26;70.00
8,00184E+12;8,00184E+12;;ADET;Ean 13;ORK?D EKSTRA HASSAS KORUMA 8LI UZUN;75.00 TL;;;TÜRK?YE;21.12.2025 11:26;70.00
8,69745E+12;8,69745E+12;;ADET;Ean 13;KAHVE DUNYASI FILTRE KAHVE 250 GR;200.00 TL;98.50;;TÜRK?YE;17.02.2025 11:23;190.00
8,69063E+12;8,69063E+12;;ADET;Ean 13;MEHMET EFEND? ETHIOPIAN F?LTRE KAHVE;295.00 TL;145.00;;TÜRK?YE;24.08.2025 12:34;250.00
8,71895E+12;8,71895E+12;;ADET;Ean 13;HACI ?AK?R SABUN 600GR DOGAL KLASIK;150.00 TL;85.00;;TÜRK?YE;7.12.2025 16:30;135.00
8,69741E+12;8,69741E+12;;ADET;Ean 13;TATKÜPÜ TOZ SEKER 5 KG;275.00 TL;;;TÜRK?YE;31.05.2025 23:09;240.00
8,69927E+12;8,69927E+12;-2;ADET;Ean 13;TAMBOL ANTEP FISTIKLI 77 GR;110.00 TL;;;TÜRK?YE;22.05.2026 21:45;90.00
8,69064E+12;8,69064E+12;;ADET;Ean 13;TAT DOMATES SALCASI 1/5;45.00 TL;;;TÜRK?YE;26.09.2025 21:10;35.00
7,70202E+12;7,70202E+12;;ADET;Ean 13;GILETTE FUSION 5 START BICAK;895.00 TL;;;TÜRK?YE;21.06.2025 21:47;690.00
8,6905E+12;8,6905E+12;;ADET;Ean 13;CAFE CROWN SICAK CIKOLATA 17.5 GR;15.00 TL;;;TÜRK?YE;29.11.2024;
8,69764E+12;8,69764E+12;;ADET;Ean 13;MUNZUR SU 0.5 LT;15.00 TL;;;TÜRK?YE;15.09.2025 14:53;10.00
8,69297E+12;8,69297E+12;;ADET;Ean 13;?Ç?M Ç?LEKL? SÜT 200ML;15.00 TL;;;TÜRK?YE;29.11.2024;
8,69297E+12;8,69297E+12;;ADET;Ean 13;ICIM SUT 200ML YARIM YAGLI;20.00 TL;;;TÜRK?YE;29.11.2024;
8,69297E+12;8,69297E+12;;ADET;Ean 13;?Ç?M KAKAOLU SÜT 200 ML;15.00 TL;;;TÜRK?YE;29.11.2024;
8,6828E+12;8,6828E+12;;ADET;Ean 13;MOK?BON BURGER;20.00 TL;;;TÜRK?YE;30.11.2024;
8,80107E+12;8,80107E+12;;ADET;Ean 13;BULDAK NOODLE S?YAH PAKET;250.00 TL;;;TÜRK?YE;25.12.2025 18:45;295.00
7,6222E+12;7,6222E+12;;ADET;Ean 13;TOBLORENO SÜTLÜ PAKET;150.00 TL;;;TÜRK?YE;30.11.2024;
8,6905E+12;8,6905E+12;;ADET;Ean 13;ÜLKER STARZ XL COOK?E KARAMELL?;30.00 TL;20.00;;TÜRK?YE;30.11.2024;
8,6905E+12;8,6905E+12;;ADET;Ean 13;ÜLKER STARZ XL COOK?E Ç?KOLATALI;30.00 TL;20.00;;TÜRK?YE;30.11.2024;
8,6905E+12;8,6905E+12;;ADET;Ean 13;ÜLKER STARZ XL COOK?E H?ND?STAN CEV?ZL?;30.00 TL;;;TÜRK?YE;30.11.2024;
8,6905E+12;8,6905E+12;-4;ADET;Ean 13;ULKER 661-3 PEKI 35GR FINDIK;20.00 TL;;;TÜRK?YE;30.11.2024;
8,69753E+12;8,69753E+12;;ADET;Ean 13;STAR COP TORBASI BUZG BUYUK BOY LAVANTA*50***;30.00 TL;;;TÜRK?YE;1.12.2024;
8,69753E+12;8,69753E+12;;ADET;Ean 13;STAR COP TORBASI BUZG BUYUK BOY CILEK*50***;30.00 TL;;;TÜRK?YE;1.12.2024;
8,69072E+12;8,69072E+12;;ADET;Ean 13;DOGUS BITKI CAYI PAPATYA 20LI;75.00 TL;;;TÜRK?YE;1.12.2024;
8,69072E+12;8,69072E+12;;ADET;Ean 13;DOGUS REZENE CAYI 20 AD;75.00 TL;;;TÜRK?YE;20.01.2026 21:43;50.00
8,69072E+12;8,69072E+12;;ADET;Ean 13;DOGS BALLI ZENCEFILLI IHLAMUR 20 ADET;50.00 TL;;;TÜRK?YE;1.12.2024;
8,68456E+12;8,68456E+12;-1;ADET;Ean 13;LOVE BENEKL? 10 ADET;85.00 TL;;;TÜRK?YE;2.12.2024;
8,68456E+12;8,68456E+12;-1;ADET;Ean 13;LOVE CHOCOLATE 10 LU;85.00 TL;;;TÜRK?YE;2.12.2024;
8,68456E+12;8,68456E+12;;ADET;Ean 13;LOVE ANATOM?K 10 LU;85.00 TL;;;TÜRK?YE;2.12.2024;
8,68456E+12;8,68456E+12;;ADET;Ean 13;LOVE Ç?LEK 10 LU;85.00 TL;;;TÜRK?YE;2.12.2024;
5,0522E+12;5,0522E+12;;ADET;Ean 13;DUREX MARATON GEC?KT?R?C? ;125.00 TL;;;TÜRK?YE;29.04.2025 18:00;100.00
5,0522E+12;5,0522E+12;;ADET;Ean 13;DUREX KLAS?K 10 LU;225.00 TL;;;TÜRK?YE;29.04.2025 18:00;195.00
8,69779E+12;8,69779E+12;;ADET;Ean 13;MGM SPORT?F ÇAKMAK;50.00 TL;;;TÜRK?YE;2.12.2024;
8,70022E+12;8,70022E+12;;ADET;Ean 13;HEAD SHOULDERS 330 ML;185.00 TL;;;TÜRK?YE;6.12.2025 13:55;159.00
8,70022E+12;8,70022E+12;-1;ADET;Ean 13;HEAD SHOULDERS KADINLARA ÖZEL 330;185.00 TL;;;TÜRK?YE;6.12.2025 13:55;159.00
7,00216E+11;7,00216E+12;;ADET;Ean 13;HEAD SHOULDERS 2 S? 1 ARADA KLAS?K 330 ML;185.00 TL;;;TÜRK?YE;6.12.2025 13:55;135.00
8,70022E+12;8,70022E+12;;ADET;Ean 13;HEAD SHOULDERS  MENTOL FERAHLI?I 330 ML;185.00 TL;;;TÜRK?YE;6.12.2025 13:55;159.00
8,70022E+12;8,70022E+12;;ADET;Ean 13;HEAD SHOULDERS SUPREME ARINDIRICI 300;185.00 TL;;;TÜRK?YE;6.12.2025 13:55;135.00
3,57466E+12;3,57466E+12;;ADET;Ean 13;LISTERINE AGIZ BAKIM SUYU 500ML;190.00 TL;;;TÜRK?YE;3.12.2024;
6,95565E+12;6,95565E+12;;ADET;Ean 13;IMA 029 RENKLI TIRNAK MAKASI BUYUK;50.00 TL;;;TÜRK?YE;3.12.2024;
5096190;509619000;;ADET;Ean 13;DOVE OR?G?NAL;175.00 TL;;;TÜRK?YE;3.12.2024;
80801405;80801405;;ADET;Ean 8;V?V?DENT DRJ BOTTLE WHITE 67GR;100.00 TL;;;TÜRK?YE;13.05.2026 15:10;70.00
8,69074E+12;8,69074E+12;;ADET;Ean 13;?DEAL P???RME KA?IDI 16 ADET ;90.00 TL;;;TÜRK?YE;31.10.2025 19:36;60.00
8,68385E+12;8,68385E+12;;ADET;Ean 13;AQUA SERA BARDAK SU200ML;5.00 TL;;;TÜRK?YE;4.12.2024;
8,69869E+12;8,69869E+12;;ADET;Ean 13;ONUR UCGEN YUFKA 25 ADET;45.00 TL;;;TÜRK?YE;4.12.2024;
8,69869E+12;8,69869E+12;;ADET;Ean 13;ONUR YUFKA 5LI;50.00 TL;;;TÜRK?YE;4.12.2024;
80861218;80861218;;ADET;Ean 8;K?NDER SÜT D?L?M? ?EFTAL? ÖZEL SER? 28 GR;20.00 TL;;;TÜRK?YE;5.12.2024;
80050100;80050100;;ADET;Ean 8;NUTELLA FERRERO GO;80.00 TL;;;TÜRK?YE;5.12.2024;
8,69297E+12;8,69297E+12;;ADET;Ean 13;?Ç?Ç CH?L? LABNE 180 GR;42.50 TL;;;TÜRK?YE;5.12.2024;
2,02312E+11;2,02312E+12;;ADET;Ean 13;L?BERTA L?FE  TW?ST;350.00 TL;;;TÜRK?YE;6.12.2024;
8,6905E+12;8,6905E+12;;ADET;Ean 13;CAFE CROWN 3U1 ARADA ACTION 17GR;15.00 TL;;;TÜRK?YE;10.08.2025 14:32;10.00
8,6905E+12;8,6905E+12;;ADET;Ean 13;CAFE CROWN 2SI 1 SADE 11 GR;15.00 TL;;;TÜRK?YE;10.08.2025 14:33;10.00
8,6905E+12;8,6905E+12;;ADET;Ean 13;CAFE CROWN 3U1 ARADA 17.5 GR;15.00 TL;;;TÜRK?YE;8.05.2026 12:17;Ara.50
8,6905E+12;8,6905E+12;;ADET;Ean 13;CAFE CROWN 3/1 SÜTLÜ KÖPÜKLÜ;15.00 TL;;;TÜRK?YE;8.05.2026 12:17;Ara.50
8,6905E+12;-8,6905E+12;;ADET;Code 39;CAFE CROWN MOCHA;15.00 TL;;;TÜRK?YE;8.05.2026 12:17;Ara.50
8,6974E+12;8,6974E+12;;ADET;Ean 13;DANET SALAM 60GR HINDI TADIMLIK;25.00 TL;;;TÜRK?YE;7.12.2024;
8,69335E+12;8,69335E+12;;ADET;Ean 13;DO?ANAY ?ALGAM  ACISIZ 1 LT;75.00 TL;;;TÜRK?YE;4.06.2026 11:11;65.00
8,68132E+12;8,68132E+12;;ADET;Ean 13;SÜTA? MINIMIKS CILEK;25.00 TL;;;TÜRK?YE;26.12.2025 22:20;20.00
8,69077E+12;8,69077E+12;;ADET;Ean 13;SÜTA? MINIMIX 90GR ORMAN MEYVELI;25.00 TL;;;TÜRK?YE;26.12.2025 22:20;20.00
8,6905E+12;8,6905E+12;;ADET;Ean 13;ULKER BATON CIKOLATA INCE 14GR ANTEP FISTIKLI;20.00 TL;;;TÜRK?YE;10.12.2024;
8,69057E+12;8,69057E+12;;ADET;Ean 13;PINAR 3445 DENGE LOKTOZSUZ SUT;50.00 TL;;;TÜRK?YE;10.12.2024;
5,00039E+12;5,00039E+12;;ADET;Ean 13;DURACELL AA 4 LU KALEM PIL;240.00 TL;;;TÜRK?YE;10.12.2024;
6,95624E+12;6,95624E+12;;ADET;Ean 13;TIRNAK MAKASI SET;90.00 TL;;;TÜRK?YE;10.12.2024;
8,68087E+12;8,68087E+12;;ADET;Ean 13;BESTKA KURDAN 200 LU;25.00 TL;;;TÜRK?YE;10.12.2024;
8,68425E+12;8,68425E+12;;ADET;Ean 13;JAGLER STORM 150 ML;125.00 TL;;;TÜRK?YE;11.12.2024;
8,68425E+12;8,68425E+12;;ADET;Ean 13;JAGLER CLASSIC;125.00 TL;;;TÜRK?YE;11.12.2024;
8,69061E+12;8,69061E+12;;ADET;Ean 13;DAL?N BEBE SAMP.100ML;55.00 TL;;;TÜRK?YE;15.06.2025 17:53;40.00
8,69071E+12;8,69071E+12;;ADET;Ean 13;KOSKA TAHIN 550 GR99721119;200.00 TL;;;TÜRK?YE;11.12.2024;
8,69072E+12;8,69072E+12;;ADET;Ean 13;DOGUS BLACK LABEL DEMLIK 100 LU;165.00 TL;;;TÜRK?YE;12.12.2024;
8,68309E+12;8,68309E+12;;ADET;Ean 13;ORI AROMALI ICECEK TOZU PORTAKALLI 300G;60.00 TL;;;TÜRK?YE;12.12.2024;
8,68309E+12;8,68309E+12;;ADET;Ean 13;OR? ELMA 300GR;60.00 TL;;;TÜRK?YE;12.12.2024;
8,68309E+12;8,68309E+12;;ADET;Ean 13;ORI KAVANOZ LIMON 300GR;60.00 TL;;;TÜRK?YE;12.12.2024;
8,68372E+12;8,68372E+12;;ADET;Ean 13;MASTER POTATO BARBEKÜ 160 GR;115.00 TL;;;TÜRK?YE;4.03.2026 11:43;100.00
40257389;40257389;;ADET;Ean 8;MILKA 32GR LILA PAUSE;50.00 TL;;;TÜRK?YE;12.12.2024;
7,6223E+12;7,6223E+12;-2;ADET;Ean 13;MILKA GOFREE CIKO.28.5GR;25.00 TL;;;TÜRK?YE;12.12.2024;
8,69637E+12;8,69637E+12;;ADET;Ean 13;DANONE DISNEY HUPPER YOGURT CILEKLI 37GR;25.00 TL;;;TÜRK?YE;13.12.2024;
8,69061E+12;8,69061E+12;;ADET;Ean 13;SÜPERFRESH 200G MISIR TENEKE;25.00 TL;25.00;;TÜRK?YE;14.12.2024 10:17;
7,6222E+12;7,6222E+12;;ADET;Ean 13;OL?PS SEKER SOFT MINTS KARPUZ 47 GR;30.00 TL;;;TÜRK?YE;20.05.2026 19:11;25.00
8,70022E+12;8,70022E+12;;ADET;Ean 13;HEAD SHOULDERS 330ML;185.00 TL;;;TÜRK?YE;6.12.2025 13:55;159.00
8,70022E+12;8,70022E+12;;ADET;Ean 13;HEAD SHOULDERS 330 DÖKÜLME KAR?ITI;185.00 TL;;;TÜRK?YE;6.12.2025 13:55;159.00
8,70022E+12;8,70022E+12;;ADET;Ean 13;HEAD SHOULDERS 330 L?MON FERAHLI?I;185.00 TL;;;TÜRK?YE;6.12.2025 13:56;159.00
8,70022E+12;8,70022E+12;;ADET;Ean 13;HEAD SHOULDERS 330 ML ERKEKLER ?Ç?N DÖKÜLME;185.00 TL;;;TÜRK?YE;6.12.2025 13:56;159.00
8,6932E+12;8,6932E+12;;ADET;Ean 13;STOP FILTRELI AGIZLIK;25.00 TL;;;TÜRK?YE;15.12.2024 14:14;20.00
8,41277E+12;8,41277E+12;;ADET;Ean 13;CLIPPER SIGARA FILTRESI 30 LU;30.00 TL;;;TÜRK?YE;15.12.2024;
8,69764E+12;8,69764E+12;;ADET;Ean 13;MUNZUR 0,5 LT;15.00 TL;;;TÜRK?YE;15.09.2025 14:53;Ara.50
8,6935E+12;8,6935E+12;;ADET;Ean 13;HACI?AK?R SABUN 600GR LEYLAK;150.00 TL;;;TÜRK?YE;7.12.2025 16:31;135.00
8,6987E+12;8,6987E+12;;ADET;Ean 13;EL?T DUBA? 30 GR;40.00 TL;;;TÜRK?YE;16.12.2024;
8,69972E+12;8,69972E+12;;ADET;Ean 13;PAROL 20LI PAKET;150.00 TL;;;TÜRK?YE;16.12.2024;
8,69057E+12;8,69057E+12;;ADET;Ean 13;PINAR TEREYA? 100 GR;55.00 TL;;;TÜRK?YE;17.12.2024;
8,69057E+12;8,69057E+12;;ADET;Ean 13;PINAR KAKAOLU SUT 180 ML;20.00 TL;;;TÜRK?YE;17.07.2026 11:47;15.00
8,68313E+12;8,68313E+12;;ADET;Ean 13;EL?DOR GÜÇLÜ PARLAK ?AMPUAN 400ML;145.00 TL;;;TÜRK?YE;2.09.2025 16:43;120.00
8,69053E+12;8,69053E+12;;ADET;Ean 13;BERRAK JALAPENO BIBER TURSU 370ML;90.00 TL;;;TÜRK?YE;6.11.2025 11:44;60.00
8,69053E+12;8,69053E+12;;ADET;Ean 13;BERRAK KAPARI TURSU 300GR;200.00 TL;;;TÜRK?YE;6.11.2025 11:19;140.00
8,69053E+12;8,69053E+12;;ADET;Ean 13;BERRAK TANEL? MISIR 340 GR;55.00 TL;;;TÜRK?YE;17.12.2024;
8,69053E+12;8,69053E+12;;ADET;Ean 13;BERRAK TANEL? MISIR4*125GR;135.00 TL;;;TÜRK?YE;17.12.2024;
8,68243E+12;8,68243E+12;;ADET;Ean 13;NARCISO CAPO 20 GR;15.00 TL;;;TÜRK?YE;17.12.2024;
8,69011E+12;8,69011E+12;;ADET;Ean 13;ALTINBA? TOMURCUKLU BARDAK  100 LU;225.00 TL;;;TÜRK?YE;17.12.2024;
8,69053E+12;8,69053E+12;;ADET;Ean 13;ET? CRAX PATLAYAN A?K ACISI50 GR;20.00 TL;;;TÜRK?YE;23.07.2025 16:14;17.50
8,69053E+12;8,69053E+12;;ADET;Ean 13;ET? CRAX ARABESK ACISI 50 GR;20.00 TL;;;TÜRK?YE;23.07.2025 16:14;17.50
8,69053E+12;8,69053E+12;;ADET;Ean 13;ET? CRAX PATLAYAN LEZZET KASIP KAVURAN ACI 50 GR;20.00 TL;;;TÜRK?YE;23.07.2025 16:14;17.50
8,68426E+12;8,68426E+12;;ADET;Ean 13;DUBA? CHOCOLATE 80 GR;160.00 TL;;;TÜRK?YE;18.12.2024;
8,69297E+12;8,69297E+12;;ADET;Ean 13;?Ç?M YE B?T?R KA?AR 65GR;45.00 TL;;;TÜRK?YE;30.10.2025 10:21;30.00
8,68074E+12;8,68074E+12;;ADET;Ean 13;GREENX L?MON KOLNYASI;50.00 TL;;;TÜRK?YE;19.12.2024;
8,68074E+12;8,68074E+12;;ADET;Ean 13;GREENX L?MON KOLONYASI 50 ML;25.00 TL;;;TÜRK?YE;19.12.2024;
8,69079E+12;8,69079E+12;;ADET;Ean 13;TADIM NATUREL Ç?? KARI?IK KURUYEM?? 75GR ;70.00 TL;50.00;;TÜRK?YE;9.09.2025 14:44;65.00
8,69745E+12;8,69745E+12;;ADET;Ean 13;TÜRKOVA TOST PEYN?R? 75 GR;40.00 TL;;;TÜRK?YE;21.12.2024;
15000279;15000279;;ADET;Ean 8;ULUDA? FRUTT? Ç?LEKL? 200ML;25.00 TL;;;TÜRK?YE;8.07.2026 18:40;20.00
8,00148E+12;8,00148E+12;;ADET;Ean 13;ACE 2 LT KLASIK;120.00 TL;;;TÜRK?YE;15.06.2025 17:51;90.00
3,01426E+12;3,01426E+12;;ADET;Ean 13;ORAL-B D?? FIRÇASI;90.00 TL;;;TÜRK?YE;23.12.2024;
8,70022E+12;8,70022E+12;;ADET;Ean 13;ORAL B D?? ET? BAKIMI 65ML;100.00 TL;;;TÜRK?YE;23.12.2024;
8,69064E+12;8,69064E+12;;ADET;Ean 13;TAT KOZLENMIS BIBER 670GR;225.00 TL;;;TÜRK?YE;26.12.2024;
9,0069E+12;9,0069E+12;;ADET;Ean 13;PFANNER PORTAKAL SUYU 2LT;299.00 TL;;;TÜRK?YE;29.09.2025 09:10;285.00
9,0069E+12;9,0069E+12;;ADET;Ean 13;PFANNER M.SUYU A+C+E KARISIK VITAMINLI 2LT*6;265.00 TL;;;TÜRK?YE;29.09.2025 09:10;225.00
9,0069E+12;9,0069E+12;;ADET;Ean 13;PFANNER M.SUYU ANANAS 2LT*6;265.00 TL;;;TÜRK?YE;29.09.2025 09:10;225.00
9,0069E+12;9,0069E+12;;ADET;Ean 13;PFANNER M.SUYU C+D+A 2LT*6;265.00 TL;;;TÜRK?YE;29.09.2025 09:10;225.00
9,0069E+12;1231458;;ADET;Ean 13;PFANNER M.SUYU YEELMA;265.00 TL;;;TÜRK?YE;29.09.2025 09:11;225.00
9,0069E+12;9,0069E+12;;ADET;Ean 13;PFANNER M.SUYU YEELMA;265.00 TL;;;TÜRK?YE;29.09.2025 09:11;225.00
9,0069E+12;9,0069E+12;;ADET;Ean 13;PFANNER M.SUYU B+C+E ORMAN MEYVELI 2LT*6;265.00 TL;;;TÜRK?YE;29.09.2025 09:11;225.00
9,0069E+12;9,0069E+12;;ADET;Ean 13;PFANNER V?TAM?N RELOAD 2 LT;265.00 TL;;;TÜRK?YE;29.09.2025 09:11;225.00
7,70202E+12;7,70202E+12;;ADET;Ean 13;GILLETTE FUSION 2LI 5+1 BICAK;500.00 TL;;;TÜRK?YE;28.12.2024;
86944106;86944106;;ADET;Ean 8;COSBY FUN GOLD 20 GR;30.00 TL;;;TÜRK?YE;30.12.2024;
86944090;86944090;;ADET;Ean 8;COSBY FUN GOLD BOY 20 GR;25.00 TL;;;TÜRK?YE;30.12.2024;
8,6905E+12;8,6905E+12;;ADET;Ean 13;MCV?T?ES BETAZ Ç?KOLATALI;32.50 TL;;;TÜRK?YE;30.12.2024;
8,69335E+12;8,69335E+12;;ADET;Ean 13;DO?ANAY ?ALGAM  ACILI  1 LT;75.00 TL;;;TÜRK?YE;4.06.2026 11:11;65.00
8,68151E+12;8,68151E+12;;ADET;Ean 13;CEREZOS MISIR 25 GR;12.50 TL;;;TÜRK?YE;15.04.2025 18:27;10.00
8,68151E+12;8,68151E+12;;ADET;Ean 13;CEREZOS MISIR 25 GR;12.50 TL;;;TÜRK?YE;15.04.2025 18:28;10.00
8,68151E+12;8,68151E+12;;ADET;Ean 13;PATOS ATOM ;15.00 TL;;;TÜRK?YE;31.12.2024;
8,68151E+12;8,68151E+12;;ADET;Ean 13;PATOS TACO;15.00 TL;;;TÜRK?YE;31.12.2024;
8,68151E+12;8,68151E+12;;ADET;Ean 13;PATOS ATOM ACI;15.00 TL;;;TÜRK?YE;31.12.2024;
8,69E+12;8,69E+12;;ADET;Ean 13;LA M?TO KED? MAMASI;70.00 TL;;;TÜRK?YE;2.01.2025;
8,68229E+12;8,68229E+12;;ADET;Ean 13;BIZIM KOFTE HARCI 85GR;60.00 TL;;;TÜRK?YE;23.04.2025 19:05;45.00
8,69138E+12;8,69138E+12;;ADET;Ean 13;BIZIM VANILYA 5 LI 5GR;25.00 TL;;;TÜRK?YE;29.04.2025 18:15;20.00
8,69914E+12;8,69914E+12;;ADET;Ean 13;OZMO HOPPO 40GR CILEK KREMA DOLGULU;30.00 TL;;;TÜRK?YE;4.01.2025;
8,69084E+12;8,69084E+12;;ADET;Ean 13;ULK 546-6 BONBON MEYVELI;20.00 TL;;;TÜRK?YE;17.02.2025 11:15;15.00
8,69084E+12;8,69084E+12;;ADET;Ean 13;ULK 547-6 BONBON RULO SEKER NANE;20.00 TL;;;TÜRK?YE;17.02.2025 11:15;15.00
8,69914E+12;8,69914E+12;;ADET;Ean 13;OZMO 0GOPOGO KAKAOLU SUTLU KEK 30 GR;20.00 TL;;;TÜRK?YE;18.06.2025 13:53;15.00
8,69171E+12;8,69171E+12;;ADET;Ean 13;?ÖLEN PAPITA 33 GR;15.00 TL;;;TÜRK?YE;4.01.2025;
8,69061E+12;8,69061E+12;;ADET;Ean 13;SÜPERFRESH SUPERTON BALIK 3*75 gr;175.00 TL;;;TÜRK?YE;4.01.2025;
8,69061E+12;8,69061E+12;;ADET;Ean 13;SÜPERFRESH SÜPERTON TUNA F?SH2*135GR;175.00 TL;;;TÜRK?YE;4.01.2025;
80749660;80749660;;ADET;Ean 8;V?V?DENT EXTRA NANE AROMALI SAKIZ 21 GR;25.00 TL;;;TÜRK?YE;5.01.2025;
8,69051E+12;8,69051E+12;;ADET;Ean 13;FAX KLAS?K SABUN 4*150;145.00 TL;;;TÜRK?YE;30.08.2025 13:15;85.00
8,69051E+12;8,69051E+12;;ADET;Ean 13;FAX AYVALIK ZEYT?NYAGLI4*150;145.00 TL;;;TÜRK?YE;8.12.2025 10:31;110.00
8,69055E+12;8,69055E+12;;ADET;Ean 13;SALON 3 LTGÜL;90.00 TL;;;TÜRK?YE;5.01.2025;
8,68145E+12;8,68145E+12;;ADET;Ean 13;FUJ?KA AYAKKABI PARLATICISI;25.00 TL;;;TÜRK?YE;5.01.2025;
8,69741E+12;8,69741E+12;;ADET;Ean 13;V?NSU NAR EK??S? 500;110.00 TL;;;TÜRK?YE;5.01.2025;
8,68099E+12;8,68099E+12;;ADET;Ean 13;ALO BABY ISLAK CEP MENDILI 15LI;10.00 TL;;;TÜRK?YE;5.01.2025;
4,89261E+12;4,89261E+12;;ADET;Ean 13;ATC ULTRA KALEM PIL 2 LI;25.00 TL;;;TÜRK?YE;17.02.2025 11:14;20.00
4,89261E+12;4,89261E+12;;ADET;Ean 13;ATC 1.5 4 LU KALEM PIL;50.00 TL;;;TÜRK?YE;5.01.2025;
86942522;86942522;;ADET;Ean 8;KENT SL?M BLUE LONG;103.00 TL;;;TÜRK?YE;18.10.2025 21:28;82.00
8,69861E+12;8,69861E+12;;ADET;Ean 13;KSMART KURDAN 400LU;25.00 TL;;;TÜRK?YE;6.01.2025;
8,69153E+12;8,69153E+12;;ADET;Ean 13;MÜJDE CORAP DIZ ALTI NO:58;35.00 TL;;;TÜRK?YE;4.12.2025 11:20;25.00
8,68099E+12;8,68099E+12;;ADET;Ean 13;ALO BABY L?MON 90 LI ISLAK HAVLU;30.00 TL;;;TÜRK?YE;6.01.2025;
8,68099E+12;8,68099E+12;;ADET;Ean 13;ALO BABY SÜMBÜL BAHÇES? ;30.00 TL;;;TÜRK?YE;6.01.2025;
8,68099E+12;8,68099E+12;;ADET;Ean 13;ALO BABY GÜL 90 LI ISLAK HAVLU;30.00 TL;;;TÜRK?YE;6.01.2025;
8,69998E+12;8,69998E+12;;ADET;Ean 13;M?SS LADY BULA?IK SÜNGER? OLUKLU;15.00 TL;;;TÜRK?YE;6.01.2025;
8,68295E+12;8,68295E+12;;ADET;Ean 13;NAR Ç?ÇE?? NAR EK??S? 1000GR;150.00 TL;;;TÜRK?YE;6.01.2025;
8,00184E+12;8,00184E+12;;ADET;Ean 13;H&S 220ML SUPREME ARINDIRICI VE BESLEYICI KREM*6;99.00 TL;;;TÜRK?YE;6.01.2025;
8,00184E+12;8,00184E+12;;ADET;Ean 13;HEAD&SHOULD.SUPREME KREM ONARICI 220ML*6;155.00 TL;;;TÜRK?YE;6.12.2025 13:57;99.00
8,6974E+12;8,6974E+12;-1;ADET;Ean 13;DANET KAVURMA 100GR DILIMLI;269.00 TL;;;TÜRK?YE;6.01.2025;
8,69872E+12;8,69872E+12;-1;ADET;Ean 13;EFENDI GIL TULUM PEYNIRI 470 GR;475.00 TL;;;TÜRK?YE;6.01.2025;
8,69053E+12;8,69053E+12;;ADET;Ean 13;REM?XX KARAMEL 20 GR;7.50 TL;;;TÜRK?YE;8.01.2025;
8,69053E+12;8,69053E+12;;ADET;Ean 13;REM?XX  B?SKUV?L? 20 GR;7.50 TL;;;TÜRK?YE;8.01.2025;
8,69053E+12;8,69053E+12;;ADET;Ean 13;ET? POP CANGA 51 GR;30.00 TL;;;TÜRK?YE;4.11.2025 10:44;Ara.50
8,69504E+11;8,69504E+12;;ADET;Ean 13;ÜLKER Ç?KOLATALI GOFRET MAXI 47 GR;17.50 TL;;;TÜRK?YE;26.04.2025 00:07;15.00
8,69063E+12;8,69063E+12;;ADET;Ean 13;NESQUIK TOZ STICK 13.5 GR;10.00 TL;;;TÜRK?YE;9.01.2025;
8,69053E+12;8,69053E+12;;ADET;Ean 13;GONG POPS MEKSIKA;50.00 TL;;;TÜRK?YE;7.05.2025 12:11;45.00
8,68134E+12;8,68134E+12;;ADET;Ean 13;FRUIT SPRAY Ç?LEK;15.00 TL;;;TÜRK?YE;11.01.2025;
8,68134E+12;8,68134E+12;;ADET;Ean 13;FRUITSPREY ELMA;15.00 TL;;;TÜRK?YE;11.01.2025;
8,68134E+12;8,68134E+12;;ADET;Ean 13;FRU?T SPREY BOGURTLEN;15.00 TL;;;TÜRK?YE;11.01.2025;
8,68134E+12;8,68134E+12;;ADET;Ean 13;FRUIT SPREY PORTAKAL;15.00 TL;;;TÜRK?YE;11.01.2025;
8,69927E+12;8,69927E+12;;ADET;Ean 13;TAMBOL BADEML?;95.00 TL;;;TÜRK?YE;22.05.2026 21:45;70.00
86900232;86900232;;ADET;Ean 8;D?MES ELMA 200 ML;20.00 TL;;;TÜRK?YE;3.07.2026 11:01;15.00
8,69054E+12;8,69054E+12;;ADET;Ean 13;B?NGO MAT?K 3 KG;195.00 TL;;;TÜRK?YE;12.01.2025;
8,69064E+12;8,69064E+12;;ADET;Ean 13;TAT MAYONEZ AZ YA?LI575 GR;129.00 TL;;;TÜRK?YE;28.11.2025 09:43;85.00
8,69064E+12;8,69064E+12;;ADET;Ean 13;TAT KETCAP 600ML TATLI;109.00 TL;;;TÜRK?YE;28.11.2025 09:44;75.00
8,68175E+12;8,68175E+12;;ADET;Ean 13;HAKNAZ CEKIRDEK DAKOTA 500G;90.00 TL;;;TÜRK?YE;12.01.2025;
8,68175E+12;8,68175E+12;;ADET;Ean 13;HAKNAZ KURU UZUM 500GR;240.00 TL;;;TÜRK?YE;27.03.2025 08:20;199.00
8,69741E+12;8,69741E+12;;ADET;Ean 13;-INCIM GUN KURUSU KAYISI 300GR;125.00 TL;;;TÜRK?YE;12.01.2025;
8,69741E+12;8,69741E+12;;ADET;Ean 13;INCIM KURU KAYISI 300 GR;125.00 TL;;;TÜRK?YE;12.01.2025;
8,6905E+12;8,6905E+12;;ADET;Ean 13;CAFE CROWN SALEP 15 GR;20.00 TL;;;TÜRK?YE;12.01.2025;
8,69084E+12;8,69084E+12;;ADET;Ean 13;ONEO SAKIZ SLIMS 14GR YESIL NANE;25.00 TL;;;TÜRK?YE;5.11.2025 23:04;20.00
8,68091E+12;8,68091E+12;-4;ADET;Ean 13;INDOM?E KÖR?L? JU8MBO 120 GR;30.00 TL;;;TÜRK?YE;17.04.2026 09:21;25.00
8,69586E+12;8,69586E+12;;ADET;Ean 13;EVO 40 LI TUVALET KA?IDI;295.00 TL;;;TÜRK?YE;14.01.2025;
8,68132E+12;8,68132E+12;;ADET;Ean 13;SÜTA? KAF KEF?R C?LEK 250 ML;45.00 TL;;;TÜRK?YE;21.05.2026 11:19;40.00
8,68132E+12;8,68132E+12;-2;ADET;Ean 13;SÜTA? KAF KEF?R SADE 1LT;90.00 TL;;;TÜRK?YE;6.02.2025 12:33;50.00
8,69061E+12;8,69061E+12;-1;ADET;Ean 13;S.FRESH D.MILFOY 1000GR;179.00 TL;;;TÜRK?YE;15.01.2025;
7,62221E+12;7,62221E+12;;ADET;Ean 13;KENT 4097 SIPSEVDI STICK MUZ CILEK;15.00 TL;;;TÜRK?YE;16.01.2025;
8,6907E+12;8,6907E+12;;ADET;Ean 13;UNO PREM?UM 400 GR;110.00 TL;;;TÜRK?YE;19.08.2026 11:09;100.00
8,6907E+12;8,6907E+12;;ADET;Ean 13;UNO DENGE TAM BU?DAY Ç?YA 400 GR;110.00 TL;;;TÜRK?YE;19.08.2026 11:09;100.00
8,6907E+12;8,6907E+12;;ADET;Ean 13;UNO KRUVASAN 30 GR;25.00 TL;;;TÜRK?YE;13.08.2026 09:20;20.00
8,69432E+12;8,69432E+12;;ADET;Ean 13;START YAG SOKUCU SPREY 750 ML;90.00 TL;;;TÜRK?YE;16.01.2025;
8,71895E+12;8,71895E+12;;ADET;Ean 13;HACI ?AK?R HAMAM 4*200;195.00 TL;;;TÜRK?YE;7.12.2025 16:30;200.00
8,69107E+12;8,69107E+12;;ADET;Ean 13;TIME WAFER MASTER CILEK AROMALI 65 GR;30.00 TL;;;TÜRK?YE;16.01.2025;
8,69107E+12;8,69107E+12;;ADET;Ean 13;TIME WAFER GOFRET KAKAOLU FINDIKLI 65 GR;30.00 TL;;;TÜRK?YE;16.01.2025;
8,69107E+12;8,69107E+12;;ADET;Ean 13;TIME WAFER MASTER FINDIKLI GOFRET 65 GR;30.00 TL;;;TÜRK?YE;16.01.2025;
8,69064E+12;8,69064E+12;;ADET;Ean 13;OMO MATIK ACTIVE 10 KG;450.00 TL;350.00;;TÜRK?YE;21.02.2025 10:07;490.00
5,41008E+12;5,41008E+12;;ADET;Ean 13;ARIEL EXPERT 10KG PROFESSIONAL;649.00 TL;450.00;;TÜRK?YE;16.01.2025;
8,68313E+12;8,68313E+12;;ADET;Ean 13;ALG?DA M?N? UTP?A AHU3 BADEM 3265,5GR;325.00 TL;;;TÜRK?YE;2.01.2026 18:58;250.00
8,68313E+12;8,68313E+12;;ADET;Ean 13;A?G?DA PORT?;5.00 TL;;;TÜRK?YE;17.01.2025;
8,68313E+12;8,68313E+12;;ADET;Ean 13;ALG?DA MINECRAFT 51.7 GR;25.00 TL;;;TÜRK?YE;17.01.2025;
8,68313E+12;8,68313E+12;-1;ADET;Ean 13;ALG?DA VOLCANO 73 GR;50.00 TL;;;TÜRK?YE;2.01.2026 19:14;40.00
8,68313E+12;8,68313E+12;-1;ADET;Ean 13;ALG?DA D?SC MAX MANGO VAN?LYA87.5 GR;75.00 TL;;;TÜRK?YE;10.04.2026 10:57;70.00
8,68313E+12;8,68313E+12;;ADET;Ean 13;ALG?DA D?SC MAX Ç?KOLATA87.8;75.00 TL;;;TÜRK?YE;10.04.2026 10:57;70.00
8,68313E+12;8,68313E+12;;ADET;Ean 13;ALG?DA UTOP?A CARAMEL 69,6GR;90.00 TL;;;TÜRK?YE;2.01.2026 19:10;65.00
8,68313E+12;8,68313E+12;;ADET;Ean 13;ALG?DA UTOP?A AHUDUDU 69,2;85.00 TL;;;TÜRK?YE;2.01.2026 19:11;65.00
8,68313E+12;8,68313E+12;;ADET;Ean 13;ALG?DA BOOM BOOM KAT KAT Ç?KO SOS 347 GR;225.00 TL;;;TÜRK?YE;2.01.2026 19:07;200.00
8,68313E+12;8,68313E+12;;ADET;Ean 13;ALG?DA M?LKA Ç?KO VAN?L 300 GR;225.00 TL;;;TÜRK?YE;2.01.2026 19:07;125.00
8,68313E+12;8,68313E+12;;ADET;Ean 13;ALG?DA KAYMAKLI DONDURMA 610 GR;150.00 TL;;;TÜRK?YE;10.04.2026 10:56;130.00
8,68313E+12;8,68313E+12;;ADET;Ean 13;ALG?DA M?N? NOGGER 6 LI;225.00 TL;;;TÜRK?YE;2.01.2026 19:01;265.00
8,68313E+12;8,68313E+12;;ADET;Ean 13;ALG?DA CARTE DOR SELECT?ON BELÇ?KA RÜYASI 476 GR;295.00 TL;;;TÜRK?YE;10.04.2026 10:55;290.00
8,68313E+12;8,68313E+12;;ADET;Ean 13;ALG?DA MARA? USULÜ TEL KADAYIF;225.00 TL;;;Afganistan;2.01.2026 19:04;165.00
8,68313E+12;8,68313E+12;;ADET;Ean 13;ALG?DA MARA? USULÜ BAKLAVALI;225.00 TL;;;TÜRK?YE;2.01.2026 19:04;165.00
8,6905E+12;8,6905E+12;;ADET;Ean 13;B?SKREM COOK?E;22.50 TL;;;TÜRK?YE;11.05.2025 10:29;20.00
80974482;80974482;;ADET;Ean 8;KINDER JOY SUPRIZ YUMURTA 20GR ERKEKLERE OZEL;70.00 TL;;;TÜRK?YE;28.11.2025 09:46;50.00
8,69063E+12;8,69063E+12;-1;ADET;Ean 13;NESTLE DAMAK ALA SADE ;50.00 TL;;;TÜRK?YE;18.01.2025 16:17;35.00
8,68187E+12;8,68187E+12;;ADET;Ean 13;TOKAI CAKMAK MANYETORLU;20.00 TL;;;TÜRK?YE;19.01.2025;
8,6905E+12;8,6905E+12;;ADET;Ean 13;ULKER 243-09 SUSAMLI CUBUK KRAKER 40GR;15.00 TL;;;TÜRK?YE;12.01.2026 11:29;10.00
8,69588E+12;8,69588E+12;;ADET;Ean 13;PEYMAN DORLEO KIZARTILMIS YER FISTIGI 150GR;55.00 TL;;;TÜRK?YE;16.06.2025 21:17;50.00
8,69588E+12;8,69588E+12;;ADET;Ean 13;PEYMAN BAHÇEDEN 160GR FINDIK ICI KAVRULMUS;340.00 TL;;;TÜRK?YE;16.06.2025 21:07;200.00
8,68148E+12;8,68148E+12;;ADET;Ean 13;DOREM? LOLL DESEN;7.50 TL;;;TÜRK?YE;20.01.2025;
8,68148E+12;8,68148E+12;;ADET;Ean 13;DOREM? LOL?POP TUZLUK Ç?LEKL?;30.00 TL;;;TÜRK?YE;20.01.2025;
8,69981E+12;8,69981E+12;;ADET;Ean 13;BAM YUMURTA 10 LU L BOY;75.00 TL;;;TÜRK?YE;20.01.2025;
8,69958E+12;8,69958E+12;;ADET;Ean 13; BAM YUMURTA  6 LI;50.00 TL;;;TÜRK?YE;20.01.2025;
8,69122E+12;8,69122E+12;;ADET;Ean 13;HARIBO AYICIK 100GR;30.00 TL;;;TÜRK?YE;20.01.2025;
8,69122E+12;8,69122E+12;;ADET;Ean 13;HARIBO FANTASTIK 100GR;30.00 TL;;;TÜRK?YE;20.01.2025;
8,69122E+12;8,69122E+12;;ADET;Ean 13;HAR?BO EK???;35.00 TL;;;TÜRK?YE;6.04.2025 09:41;30.00
8,69071E+12;8,69071E+12;-2;ADET;Ean 13;KOSKA HELVA 200 GR KAKAOLU;95.00 TL;;;TÜRK?YE;7.01.2026 09:11;80.00
8,69064E+12;8,69064E+12;;ADET;Ean 13;TAT BARBEKU SOS 250 GR;115.00 TL;;;TÜRK?YE;4.06.2026 12:16;99.00
7,62221E+12;7,62221E+12;;ADET;Ean 13;KENT OL?PS CILEK 28GR;30.00 TL;;;TÜRK?YE;20.05.2026 19:11;25.00
8,69927E+12;8,69927E+12;;ADET;Ean 13;kahve dünyas? nello;35.00 TL;;;TÜRK?YE;24.01.2025;
8,69745E+12;8,69745E+12;;ADET;Ean 13;KAHVE DUNYASI 2SI1 ARADA KLASIK 12 GR;15.00 TL;;;TÜRK?YE;24.01.2025;
5,90002E+12;5,90002E+12;;ADET;Ean 13;NESF?T BEYAZ Ç?KOLATALI GOFRET;35.00 TL;;;TÜRK?YE;15.08.2025 14:28;30.00
15000217;15000217;;ADET;Ean 8;ULUDA? SADE SODA200 ML;20.00 TL;;;TÜRK?YE;14.12.2025 22:50;17.50
8,69072E+12;8,69072E+12;;ADET;Ean 13;ULUDAG 6LI SADE SODA;75.00 TL;;;TÜRK?YE;27.01.2025;
8,69063E+12;8,69063E+12;;ADET;Ean 13;NESTLE DAMAK EZME;115.00 TL;;;TÜRK?YE;28.01.2025;
8,69157E+12;8,69157E+12;;ADET;Ean 13;BURCU HAS FASULYE CAM KAV 600*12;75.00 TL;;;TÜRK?YE;29.01.2025;
1,50014E+12;1,50014E+12;;ADET;Ean 13;ULUDA?  RAMAZAN ?ERBET? 1 LT;70.00 TL;;;TÜRK?YE;28.03.2026 00:59;60.00
8,6905E+12;8,6905E+12;-1;ADET;Ean 13;?Ç?M KEF?R 1 LT SADE;90.00 TL;;;TÜRK?YE;21.05.2026 11:13;75.00
8,68151E+12;8,68151E+12;;ADET;Ean 13;CIPS CIPSO ORIGINAL DENIZ TUZLU 156 GR;50.00 TL;;;TÜRK?YE;30.01.2025;
8,69053E+12;8,69053E+12;;ADET;Ean 13;PINAR L?MONATA ;20.00 TL;;;TÜRK?YE;30.01.2025;
8,69872E+12;8,69872E+12;;ADET;Ean 13;black burn;50.00 TL;;;TÜRK?YE;30.01.2025;
8,6944E+12;8,6944E+12;;ADET;Ean 13;IRMAK TOZ SEKER 1000 GR;55.00 TL;36.50;;TÜRK?YE;31.05.2025 23:11;50.00
8,69064E+12;8,69064E+12;;ADET;Ean 13;DOMETOS B?O ACT?VE MUTFAK 750ML;55.00 TL;;;TÜRK?YE;1.02.2025;
8,69064E+12;8,69064E+12;;ADET;Ean 13;DOMESTOS 750 ML KAR BEYAZI;95.00 TL;;;TÜRK?YE;29.06.2026 09:20;75.00
8,69064E+12;8,69064E+12;;ADET;Ean 13;DOMESTOS 750ML OKYANUS ESINTISI;95.00 TL;;;TÜRK?YE;29.06.2026 09:20;90.00
8,6974E+12;8,6974E+12;;ADET;Ean 13;KOM?L? SIVI SABUN 400ML MIMOZA BUKETI;45.00 TL;;;TÜRK?YE;31.10.2025 09:58;35.00
8,69752E+12;8,69752E+12;;ADET;Ean 13;ULKER ICIM M.SUYU 1LT ANANAS;40.00 TL;;;TÜRK?YE;1.02.2025;
8,69056E+12;8,69056E+12;;ADET;Ean 13;D?MES SEFTALI 330 ML KUTU;60.00 TL;;;TÜRK?YE;3.07.2026 11:06;50.00
8,69056E+12;8,69056E+12;;ADET;Ean 13;D?MES 330ML V??NE;60.00 TL;;;TÜRK?YE;3.07.2026 11:06;50.00
8,69056E+12;8,69056E+12;;ADET;Ean 13;D?MES KARISIK 330 ML KUTU;60.00 TL;;;TÜRK?YE;3.07.2026 11:06;50.00
8,69094E+12;8,69094E+12;;ADET;Ean 13;HOBBY 3LT;90.00 TL;;;TÜRK?YE;2.02.2025;
8,69094E+12;8,69094E+12;;ADET;Ean 13;HOBBY 3 LT GUL;120.00 TL;;;TÜRK?YE;2.02.2025;
8,69094E+12;8,69094E+12;;ADET;Ean 13;HOBBY 3 LT LAVANTA;90.00 TL;;;TÜRK?YE;2.02.2025;
8,69058E+12;8,69058E+12;;ADET;Ean 13;SÖKE UN 5 KG;225.00 TL;;;TÜRK?YE;17.12.2025 08:45;210.00
8,68447E+12;8,68447E+12;;ADET;Ean 13;KARA INCIR;169.00 TL;;;TÜRK?YE;2.02.2025;
8,69063E+12;8,69063E+12;;ADET;Ean 13;DR OETKER KREM ?ANT? 288 GR;150.00 TL;;;TÜRK?YE;23.04.2025 18:21;125.00
8,69637E+12;8,69637E+12;;ADET;Ean 13;HUPPER CIKOLATA;25.00 TL;;;TÜRK?YE;3.02.2025;
8,69996E+12;8,69996E+12;;ADET;Ean 13;TAHTA KALEMI KIRMIZI;25.00 TL;;;TÜRK?YE;3.02.2025;
8,69779E+12;8,69779E+12;;ADET;Ean 13;TARAFTAR CAKMAK GS;90.00 TL;;;TÜRK?YE;3.02.2025;
8,69061E+12;8,69061E+12;;ADET;Ean 13;SÜPERFRESH ?NCE ÇITIR PATATES 800 GR;169.00 TL;;;TÜRK?YE;5.02.2025;
8,69336E+12;8,69336E+12;;ADET;Ean 13;P.BAHCE 42021 CAY BAR.12 LI OPTIKLI;150.00 TL;;;TÜRK?YE;5.02.2025;
8,69054E+12;8,69054E+12;;ADET;Ean 13;PAP?A 12L? RULO TUVALETKA?IDI;159.00 TL;90.00;;TÜRK?YE;5.02.2025;
8,69054E+12;8,69054E+12;-1;ADET;Ean 13;PAP?A HAVLU KA?IT 8L?;159.00 TL;90.00;;TÜRK?YE;5.02.2025;
8,69795E+12;8,69795E+12;-1;ADET;Ean 13;EGEMEN HASHAS 30 GR;60.00 TL;;;TÜRK?YE;30.11.2025 19:20;50.00
8,69747E+12;8,69747E+12;;ADET;Ean 13;NAMET 7/24 HINDI SOSIS 140GR;45.00 TL;;;TÜRK?YE;6.02.2025;
8,69297E+12;8,69297E+12;-4;ADET;Ean 13;?Ç?M KAYMAK 150 GR;145.00 TL;;;TÜRK?YE;21.05.2026 11:14;130.00
8,68349E+12;8,68349E+12;;ADET;Ean 13;JET METAL ÇAKMAK;50.00 TL;;;TÜRK?YE;6.02.2025;
8,69063E+12;8,69063E+12;;ADET;Ean 13;DR OETKER KREM ?ANT? 144 GR;90.00 TL;;;TÜRK?YE;23.04.2025 18:21;75.00
8,6905E+12;8,6905E+12;;ADET;Ean 13;ÜLKER KANKY BULUT KORNER ;20.00 TL;;;TÜRK?YE;13.06.2025 23:08;15.00
8,69063E+12;8,69063E+12;;ADET;Ean 13;NESQUIK MISIR GEVREGI 450GR;185.00 TL;;;TÜRK?YE;8.02.2025;
8,69144E+12;8,69144E+12;;ADET;Ean 13;DURU MISIR 500GR;35.00 TL;22.50;;TÜRK?YE;8.02.2025;
8,68379E+12;8,68379E+12;;ADET;Ean 13;SARIYER KOLA 330ML;50.00 TL;;;TÜRK?YE;31.10.2025 11:25;40.00
8,68163E+12;8,68163E+12;;ADET;Ean 13;ZÜBER LOKMA L?MONLU BADEM EZMEL? MEYVE TOPU 96GR;109.00 TL;75.00;;TÜRK?YE;8.02.2025;
8,68163E+12;8,68163E+12;;ADET;Ean 13;ZUBER FINDIK KAPLI MEYVE TOPU 96GR;109.00 TL;75.00;;TÜRK?YE;8.02.2025;
8,68163E+12;8,68163E+12;;ADET;Ean 13;ZUBER LOKMA ANTEP FISTIGI 100 GR.;109.00 TL;;;TÜRK?YE;8.02.2025;
8,68163E+12;8,68163E+12;;ADET;Ean 13;ZUBER LOKMA KAKAO CEKIRDEKLI;109.00 TL;;;TÜRK?YE;8.02.2025;
8,68163E+12;8,68163E+12;;ADET;Ean 13;ZUBER LOKMA ORMAN MEYVEL? MEYVE TOPU 96GR;109.00 TL;;;TÜRK?YE;8.02.2025;
8,68163E+12;8,68163E+12;;ADET;Ean 13;ZUBER LOKMA HINDISTAN CEVIZI 100 GR.;109.00 TL;;;TÜRK?YE;8.02.2025;
8,68163E+12;8,68163E+12;;ADET;Ean 13;ZUBER MEYVE TATLISI ANTEP FISTIKLI 40GR;55.00 TL;38.00;;TÜRK?YE;8.02.2025;
8,68163E+12;8,68163E+12;;ADET;Ean 13;ZUBER VANILYALI CIKOLATALI MEYVE BAR 40 GR;55.00 TL;;;TÜRK?YE;8.02.2025;
8,68163E+12;8,68163E+12;;ADET;Ean 13;ZUBER MEYVE TATLISI KAKAOLU 40GR;55.00 TL;;;TÜRK?YE;8.02.2025;
8,68163E+12;8,68163E+12;;ADET;Ean 13;ZUBER YER FIS.-CIKOLATA DOGAL MEY.TATL. 40GR;55.00 TL;;;TÜRK?YE;8.02.2025;
8,68163E+12;8,68163E+12;;ADET;Ean 13;ZUBER CHIA-HINDI.CEVIZ DOGAL MEY.TATL.40GR;55.00 TL;;;TÜRK?YE;8.02.2025;
8,69064E+12;8,69064E+12;;ADET;Ean 13;CIF POWER SHINE BANYO 750 ML;134.00 TL;95.00;;TÜRK?YE;8.02.2025;
8,69064E+12;8,69064E+12;;ADET;Ean 13;CIF POWER&SHINE MUTFAK 750ML*12;134.00 TL;95.00;;TÜRK?YE;8.02.2025;
8,68313E+12;8,68313E+12;;ADET;Ean 13;YUMO? ODA SPREY? ORK?DE;200.00 TL;115.00;;TÜRK?YE;8.10.2025 11:50;169.00
8,68313E+12;8,68313E+12;;ADET;Ean 13;YUMO? ODA SPREY? L?LYUM ;200.00 TL;;;TÜRK?YE;8.10.2025 11:50;169.00
8,68313E+12;8,68313E+12;;ADET;Ean 13;DOMESTOR WC KOKUSU;125.00 TL;85.00;;TÜRK?YE;8.02.2025;
8,69636E+12;8,69636E+12;;ADET;Ean 13;HE?NZ AVANTAJ PAKET? 2L? KETÇAP MAYONEZ;160.00 TL;110.00;;TÜRK?YE;8.02.2025;
8,69053E+12;8,69053E+12;;ADET;Ean 13;SILEN TUV.KAG.16LI;159.00 TL;;;TÜRK?YE;8.02.2025;
8,69058E+12;8,69058E+12;;ADET;Ean 13;ANKARA MAKARNA 500GR BONCUK;27.50 TL;;;TÜRK?YE;4.05.2025 12:03;25.00
8,69058E+12;8,69058E+12;;ADET;Ean 13;ANKARA MAKARNA 500GR ARPA SEHRIYE;27.50 TL;;;TÜRK?YE;4.05.2025 12:01;25.00
8,68174E+12;8,68174E+12;;ADET;Ean 13;LAV? PEACH;39.95 TL;;;TÜRK?YE;8.02.2025;
8,68174E+12;8,68174E+12;;ADET;Ean 13;LAV? FRUTMIX;39.95 TL;;;TÜRK?YE;8.02.2025;
8,68174E+12;8,68174E+12;;ADET;Ean 13;LAV? SOUR CHERRY;39.95 TL;;;TÜRK?YE;8.02.2025;
8,69166E+12;8,69166E+12;-5;ADET;Ean 13;ÜNAL 200 GR TAM YA?LI ÇEÇ?L PEYN?R;145.00 TL;;;TÜRK?YE;9.02.2025;
8,69122E+12;8,69122E+12;;ADET;Ean 13;HAR?BO CHAMALLOWS;35.00 TL;;;TÜRK?YE;10.02.2025 11:17;39.00
7,89102E+12;7,89102E+12;;ADET;Ean 13;COLGATE DIS MACUNU UCLU ETKI 50ML 12LI;40.00 TL;;;TÜRK?YE;2.09.2025 16:39;25.00
8,68363E+12;8,68363E+12;;ADET;Ean 13;KÜMESTEN GEZEN TAVUK YUMURTASI 15 L?;130.00 TL;;;TÜRK?YE;10.02.2025;
8,69074E+12;8,69074E+12;;ADET;Ean 13;KRP STREC FILM 15 METRE;69.00 TL;;;TÜRK?YE;12.02.2025;
8,69051E+12;8,69051E+12;;ADET;Ean 13;ARKO MEN COOL SER?NLET?C?;90.00 TL;;;TÜRK?YE;12.02.2025;
8,68313E+12;8,68313E+12;;ADET;Ean 13;CLEAR MEN FERAH MENTOL;185.00 TL;;;TÜRK?YE;2.09.2025 16:47;145.00
8,69952E+12;8,69952E+12;;ADET;Ean 13;SENSODYNE DIS MACUNU 75ML BEYAZLATICI;195.00 TL;;;TÜRK?YE;12.02.2025;
8,69053E+12;8,69053E+12;;ADET;Ean 13;ETI PIZZA KRAKER 38 GR;10.00 TL;;;TÜRK?YE;12.02.2025;
6,19141E+12;6,19141E+12;;ADET;Ean 13;HURMA 300GR TUNUS;70.00 TL;35.00;;TÜRK?YE;4.03.2025 12:06;60.00
8,69335E+12;8,69335E+12;;ADET;Ean 13;DO?ANAY NAR EKSISI 340GR %100;165.00 TL;;;TÜRK?YE;12.02.2025;
8,69335E+12;8,69335E+12;;ADET;Ean 13;DO?ANAY L?MON SOSU %100 250ML;50.00 TL;;;TÜRK?YE;12.02.2025;
90457821;90457821;;ADET;Ean 8;REDBULL 250 ML YEN?;85.00 TL;;;TÜRK?YE;4.05.2026 13:07;70.00
8,6992E+12;8,6992E+12;;ADET;Ean 13;MANU LEBLEBI EZMESI;20.00 TL;;;TÜRK?YE;17.02.2025;
8,69057E+12;8,69057E+12;;ADET;Ean 13;PINAR 5036 UCGEN PEYNIR KAHVALTI 12.5GR;45.00 TL;;;TÜRK?YE;17.07.2026 11:48;35.00
8,69053E+12;8,69053E+12;;ADET;Ean 13;ET? POP KEK BÖ?ÜRTLENL? 55 GR;12.50 TL;;;TÜRK?YE;19.02.2025;
8,69053E+12;8,69053E+12;;ADET;Ean 13;ET? BROWN? ?NTENSE FINDIKLI 48 GR;30.00 TL;;;TÜRK?YE;4.11.2025 10:47;25.00
8,69053E+12;8,69053E+12;;ADET;Ean 13;ETI CRAX MISIRLI 50 GR;20.00 TL;;;TÜRK?YE;23.07.2025 16:15;Ara.50
8,69062E+12;8,69062E+12;;ADET;Ean 13;C?PS DOR?TOS DE??? TOKU?;80.00 TL;;;TÜRK?YE;6.05.2026 22:32;75.00
8,69079E+12;8,69079E+12;;ADET;Ean 13;TADIM KOKTEYL180GR ;180.00 TL;;;TÜRK?YE;13.09.2025 16:15;165.00
8,69062E+12;8,69062E+12;;ADET;Ean 13;RUFFLES DEG?? TOKUS;50.00 TL;;;TÜRK?YE;20.02.2025;
8,68093E+12;8,68093E+12;;ADET;Ean 13;MANTAR 400GR;150.00 TL;;;TÜRK?YE;12.01.2026 17:14;125.00
8,69063E+12;8,69063E+12;-1;ADET;Ean 13;VEFA ELMA SIRKESI 0,5 LT;85.00 TL;;;TÜRK?YE;10.10.2025 15:29;65.00
8,69056E+12;8,69056E+12;;ADET;Ean 13;D?MES 1LT DOGAL SUT;55.00 TL;;;TÜRK?YE;2.04.2026 17:11;45.00
8,6905E+12;8,6905E+12;;ADET;Ean 13;KOM?L? YUVAM;69.00 TL;;;TÜRK?YE;26.06.2026 15:31;55.00
8,68476E+12;8,68476E+12;;ADET;Ean 13;GAMER CANDY DALGONA CANDY20 GR;75.00 TL;;;TÜRK?YE;26.02.2025 12:25;60.00
8,69015E+12;8,69015E+12;;ADET;Ean 13;BEBETO  FREEZE WATERMELON 35*GR;50.00 TL;;;TÜRK?YE;6.04.2026 16:05;40.00
8,69015E+12;8,69015E+12;;ADET;Ean 13;BEBETO FREEZEPEACH RINGS 35;50.00 TL;;;TÜRK?YE;6.04.2026 16:05;40.00
8,69015E+12;8,69015E+12;;ADET;Ean 13;BEBETO FREEZE MARSHMELLOW 35;50.00 TL;;;TÜRK?YE;6.04.2026 16:04;40.00
8,69015E+12;8,69015E+12;;ADET;Ean 13;BEBETO CHERRY 80 GR.;50.00 TL;;;TÜRK?YE;6.04.2026 16:04;40.00
8,69015E+12;8,69015E+12;;ADET;Ean 13;BEBETO YUMUSAK SEKER 80GR;50.00 TL;;;TÜRK?YE;6.04.2026 16:04;40.00
8,69588E+12;8,69588E+12;;ADET;Ean 13;PEYMAN BAHÇEEN ORTAYA KARI?IK;40.00 TL;;;TÜRK?YE;16.06.2025 21:19;35.00
8,69053E+12;8,69053E+12;;ADET;Ean 13;PINAR AC BITIR HINDI KOKTEYL 180 GR;65.00 TL;;;TÜRK?YE;1.06.2025 18:08;55.00
8,69064E+12;8,69064E+12;;ADET;Ean 13;YUMOS EXTRA 1200ML DOGAL OZLER BEBEK;145.00 TL;;;TÜRK?YE;25.02.2025;
8,69363E+12;8,69363E+12;-1;ADET;Ean 13;S?NANG?L UN 1 KG;50.00 TL;;;TÜRK?YE;25.02.2025;
8,69053E+12;8,69053E+12;;ADET;Ean 13;ET? CANGA ANTEP FISTIKLI 45 GR;60.00 TL;;;TÜRK?YE;26.02.2025;
8,69053E+12;8,69053E+12;-12;ADET;Ean 13;ET? PUF GOLD 20 GR;10.00 TL;;;TÜRK?YE;11.04.2026 22:01;Tem.50
8,68351E+12;8,68351E+12;;ADET;Ean 13;ÜLKER Ç?KOLATA DRAJE 67 GR;70.00 TL;;;TÜRK?YE;3.03.2025 09:29;60.00
8,6905E+12;8,6905E+12;;ADET;Ean 13;ÜLKER 9 KAT TAT ?NCE L?MONLU 114 GR;40.00 TL;;;TÜRK?YE;25.05.2025 22:40;35.00
8,6905E+12;8,6905E+12;;ADET;Ean 13;ÜLKER 9 KAT TAT ?NCE PORTAKALLI 114 GR;40.00 TL;;;TÜRK?YE;25.05.2025 22:40;35.00
8,6905E+12;8,6905E+12;;ADET;Ean 13;CAFE CROWN MOCHA 17GR BEYAZ CIKOLATALI;15.00 TL;;;TÜRK?YE;8.05.2026 12:16;Ara.50
8,6905E+12;8,6905E+12;;ADET;Ean 13;CAFE CROWN LATTE 17GR KARAMEL;15.00 TL;;;TÜRK?YE;10.08.2025 14:33;10.00
8,6905E+12;8,6905E+12;;ADET;Ean 13;CAFE CROWN LATTE 17 GR CHOCO;15.00 TL;;;TÜRK?YE;8.05.2026 12:16;Ara.50
8,6905E+12;8,6905E+12;-3;ADET;Ean 13;ÜLKER HANIMELLER FRAMBUAZ SOSLU 94.5 GR;25.00 TL;;;TÜRK?YE;26.02.2025;
8,69741E+12;8,69741E+12;;ADET;Ean 13;OZ SITEM PEYNIRLI SEKER 150GR;175.00 TL;1.00;;TÜRK?YE;26.02.2025;
8,68462E+12;8,68462E+12;;ADET;Ean 13;BENERB?SKÜV?L? LOKUM;85.00 TL;;;TÜRK?YE;26.02.2025;
8,68148E+12;8,68148E+12;;ADET;Ean 13;FENOMEN ICE CREAM POP;30.00 TL;;;TÜRK?YE;27.02.2025;
8,69138E+12;8,69138E+12;;ADET;Ean 13;BEYPAZARI L?MON;25.00 TL;;;TÜRK?YE;12.08.2026 17:00;15.00
8,69138E+12;8,69138E+12;;ADET;Ean 13;BEYPAZARI Ç?LEK;25.00 TL;;;TÜRK?YE;12.08.2026 17:00;15.00
8,69138E+12;8,69138E+12;;ADET;Ean 13;BEYPAZARI V??NE;25.00 TL;;;TÜRK?YE;12.08.2026 17:00;15.00
8,69138E+12;8,69138E+12;;ADET;Ean 13;BEYPASARI ELMA;15.00 TL;;;TÜRK?YE;27.02.2025;
8,69138E+12;8,69138E+12;;ADET;Ean 13;BEYPAZARI NAR;25.00 TL;;;TÜRK?YE;12.08.2026 17:00;15.00
8,69074E+12;8,69074E+12;;ADET;Ean 13;IDEAL PISIRME KAGIDI 8LI;75.00 TL;;;TÜRK?YE;28.02.2025;
8,69071E+12;8,69071E+12;;ADET;Ean 13;CCOOK BUZDOLABI POSETI BUYUK;40.00 TL;;;TÜRK?YE;28.02.2025;
86947039;86947039;;ADET;Ean 8;MALTANA ENERGY 250 ML;60.00 TL;;;TÜRK?YE;19.08.2026 11:41;50.00
8,69053E+12;8,69053E+12;-5;ADET;Ean 13;ET? L?FAL?F KURU MEYVEL? 35 GR;40.00 TL;;;TÜRK?YE;19.01.2026 22:57;32.50
8,69053E+12;8,69053E+12;;ADET;Ean 13;ET? L?FAL?F KURU YEM??L? 35 GR;40.00 TL;;;TÜRK?YE;19.01.2026 22:58;32.50
8,69053E+12;8,69053E+12;-4;ADET;Ean 13;ET? L?FAL?F KIRMIZI MEYVEL? 35 GR;40.00 TL;;;TÜRK?YE;19.01.2026 22:58;32.50
Beyaz Yumurta;Beyaz Yumurta;;ADET;Ean 13;BEYAZ YUMURTA;8.00 TL;;BARKODSUZ;TÜRK?YE;13.04.2025 12:47;Tem.50
8,68345E+12;8,68345E+12;;ADET;Ean 13;HURMA MAZAFAT?;100.00 TL;;;TÜRK?YE;3.03.2025 09:27;90.00
8,68192E+12;8,68192E+12;;ADET;Ean 13;STEPY OVMA TOP TEL;30.00 TL;;;TÜRK?YE;1.03.2025;
7,57528E+11;7,57528E+12;;ADET;Ean 13;TAK?S BLUE HEAT;195.00 TL;;;TÜRK?YE;2.03.2025;
8,69856E+12;8,69856E+12;;ADET;Ean 13;SARIMSAK 250G FILE;100.00 TL;;;TÜRK?YE;3.03.2025 09:27;95.00
8,69003E+12;8,69003E+12;;ADET;Ean 13;NEVZAT GUL KADAYIF SADE 350GR;160.00 TL;;;TÜRK?YE;2.03.2025;
8,69003E+12;8,69003E+12;;ADET;Ean 13;NEVZAT KEMALPASA TATLISI 150GR;149.00 TL;;;TÜRK?YE;2.03.2025;
8,69003E+12;8,69003E+12;;ADET;Ean 13;NEVZAT PEYNIR TATLISI 160 GR;149.00 TL;;;TÜRK?YE;2.03.2025;
8,7146E+12;8,7146E+12;;ADET;Ean 13;JACOBS MONARCH GOLD 100GR;200.00 TL;;;TÜRK?YE;2.03.2025;
87354164;87354164;;ADET;Ean 8;MENTOS .STIC FRESH COLA 37.5GR;30.00 TL;;;TÜRK?YE;11.04.2026 22:03;25.00
54023710;54023710;;ADET;Ean 8;SCHWEPPES MANDARIN 250ML;60.00 TL;;;TÜRK?YE;15.08.2026 20:09;50.00
54023727;54023727;;ADET;Ean 8;SCHEWEPPES L?MON 250 ML CAM;50.00 TL;;;TÜRK?YE;5.03.2025;
8,6905E+12;8,6905E+12;;ADET;Ean 13;KOM?L? YUVAM12L? RULO KA?IT HAVLU;195.00 TL;;;TÜRK?YE;5.03.2025;
8,69055E+12;8,69055E+12;;ADET;Ean 13;TIBTRAP PASTA FARE ZEHIRI;75.00 TL;;;TÜRK?YE;6.03.2025;
8,69055E+12;8,69055E+12;;ADET;Ean 13;T?BTRAP FARE ZEH?R? 250 GR;100.00 TL;;;TÜRK?YE;7.12.2025 17:03;75.00
80761761;80761761;;ADET;Ean 8;KINDER BUENO BEYAZ;55.00 TL;;;TÜRK?YE;28.11.2025 09:46;50.00
8,68482E+12;8,68482E+12;;ADET;Ean 13;KARA KURU KAYISI 300 GR;225.00 TL;;;TÜRK?YE;8.03.2025;
8,68167E+12;8,68167E+12;;ADET;Ean 13;MAY MANTAR 400GR;90.00 TL;;;TÜRK?YE;8.03.2025;
8,80112E+12;8,80112E+12;;ADET;Ean 13;SIGARA RAISON RESERVY GRAY;70.00 TL;;;TÜRK?YE;8.03.2025;
8,69281E+12;8,69281E+12;;ADET;Ean 13;??M?EK B?EN ;25.00 TL;;;TÜRK?YE;13.06.2025 23:03;20.00
8,69064E+12;8,69064E+12;;ADET;Ean 13;ALG?DA MAGNUM DOUBLE KARADUT 100ML;90.00 TL;;;TÜRK?YE;29.04.2026 09:43;85.00
8,69079E+12;8,69079E+12;;ADET;Ean 13;TADIM KAVRULMU? TUZLU FINDIK 75 GR;85.00 TL;;;TÜRK?YE;9.09.2025 14:37;80.00
8,68148E+12;8,68148E+12;;ADET;Ean 13;FENOMENBUNNY SWEET KOLA 32 GR;35.00 TL;;;TÜRK?YE;10.03.2025;
8,68148E+12;8,68148E+12;;ADET;Ean 13;FENOMEN Ç?LL? HOROZ 32 GR;35.00 TL;;;TÜRK?YE;10.03.2025;
80768258;80768258;;ADET;Ean 8;KINDER JOY SUPRIZ YUMURTA 20GR KIZLARA OZEL;60.00 TL;;;TÜRK?YE;28.11.2025 09:46;50.00
8,68208E+12;8,68208E+12;;ADET;Ean 13;HOPP;30.00 TL;;;TÜRK?YE;10.03.2025;
8,68166E+12;8,68166E+12;;ADET;Ean 13;SWEETIES;20.00 TL;;;TÜRK?YE;10.03.2025;
8,68166E+12;8,68166E+12;;ADET;Ean 13;SWETIES;20.00 TL;;;TÜRK?YE;10.03.2025;
8,68166E+12;8,68166E+12;;ADET;Ean 13;SWEETIES FINDIK;20.00 TL;;;TÜRK?YE;10.03.2025;
8,68166E+12;8,68166E+12;;ADET;Ean 13;SWEETIES COCONAT;20.00 TL;;;TÜRK?YE;10.03.2025;
8,69707E+12;8,69707E+12;;ADET;Ean 13;COBANPINAR BARDAK SU 180ML;5.00 TL;;;TÜRK?YE;10.03.2025;
8,72061E+12;8,72061E+12;;ADET;Ean 13;L?PTON 48.L? DEML?K;99.00 TL;;;TÜRK?YE;10.03.2025;
8,69057E+12;8,69057E+12;;ADET;Ean 13;PINAR SÜT 200ML;20.00 TL;;;TÜRK?YE;17.07.2026 11:48;15.00
8,68332E+12;8,68332E+12;;ADET;Ean 13;GURME TUZLUÇÖREK OTLU 250GR;75.00 TL;;;TÜRK?YE;11.03.2025;
8,68332E+12;8,68332E+12;;ADET;Ean 13;GURME KURABN?YE DAMLA;75.00 TL;;;TÜRK?YE;11.03.2025;
8,68114E+12;8,68114E+12;;ADET;Ean 13;GURME TUZLU M?SKET;75.00 TL;;;TÜRK?YE;11.03.2025;
8,68114E+12;8,68114E+12;;ADET;Ean 13;GURME TUZLU KURAB?YE;75.00 TL;;;TÜRK?YE;11.03.2025;
8,68332E+12;8,68332E+12;;ADET;Ean 13;GURME UN KURAB?YES?;75.00 TL;;;TÜRK?YE;11.03.2025;
8,68114E+12;8,68114E+12;;ADET;Ean 13;GURME FISTIKLI 250 GR;75.00 TL;;;TÜRK?YE;11.03.2025;
8,68114E+12;8,68114E+12;;ADET;Ean 13;GURMEÇ?KOLATALI 250 GR;75.00 TL;;;TÜRK?YE;11.03.2025;
8,68114E+12;8,68114E+12;;ADET;Ean 13;GURME LADY AKDENIZ KIRAZ 220 GR;95.00 TL;;;TÜRK?YE;11.03.2025;
8,68114E+12;8,68114E+12;;ADET;Ean 13;AKDENIZ JALAPENO;95.00 TL;;;TÜRK?YE;11.03.2025;
8,69084E+12;8,69084E+12;;ADET;Ean 13;BAY.ULK SUTLU BONBON 350GR;120.00 TL;;;Afganistan;2.03.2026 08:35;95.00
8,69084E+12;8,69084E+12;;ADET;Ean 13;BY.ULK TOFFE KARISIK 350GR;95.00 TL;;;Afganistan;12.03.2025;
8,6905E+12;8,6905E+12;-2;ADET;Ean 13;ULKER 328-02 MADLEN DOLGULU IKR.CIKOLATA 200G;250.00 TL;;;Afganistan;12.03.2025;
80903543;80903543;;ADET;Ean 8;V?V?DENT INSTA WH?TE;100.00 TL;;;TÜRK?YE;11.04.2026 22:02;95.00
86947862;86947862;;ADET;Ean 8;B?G BABOL PLAY TENN?S;20.00 TL;;;TÜRK?YE;12.03.2025;
8,69941E+12;8,69941E+12;;ADET;Ean 13;SERA FIRIN TORBASI 8LI;75.00 TL;;;TÜRK?YE;12.03.2025;
8,69072E+12;8,69072E+12;;ADET;Ean 13;SERA STREC FILM 15MT;50.00 TL;;;TÜRK?YE;12.03.2025;
8,69941E+12;8,69941E+12;;ADET;Ean 13;SERA BUZDOLABI POSETI ORTA BOY 20ADET;40.00 TL;;;TÜRK?YE;12.03.2025;
8,69072E+12;8,69072E+12;;ADET;Ean 13;SERA ALUMINIYUM FOLYA 8 M;90.00 TL;;;TÜRK?YE;12.03.2025;
8,69941E+12;8,69941E+12;;ADET;Ean 13;SERA PISIRME KAGIDI HAZIR KESILMIS 10ADET;60.00 TL;;;TÜRK?YE;12.03.2025;
5,00011E+12;5,00011E+12;;ADET;Ean 13;FANTA 1LT;80.00 TL;;;TÜRK?YE;19.08.2026 16:26;75.00
8,69057E+12;8,69057E+12;;ADET;Ean 13;STING ENERJ? ?ÇECE?? 250 PET;20.00 TL;;;TÜRK?YE;13.03.2025;
8,69332E+12;8,69332E+12;;ADET;Ean 13;NAZAR 5LI SAKIZ CILEK;15.00 TL;;;TÜRK?YE;4.04.2026 14:24;Ara.50
8,68156E+12;8,68156E+12;;ADET;Ean 13;PADISAH HURMA SUKKARI 500GR*30;195.00 TL;;;8,69011E+12;14.03.2025;
8,69088E+12;8,69088E+12;;ADET;Ean 13;YUDUM AYCICEK YAGI 5LT PET;595.00 TL;;;TÜRK?YE;11.07.2026 12:23;565.00
8,71951E+12;8,71951E+12;;ADET;Ean 13;PHILIPS AMPUL BEYAZ 10 W;75.00 TL;;;TÜRK?YE;14.03.2025;
8,69053E+12;8,69053E+12;;ADET;Ean 13;SELIN LIMON KOLONYASI 1 LT;195.00 TL;;;TÜRK?YE;14.03.2025;
3,01426E+12;3,01426E+12;;ADET;Ean 13;ORAL B 3-EFFECT CLASSIC MED40;85.00 TL;;;TÜRK?YE;23.04.2025 20:13;75.00
8,69742E+12;8,69742E+12;;ADET;Ean 13;VI-VET TUY DOKUCU KREM FORMEN 125 ML;135.00 TL;;;TÜRK?YE;14.03.2025;
8,69157E+12;8,69157E+12;;ADET;Ean 13;SUEL VAZELIN 100ML;60.00 TL;;;TÜRK?YE;14.03.2025;
8,69448E+12;8,69448E+12;;ADET;Ean 13;AHMET IPEK DILIMLI PASTIRMA 120GR;195.00 TL;135.00;;TÜRK?YE;15.03.2025;
8,69187E+12;8,69187E+12;;ADET;Ean 13;INCI 1000 GR BUGDAY NISASTASI;125.00 TL;85.00;;TÜRK?YE;15.03.2025;
86949057;86949057;-1;ADET;Ean 8;ULUDA? GAZOZ 1.5 LT;75.00 TL;;;TÜRK?YE;28.03.2026 00:59;70.00
5,00011E+12;5,00011E+12;;ADET;Ean 13;FANTA YE??L 1LT;80.00 TL;;;TÜRK?YE;19.08.2026 16:26;75.00
4,00607E+12;4,00607E+12;;ADET;Ean 13;TCHIBO GOLD SELECTION 250GR;275.00 TL;180.00;;TÜRK?YE;15.03.2025;
8,69273E+12;8,69273E+12;;ADET;Ean 13;ACORD TEMIZLIK BEZI 3LU 12LI;45.00 TL;;;TÜRK?YE;15.03.2025;
8,68215E+12;8,68215E+12;;ADET;Ean 13;PRO PLUS temizlik bezi;55.00 TL;;;TÜRK?YE;15.03.2025;
8,69088E+12;8,69088E+12;;ADET;Ean 13;YUDUM AYCICEK YAGI 4.5 LT PET;585.00 TL;;;TÜRK?YE;11.07.2026 12:22;495.00
8,69088E+12;8,69088E+12;;ADET;Ean 13;SIRMA YAG 4LT PET;395.00 TL;;;TÜRK?YE;3.10.2025 21:53;389.00
8,69056E+12;8,69056E+12;;ADET;Ean 13;DARDANEL TON 170*2;250.00 TL;;;TÜRK?YE;16.03.2025;
8,68396E+12;8,68396E+12;;ADET;Ean 13;ENDER Ç?KOLATA;225.00 TL;;;TÜRK?YE;16.03.2025;
8,00035E+12;8,00035E+12;;ADET;Ean 13;KEDI DILI BISKUVI 200GR VICENZOVO;95.00 TL;;;TÜRK?YE;27.03.2025 08:23;75.00
8,69053E+12;8,69053E+12;;ADET;Ean 13;ETI PASTAMIA BALLI CEVIZLI 27.5GR;25.00 TL;;;TÜRK?YE;17.03.2025;
5,00011E+12;5,00011E+12;;ADET;Ean 13;FUSE TEA 1.5LT KAVUN Ç?LEK;80.00 TL;;;TÜRK?YE;22.07.2026 11:51;75.00
8,6905E+12;8,6905E+12;;ADET;Ean 13;ÜLKER CEV?ZL? KREMALI M?LFÖY;20.00 TL;;;TÜRK?YE;19.03.2025;
8,6905E+12;8,6905E+12;;ADET;Ean 13;ÜLKER LAV?VA ANTEP FISTIKLI 45 GR;40.00 TL;;;TÜRK?YE;19.03.2025;
8,69084E+12;8,69084E+12;;ADET;Ean 13;ÜLKER LOKUMCUK 600 GR HED?YEL?K;295.00 TL;;;TÜRK?YE;20.12.2025 11:41;245.00
8,69057E+12;8,69057E+12;;ADET;Ean 13;L?PTON AHUDUDU 1 LT;70.00 TL;;;TÜRK?YE;22.07.2026 12:09;60.00
8,6919E+12;8,6919E+12;;ADET;Ean 13;KOTEX NATURAL SUPER EKO.GECE 4 LU 16 LI;120.00 TL;;;TÜRK?YE;20.03.2025;
8,68066E+12;8,68066E+12;;ADET;Ean 13;GÜNSEVEN NAR EK?? SOSU 1000 GR;110.00 TL;;;TÜRK?YE;20.03.2025;
8,68421E+12;8,68421E+12;;ADET;Ean 13;TORP?L;300.00 TL;;;TÜRK?YE;20.03.2025;
8,69063E+12;8,69063E+12;-1;ADET;Ean 13;DR OETKER Ç?KOLATALI SOS;65.00 TL;;;TÜRK?YE;27.03.2025 08:16;45.00
15000026;15000026;-1;ADET;Ean 8;ULUDA? AZ ?EKERL? PORTAKAL 205;95.00 TL;;;TÜRK?YE;29.06.2026 22:43;60.00
8,69063E+12;8,69063E+12;;ADET;Ean 13;NESCAFE 3U BIRARADA 15 L? PAKET ;175.00 TL;;;TÜRK?YE;22.03.2025;
8,68205E+12;8,68205E+12;;ADET;Ean 13;GOFRET ATÖLYES? 3 LÜ PAKET 500 GR;60.00 TL;;;TÜRK?YE;22.03.2025;
8,69051E+12;8,69051E+12;;ADET;Ean 13;TUKAS GARNITUR 560GR;65.00 TL;;;TÜRK?YE;13.06.2025 23:00;55.00
6,28701E+12;6,28701E+12;;ADET;Ean 13;DERME YAS HURMA (MEDINE) 600GR;150.00 TL;;;TÜRK?YE;22.03.2025;
8,6905E+12;8,6905E+12;;ADET;Ean 13;ULKER BAYRAMLIK ECE 350GR;245.00 TL;;;TÜRK?YE;24.03.2025;
8,69779E+12;8,69779E+12;;ADET;Ean 13;METAL ÇAKMAK ?STANBUL MANZARALI;50.00 TL;;;TÜRK?YE;24.03.2025;
8,69588E+12;8,69588E+12;;ADET;Ean 13;PEYMAN BAHÇEDEN 80GR CIG KARISIK;75.00 TL;;;TÜRK?YE;16.06.2025 21:16;60.00
6,26011E+12;6,26011E+12;;ADET;Ean 13;KAKOL YE??L NANEL?  250GR;70.00 TL;;;TÜRK?YE;24.03.2025;
8,68351E+12;8,68351E+12;;ADET;Ean 13;ÜLKER BALLI BADEM60 GR;65.00 TL;;;TÜRK?YE;15.05.2025 19:48;50.00
8,68237E+12;8,68237E+12;-1;ADET;Ean 13;VIPER BULASIK TOP TELI 60GR8682368902404;45.00 TL;;;TÜRK?YE;26.03.2025;
8,69061E+12;8,69061E+12;;ADET;Ean 13;SÜPERFRESH CITIR TOPLAR PEYNIR ISPANAK PATATES 360;125.00 TL;;;TÜRK?YE;26.03.2025;
8,69157E+12;8,69157E+12;;ADET;Ean 13;BURCU KOZLENMIS BIBER 560 GR;85.00 TL;;;TÜRK?YE;26.03.2025;
8,69743E+12;8,69743E+12;;ADET;Ean 13;?AH?N PASTIRMA 80 GR;250.00 TL;;;8,69011E+12;26.03.2025;
86948982;86948982;;ADET;Ean 8;ULUDA? PORTAKALLI GAZOZ 1,5 LT;75.00 TL;;;TÜRK?YE;28.03.2026 00:59;70.00
8,68313E+12;8,68313E+12;;ADET;Ean 13;TWISTER COOL;15.00 TL;;;TÜRK?YE;26.03.2025;
8,69057E+12;8,69057E+12;;ADET;Ean 13;L?PTON SOFRA TROP?KAL2 LT;90.00 TL;;;TÜRK?YE;18.12.2025 10:38;80.00
8,68114E+12;8,68114E+12;;ADET;Ean 13;GURME BAKLAVA;165.00 TL;;;TÜRK?YE;27.03.2025;
8,69064E+12;8,69064E+12;;ADET;Ean 13;ALGIDA MAGNUM MINI 6LI;325.00 TL;;;TÜRK?YE;2.01.2026 18:58;250.00
8,69064E+12;8,69064E+12;;ADET;Ean 13;ALG?DA TWISTER OCEAN 72ML;15.00 TL;;;TÜRK?YE;27.03.2025;
8,69746E+12;8,69746E+12;;ADET;Ean 13;SOFT L?NE 120 L? ZEYT?NYA?LI;35.00 TL;;;TÜRK?YE;28.03.2025;
5,00039E+12;5,00039E+12;;ADET;Ean 13;DURACELL 8 L? ;480.00 TL;;;TÜRK?YE;28.03.2025;
7,70202E+12;7,70202E+12;;ADET;Ean 13;G?LETTE MACH 3 1 YEDEKL?;425.00 TL;;;TÜRK?YE;28.03.2025;
8,68024E+12;8,68024E+12;;ADET;Ean 13;K?DZ? ?EMS?YE Ç?KOLATA;20.00 TL;;;TÜRK?YE;13.06.2025 23:04;15.00
8,69064E+12;8,69064E+12;;ADET;Ean 13;ALGIDA MAGNUM MINI PKT 345ML BADEM;325.00 TL;;;TÜRK?YE;2.01.2026 18:58;250.00
7,70202E+12;7,70202E+12;;ADET;Ean 13;GILLETTE MACH3 STAR LIGHT RAZOR 2UP;425.00 TL;;;TÜRK?YE;30.03.2025;
7,70202E+12;7,70202E+12;;ADET;Ean 13;GILLETTE MACH 3 MAKINA+2 YEDEK BICAK;375.00 TL;;;TÜRK?YE;30.03.2025;
8,69057E+12;8,69057E+12;;ADET;Ean 13;L?PTON ICE TEA 2 LT;90.00 TL;;;TÜRK?YE;18.03.2026 22:44;80.00
8,69981E+12;8,69981E+12;;ADET;Ean 13;BONCUK ATAN TABANCA TOYS M-004;150.00 TL;;;TÜRK?YE;26.04.2026 21:32;100.00
8,69063E+12;8,69063E+12;;ADET;Ean 13;NESCAFE 3Ü1 ARADA FINDIKLI;15.00 TL;;;TÜRK?YE;7.11.2025 11:11;Ara.50
86944120;86944120;;ADET;Ean 8;ULUDAG GAZOZ 1,5 LT;75.00 TL;;;TÜRK?YE;28.03.2026 00:59;70.00
8,68201E+12;8,68201E+12;;ADET;Ean 13;SM?LE ISLAK MENDIL;40.00 TL;;;TÜRK?YE;31.03.2025;
8,69741E+12;8,69741E+12;;ADET;Ean 13;FLOREX COP POSETI END.HANTAL BOY*20 LI;50.00 TL;;;TÜRK?YE;31.03.2025;
8,69741E+12;8,69741E+12;;ADET;Ean 13;FLOREX END.JUMBO COP TORBASI*20;50.00 TL;;;TÜRK?YE;31.03.2025;
8,68108E+12;8,68108E+12;;ADET;Ean 13;HERO KARI?IK MEYVEL? YULAFLI;60.00 TL;;;TÜRK?YE;10.03.2026 08:49;50.00
8,6907E+12;8,6907E+12;;ADET;Ean 13;UNO FIRINDA CAVDAR;110.00 TL;;;TÜRK?YE;19.08.2026 11:09;100.00
8,6907E+12;8,6907E+12;;ADET;Ean 13;UNO PREMIUM CAVDARLI;110.00 TL;;;TÜRK?YE;19.08.2026 11:09;100.00
5,00011E+12;5,00011E+12;;ADET;Ean 13;FUSE TEA 200ML MANGO;40.00 TL;;;TÜRK?YE;2.06.2026 12:29;35.00
8,68228E+12;8,68228E+12;;ADET;Ean 13;ELDE ISLAK HAVLU 100LU LAVANTA;30.00 TL;;;TÜRK?YE;2.04.2025;
8,69335E+12;8,69335E+12;;ADET;Ean 13;DO?ANAY ?ALGAM SUYU 250ML;40.00 TL;;;TÜRK?YE;4.06.2026 11:12;35.00
8,69335E+12;8,69335E+12;;ADET;Ean 13;DO?ANAY ?ALGAM ACISIZ 300 ML;40.00 TL;;;TÜRK?YE;4.06.2026 11:11;35.00
8,6907E+12;8,6907E+12;;ADET;Ean 13;UNO TANDIR LAVA?;125.00 TL;;;TÜRK?YE;19.08.2026 11:09;120.00
8,68091E+12;8,68091E+12;;ADET;Ean 13;INDOMIES JUMBO NOODLE;30.00 TL;;;TÜRK?YE;17.04.2026 09:21;25.00
8,6905E+12;8,6905E+12;;ADET;Ean 13;ULKER 0096401 CAFE CROWN SADE 3 IN1 10 LU-;110.00 TL;;;TÜRK?YE;10.08.2025 14:34;90.00
8,69079E+12;8,69079E+12;;ADET;Ean 13;TADIM FINDIK ?Ç? 180GR ;340.00 TL;;;TÜRK?YE;13.09.2025 16:09;260.00
8,69242E+12;8,69242E+12;;ADET;Ean 13;DUDOM? NOODLE SEBZEL?;30.00 TL;;;TÜRK?YE;7.04.2025;
8,69062E+12;8,69062E+12;;ADET;Ean 13;C?PS SÜPER LAYS KLASIK SUPER S-1;60.00 TL;;;TÜRK?YE;23.04.2026 09:28;55.00
8,69138E+12;8,69138E+12;;ADET;Ean 13;B?Z?M ÇORBA MERCIMEK 72GR;50.00 TL;;;TÜRK?YE;18.08.2026 13:45;42.50
8,69062E+12;8,69062E+12;;ADET;Ean 13;CHEETOS 75 GR;35.00 TL;;;TÜRK?YE;10.04.2025;
8,69171E+12;8,69171E+12;;ADET;Ean 13;OZMO M?N? YUMURTA 154 GR;175.00 TL;;;TÜRK?YE;30.07.2026 12:52;150.00
8,0005E+12;8,0005E+12;;ADET;Ean 13;KINDER JOY 3 LU ERKEK;130.00 TL;;;TÜRK?YE;10.04.2025;
8,69052E+12;8,69052E+12;;ADET;Ean 13;KENT 22136 TOFITA CILEK 47GR;20.00 TL;;;TÜRK?YE;10.04.2025;
8,69052E+12;8,69052E+12;;ADET;Ean 13;KENT 22146 TOFITA PORTAKAL 47GR;20.00 TL;;;TÜRK?YE;10.04.2025;
8,69052E+12;8,69052E+12;;ADET;Ean 13;KENT 22156 TOFITA VISNE 47GR;20.00 TL;;;TÜRK?YE;10.04.2025;
8,69052E+12;8,69052E+12;;ADET;Ean 13;KENT 22116 TOFITA BOGURTLEN 47GR;20.00 TL;;;TÜRK?YE;10.04.2025;
8,6919E+12;8,6919E+12;-2;ADET;Ean 13;KOTEX ULTRA DOUBLE UZUN 14LU 8135;175.00 TL;;;TÜRK?YE;20.12.2025 20:51;160.00
8,68129E+12;8,68129E+12;;ADET;Ean 13;SENSODYNE DIS FIRCASI YUMUSAK DIS ETI BAKIMI;150.00 TL;;;TÜRK?YE;10.04.2025;
8,00109E+12;8,00109E+12;;ADET;Ean 13;ORK?D PLATINUM GECE 6LI;75.00 TL;;;TÜRK?YE;21.12.2025 11:26;60.00
6,00109E+12;6,00109E+12;;ADET;Ean 13;AXE DEO 150ML CIKOLATA;185.00 TL;;;TÜRK?YE;10.04.2025;
6,00109E+12;6,00109E+12;;ADET;Ean 13;AXE DEO 150ML BAY BLACK;185.00 TL;;;TÜRK?YE;10.04.2025;
8,68129E+12;8,68129E+12;;ADET;Ean 13;SENSODYNE NANE FERAHLI?I 75 ML;225.00 TL;;;TÜRK?YE;10.04.2025;
8,69064E+12;8,69064E+12;;ADET;Ean 13;SIGNAL FIRCA BEYAZ GUC ORTA;75.00 TL;;;TÜRK?YE;10.04.2025;
8,70022E+12;8,70022E+12;;ADET;Ean 13;G?LLETTE PROGLIDE 1+4 YEDEK 5 BIÇAKLI;1,195.00 TL;;;TÜRK?YE;10.04.2025;
8,00184E+12;8,00184E+12;;ADET;Ean 13;ORAL-B DIS MACUNU 65 ML GUM;140.00 TL;;;TÜRK?YE;12.04.2025;
8,69078E+12;8,69078E+12;;ADET;Ean 13;GLADE AEROSOL 300 ML OKYANUS;125.00 TL;;;TÜRK?YE;12.04.2025;
8,03138E+12;8,03138E+12;;ADET;Ean 13;MAURYS ODA PARFÜMÜ LAVANTALI;140.00 TL;;;TÜRK?YE;12.04.2025;
8,03138E+12;8,03138E+12;;ADET;Ean 13;MAURYS ODA PARFÜMÜ VAN?LYALI;140.00 TL;;;TÜRK?YE;12.04.2025;
8,69271E+12;8,69271E+12;-1;ADET;Ean 13;EFSANE KUS YEMI S.LACIVERT 250GR;50.00 TL;;;TÜRK?YE;15.04.2025 17:44;40.00
8,68159E+12;8,68159E+12;;ADET;Ean 13;BE?LER DANA DÖNER;195.00 TL;;;TÜRK?YE;13.04.2025;
8,68313E+12;8,68313E+12;;ADET;Ean 13;ALG?DA MAGNUM M?N? 6LI DUBLE Ç?KOLATA KARADUT KARAMEL;325.00 TL;;;TÜRK?YE;2.01.2026 18:58;250.00
8,69053E+12;8,69053E+12;;ADET;Ean 13;BERRAK BIBERIYE TURSUSU 340 GR;120.00 TL;;;TÜRK?YE;6.11.2025 11:47;80.00
8,69056E+12;8,69056E+12;;ADET;Ean 13;D?MES %100 ELMA&VISNE 200 ML;20.00 TL;;;TÜRK?YE;3.07.2026 11:02;15.00
8,69256E+12;8,69256E+12;-2;ADET;Ean 13;UMBA TATALI KURABIYE;75.00 TL;;;TÜRK?YE;16.04.2025;
8,69012E+12;8,69012E+12;;ADET;Ean 13;TORKU KRISTAL TOZ SEKER 3 KG;225.00 TL;;;TÜRK?YE;1.07.2026 09:18;200.00
8,69064E+12;8,69064E+12;;ADET;Ean 13;ALG?DA TWISTER FOREST;15.00 TL;;;TÜRK?YE;17.04.2025;
8,69745E+12;8,69745E+12;;ADET;Ean 13;TOFITA 1802 BUZD.POSETI KUCUK;50.00 TL;;;TÜRK?YE;18.04.2025;
8,69745E+12;8,69745E+12;;ADET;Ean 13;TOFITA 1801 BUZ.POSET ORTA 30LU;50.00 TL;;;TÜRK?YE;18.04.2025;
5,06101E+12;5,06101E+12;;ADET;Ean 13;MONSTERENERJ? ?ÇECE?? 500 ML;90.00 TL;;;TÜRK?YE;7.03.2026 12:09;75.00
8,69079E+12;8,69079E+12;;ADET;Ean 13;MEYSU 1 LT KARISIK;60.00 TL;;;TÜRK?YE;19.02.2026 15:40;55.00
8,68105E+12;8,68105E+12;;ADET;Ean 13;MEYSU 1L PORTAKALLI;60.00 TL;;;TÜRK?YE;19.02.2026 15:40;55.00
8,68105E+12;8,68105E+12;;ADET;Ean 13;MEYSU 1 LT VISNE;60.00 TL;;;TÜRK?YE;19.02.2026 15:40;55.00
8,69079E+12;8,69079E+12;;ADET;Ean 13;MEYSU 1 LT SEFTALI;60.00 TL;;;TÜRK?YE;19.02.2026 15:39;55.00
8,69062E+12;8,69062E+12;;ADET;Ean 13;C?PS  DOR?TOS HOT CORN ACI BIBERLI 103 GR.;60.00 TL;;;TÜRK?YE;23.04.2026 09:27;55.00
8,69783E+12;8,69783E+12;;ADET;Ean 13;POLYTAPE KOLI BANDI 100 MT.;50.00 TL;;;TÜRK?YE;20.04.2025;
8,6905E+12;8,6905E+12;;ADET;Ean 13;ULK 957-6 CAFE CROWN LATTE 16*17GR;160.00 TL;;;TÜRK?YE;22.04.2025;
1,23E+12;1,23E+12;;ADET;Ean 13;FEASTABLES BADEML? 60GR;300.00 TL;;;TÜRK?YE;22.04.2025;
8,00654E+12;8,00654E+12;;ADET;Ean 13;PANTENE PRO V 350 ML;159.00 TL;;;TÜRK?YE;22.04.2025;
8,70022E+12;8,70022E+12;;ADET;Ean 13;PANTENE ONARICI350ML;159.00 TL;;;TÜRK?YE;22.04.2025;
8,68313E+12;8,68313E+12;;ADET;Ean 13;EL?DORAVAKADO ÜZÜM KREM350 ML;145.00 TL;;;TÜRK?YE;2.09.2025 16:43;129.00
8,69054E+12;8,69054E+12;;ADET;Ean 13;MOLPED PURE&SOFT UZUN 7 LI;50.00 TL;;;TÜRK?YE;22.04.2025;
8,69064E+12;8,69064E+12;;ADET;Ean 13;TAT KETCAP 650G+560G MAYONEZ SIKIDOSTLAR;189.00 TL;;;TÜRK?YE;24.04.2025;
7,6222E+12;7,6222E+12;;ADET;Ean 13;KENT JEL?BON Ç?LEK;50.00 TL;;;TÜRK?YE;6.04.2026 17:03;40.00
7,6222E+12;7,6222E+12;-1;ADET;Ean 13;KENT JEL?BON TROP?KAL;50.00 TL;;;TÜRK?YE;6.04.2026 17:03;40.00
7,62221E+12;7,62221E+12;;ADET;Ean 13;KENT JELIBON 90GR EKSI TATLI;50.00 TL;;;TÜRK?YE;6.04.2026 17:03;40.00
4,89261E+12;4,89261E+12;;ADET;Ean 13;ATC KALEM PIL 4 LU;50.00 TL;;;TÜRK?YE;25.04.2025;
8,69752E+12;8,69752E+12;;ADET;Ean 13;L?NK V??NEL?;15.00 TL;;;TÜRK?YE;26.04.2025;
8,69297E+12;8,69297E+12;;ADET;Ean 13;ALPELLA SUT CIKOLATALI 180 ML;15.00 TL;;;TÜRK?YE;26.04.2025;
8,69281E+12;8,69281E+12;;ADET;Ean 13;KIZILAY SODA 6 LI LIMONLU;105.00 TL;;;TÜRK?YE;22.10.2025 18:18;90.00
8,69643E+12;8,69643E+12;-1;ADET;Ean 13;LEZITA DONDURULMUS PROMOSYON KA.;240.00 TL;;;TÜRK?YE;21.06.2025 21:52;199.00
86944465;86944465;;ADET;Ean 8;S?GARA WINSTON SL?MS Q L?NE;130.00 TL;;;TÜRK?YE;4.08.2026 19:14;115.00
8,76954E+12;8,76954E+12;;ADET;Ean 13;S?H?RL? SÜNGER 3 LÜ;60.00 TL;;;TÜRK?YE;29.04.2025;
6,91132E+12;6,91132E+12;;ADET;Ean 13;CHUPA CHUPS PATLAYAN KOLALI;20.00 TL;;;TÜRK?YE;30.04.2025;
8,68158E+12;8,68158E+12;;ADET;Ean 13;BAYADER AL SAM EKMEK 6 LI;21.00 TL;;;TÜRK?YE;30.04.2025;
8,69057E+12;8,69057E+12;;ADET;Ean 13;L?PTON ICE TEA ?EFTAL? 200ML;40.00 TL;;;TÜRK?YE;2.06.2026 13:14;35.00
8,69015E+12;8,69015E+12;;ADET;Ean 13;BEBETO 75GR WACKY STICKS;50.00 TL;;;TÜRK?YE;6.04.2026 16:04;40.00
8,68019E+12;8,68019E+12;;ADET;Ean 13;HALEP EKME??;25.00 TL;;;TÜRK?YE;1.05.2025;
ER?K-MUNZUR 5LT;ER?K-MUNZUR 5LT;-1;ADET;Code 39;ER?KL?-MUNZUR 5LT;70.00 TL;;BARKODSUZ;TÜRK?YE;28.07.2026 09:45;65.00
8,69281E+12;8,69281E+12;;ADET;Ean 13;KIZILAY SADE SODA 200 ML 6LI;75.00 TL;;;TÜRK?YE;1.05.2025;
8,6821E+12;8,6821E+12;;ADET;Ean 13;ULKER ALPELLA HARBY SUTLU 25 GR.;12.50 TL;;;TÜRK?YE;1.05.2025;
8,69062E+12;8,69062E+12;;ADET;Ean 13;C?PS CHEETOSKIVIR KIVIR PEY BAHARAT 70 GR;60.00 TL;;;TÜRK?YE;23.04.2026 09:27;55.00
8,68313E+12;8,68313E+12;-1;ADET;Ean 13;ALG?DA DUBA? ANTEP FISTI?I 100ML;90.00 TL;;;TÜRK?YE;2.01.2026 19:10;75.00
8,68313E+12;8,68313E+12;;ADET;Ean 13;ALG?DA CARTE DOR CHUN K?ES HONEY WALNUT COOK?E ;230.00 TL;132.00;;TÜRK?YE;2.01.2026 19:04;150.00
8,68313E+12;8,68313E+12;;ADET;Ean 13;ALG?DA CHUN K?ES CHOCOLATE BROWN?E;225.00 TL;;;TÜRK?YE;2.01.2026 19:03;160.00
8,68313E+12;8,68313E+12;;ADET;Ean 13;ALG?DA CARTE DOR ?SV?ÇRE KARAMEL MUZLU 1105ML;295.00 TL;;;TÜRK?YE;10.04.2026 10:55;290.00
8,68135E+12;8,68135E+12;;ADET;Ean 13;AV?AR H?B?SKUS;25.00 TL;;;TÜRK?YE;22.07.2026 10:08;20.00
8,69588E+12;8,69588E+12;;ADET;Ean 13;PEYMAN BEH KAJU FIS 175GR;170.00 TL;;;TÜRK?YE;16.06.2025 21:08;150.00
8,69064E+12;8,69064E+12;;ADET;Ean 13;ALG?DA MAGNUM DOUBLE CIKOLATA 100ML;90.00 TL;;;TÜRK?YE;29.04.2026 09:42;85.00
8,68225E+12;8,68225E+12;;ADET;Ean 13;CAKMAK MRY MANYETO BUYUK;30.00 TL;;;TÜRK?YE;6.05.2025;
8,6901E+12;8,6901E+12;;ADET;Ean 13;MARMARA BIRLIK Z.YAGI 500ML SIZMA;275.00 TL;;;TÜRK?YE;6.05.2025;
Kiraz;Kiraz;;ADET;Code 39;K?RAZ;125.00 TL;;;TÜRK?YE;6.05.2025;
Nektari;Nektari;;ADET;Code 39;NEKTAR?;100.00 TL;;;TÜRK?YE;6.05.2025;
8,69E+12;8,69E+12;;ADET;Ean 13;KARTON BARDAK 10 LU;20.00 TL;;;TÜRK?YE;6.05.2025;
8,69053E+12;8,69053E+12;;ADET;Ean 13;ETI KREMALI CILEKLI 77 GR;14.00 TL;;;TÜRK?YE;7.05.2025;
6,92638E+12;6,92638E+12;;ADET;Ean 13;FOX ÇAKMAK;40.00 TL;;;TÜRK?YE;7.05.2025;
8,69122E+12;8,69122E+12;;ADET;Ean 13;HAR?BO ALTIN AYICIK ;35.00 TL;;;TÜRK?YE;7.05.2025;
8,69122E+12;8,69122E+12;;ADET;Ean 13;HAR?BO MARSHMELOV;45.00 TL;;;TÜRK?YE;7.05.2025;
8,69061E+12;8,69061E+12;;ADET;Ean 13;SÜPERFRESH DANA BURGER 500 GR;595.00 TL;;;TÜRK?YE;8.05.2025;
8,69061E+12;8,69061E+12;;ADET;Ean 13;SÜPERFRESFH DANA IZGARA KÖFTE 300 GR;440.00 TL;;;TÜRK?YE;8.05.2025;
8,69061E+12;8,69061E+12;;ADET;Ean 13;SÜPERFRESH DANA TEK?RDA? KÖFTE 300 GR;375.00 TL;;;TÜRK?YE;8.05.2025;
8,6942E+12;8,6942E+12;;ADET;Ean 13;AYPOP PATLAMIS MISIR 90GR*30;45.00 TL;;;TÜRK?YE;6.12.2025 21:59;40.00
8,69164E+12;8,69164E+12;;ADET;Ean 13;F.BIRLIK NUGA 350GR KAKAOLU F.KREMA;129.00 TL;;;TÜRK?YE;9.05.2025;
8,69752E+12;8,69752E+12;;ADET;Ean 13;L?NK Ç?LEK AROMALI ?ÇECEK 310ML;30.00 TL;;;TÜRK?YE;9.05.2025;
8,68256E+12;8,68256E+12;;ADET;Ean 13;FLODEX DREAM GARDEN ISLAK HAVLU 90 LI;30.00 TL;;;TÜRK?YE;9.05.2025;
8,68313E+12;8,68313E+12;;ADET;Ean 13;ALG?DA CLASS?C M?N? PROMOSYONLU;225.00 TL;;;TÜRK?YE;2.01.2026 19:03;165.00
7,61329E+12;7,61329E+12;;ADET;Ean 13;FEL?X KED? MAMASI;40.00 TL;;;TÜRK?YE;23.09.2025 22:19;30.00
8,69938E+12;8,69938E+12;;ADET;Ean 13;ENERGY SIMARIK KUS YEMI 300GR;47.50 TL;;;TÜRK?YE;11.05.2025;
8,682E+12;8,682E+12;;ADET;Ean 13;B&M KALEM PAFUM MEN;25.00 TL;;;TÜRK?YE;11.05.2025;
8,69414E+12;8,69414E+12;;ADET;Ean 13;GUZELPINAR BARDAK LIMONATA 250 ML;15.00 TL;;;TÜRK?YE;17.07.2026 11:48;10.00
8,69998E+12;8,69998E+12;;ADET;Ean 13;MISS LADY COP SIS 50 ADET;25.00 TL;;;TÜRK?YE;11.05.2025;
8,69998E+12;8,69998E+12;;ADET;Ean 13;MISS LADY ADANA SIS 25AD.;40.00 TL;;;TÜRK?YE;11.05.2025;
8,69053E+12;8,69053E+12;;ADET;Ean 13;PINAR AÇ B?T?R DANA 50 GR;79.00 TL;;;TÜRK?YE;17.07.2026 11:49;55.00
8,68086E+12;8,68086E+12;;ADET;Ean 13;YILDIZ MANGAL KOMURU 1KG.;125.00 TL;;;TÜRK?YE;11.05.2025;
8,69054E+12;8,69054E+12;;ADET;Ean 13;BINGO MATIK 1,5KG RENKLI;145.00 TL;;;TÜRK?YE;11.05.2025 20:49;115.00
86947398;86947398;;ADET;Ean 8;S?GARA WINSTON SELENDER Q L?NE;120.00 TL;;;TÜRK?YE;4.08.2026 19:14;105.00
8,68145E+12;8,68145E+12;;ADET;Ean 13;NARCA PATATES 1 KG;150.00 TL;;;TÜRK?YE;13.05.2025;
8,69064E+12;8,69064E+12;;ADET;Ean 13;ALG?DA MAGNUM BEYAZ 100ML;90.00 TL;;;TÜRK?YE;29.04.2026 09:42;85.00
8,69941E+12;8,69941E+12;;ADET;Ean 13;SERA BUZDOLABI POSETI 4 AL 3 ODE;99.00 TL;;;TÜRK?YE;16.05.2025;
8,69063E+12;8,69063E+12;;ADET;Ean 13;NESCAFE ICE Ç?KOLATALI 10.6GR;20.00 TL;;;TÜRK?YE;7.11.2025 11:11;Ara.50
8,68183E+12;8,68183E+12;;ADET;Ean 13;LINKAGE USB KABLO SAMSUNG 2A;100.00 TL;;;TÜRK?YE;16.05.2025;
8,68367E+12;8,68367E+12;;ADET;Ean 13;LUCATECH LK226 TYPE C;100.00 TL;;;TÜRK?YE;16.05.2025;
8,68367E+12;8,68367E+12;;ADET;Ean 13;LUCATECH LK222 HIZLI ?ARJ;100.00 TL;;;TÜRK?YE;16.05.2025;
8,69053E+12;8,69053E+12;;ADET;Ean 13;ET? HO?BE? GOFRET Ç?LEKL?;20.00 TL;;;TÜRK?YE;17.05.2025;
8,69053E+12;8,69053E+12;;ADET;Ean 13;ET? GONG POPS BAL VE HARDAL AROMA 80G;60.00 TL;;;TÜRK?YE;25.11.2025 12:41;40.00
8,68209E+12;8,68209E+12;;ADET;Ean 13;CECE YUMURTA SURPRIZ;30.00 TL;;;TÜRK?YE;18.05.2025 22:41;25.00
8,60601E+12;8,60601E+12;;ADET;Ean 13;FAST REVOLUTION;70.00 TL;;;TÜRK?YE;18.05.2025;
8,6905E+12;8,6905E+12;;ADET;Ean 13;ICIM 4101-8 SUT 1/5 UHT;15.00 TL;;;TÜRK?YE;19.05.2025;
8,6905E+12;8,6905E+12;;ADET;Ean 13;ÜLKER DANKEK ?KRAML?K MEK?K 135 GR;55.00 TL;;;TÜRK?YE;25.11.2025 13:05;50.00
6,91132E+12;6,91132E+12;;ADET;Ean 13;CHUPA CHUPS CRAZY DIPS;20.00 TL;;;TÜRK?YE;21.05.2025;
3,57467E+12;3,57467E+12;;ADET;Ean 13;JOHNSONS BEBEK YAGI 300 ML ALO VERA;180.00 TL;;;TÜRK?YE;21.05.2025;
8,6837E+12;8,6837E+12;;ADET;Ean 13;QREFLECTIVE ;85.00 TL;;;TÜRK?YE;21.05.2025;
8,69324E+12;8,69324E+12;;ADET;Ean 13;OKEY PREZERVATIF KLASIK 20 LI(10*) (1*);300.00 TL;;;TÜRK?YE;21.05.2025;
15000033;15000033;;ADET;Ean 8;ULUDA? PORTAKALLI 330;50.00 TL;;;TÜRK?YE;31.10.2025 11:26;45.00
15000040;15000040;;ADET;Ean 8;ULUDA? SADE GAZOZ330;50.00 TL;;;TÜRK?YE;31.10.2025 11:26;45.00
8,68019E+12;8,68019E+12;;ADET;Ean 13;R?T?M BARDAK L?MONATA;10.00 TL;;;TÜRK?YE;25.05.2025;
5,41315E+12;5,41315E+12;;ADET;Ean 13;ALO KAR CICEGI 1500 GR;140.00 TL;;;TÜRK?YE;25.05.2025;
8,69053E+12;8,69053E+12;;ADET;Ean 13;ETI LIFALIF 350GR YULAF EZMESI;100.00 TL;;;TÜRK?YE;19.01.2026 22:56;80.00
8,68159E+12;8,68159E+12;;ADET;Ean 13;BE?LER P?L?Ç DÖNER 500 GR;195.00 TL;;;TÜRK?YE;26.05.2025;
8,711E+12;8,711E+12;;ADET;Ean 13;JAKOBS ICE PRESSO;60.00 TL;;;TÜRK?YE;27.05.2025;
8,711E+12;8,711E+12;;ADET;Ean 13;JAKOBS ICE LATTE;60.00 TL;;;TÜRK?YE;27.05.2025;
8,68313E+12;8,68313E+12;;ADET;Ean 13;CHUN KIES ;160.00 TL;;;TÜRK?YE;29.05.2025;
8,69057E+12;8,69057E+12;;ADET;Ean 13;L?PTON 200 ML;40.00 TL;;;TÜRK?YE;2.06.2026 13:05;35.00
8,6905E+12;8,6905E+12;;ADET;Ean 13;ÜLKER Ç?Z? ZEYT?NYA?LI VE KEK?KL;20.00 TL;;;TÜRK?YE;18.06.2025 13:58;Ara.50
8,69052E+12;8,69052E+12;;ADET;Ean 13;BY.KENT 375GR ASSORTMENT KAR.SEKER;125.00 TL;;;TÜRK?YE;31.05.2025;
8,69432E+12;8,69432E+12;;ADET;Ean 13;TETIK CAMSIL 500 ML SPREY;65.00 TL;;;TÜRK?YE;31.05.2025;
8,68121E+12;8,68121E+12;;ADET;Ean 13;SLEEPY I.HAVLI 90LI GUL;60.00 TL;;;TÜRK?YE;6.07.2026 14:09;45.00
8,68121E+12;8,68121E+12;-1;ADET;Ean 13;SLEEPY I.HAVLU 90LI Z.YAGLI;60.00 TL;;;TÜRK?YE;6.07.2026 14:09;50.00
8,68121E+12;8,68121E+12;-2;ADET;Ean 13;SLEEPY I.HAVLU 90LI SENSTIVE;60.00 TL;;;TÜRK?YE;6.07.2026 14:09;45.00
8,68189E+12;8,68189E+12;;ADET;Ean 13;BADO PETS CLEAN PUDRA KOKULU KEDI KUMU 5KG;120.00 TL;;;TÜRK?YE;1.06.2025;
8,69054E+12;8,69054E+12;;ADET;Ean 13;B?NGO  4LT;245.00 TL;;;TÜRK?YE;1.06.2025;
86947947;86947947;;ADET;Ean 8;V?V?DENT AHUDUDU-Ç?LEK SAKIZ;60.00 TL;;;TÜRK?YE;4.06.2025;
86947930;86947930;;ADET;Ean 8;V?V?DENT MANGO L?MONATA;60.00 TL;;;TÜRK?YE;4.06.2025;
8,69798E+12;8,69798E+12;;ADET;Ean 13;CAFFEO KAHVE FILTRE KAGIDI 80 ADET;150.00 TL;;;TÜRK?YE;5.06.2025;
8,69053E+12;8,69053E+12;;ADET;Ean 13;SELPAK 8 RULO;225.00 TL;;;TÜRK?YE;7.06.2025;
8,69913E+12;8,69913E+12;;ADET;Ean 13;SULTAN SU 1.5L;25.00 TL;;;TÜRK?YE;8.06.2025;
8,69944E+12;8,69944E+12;-1;ADET;Ean 13;YUMSAN YUMURTA L 30LU BEYAZ;195.00 TL;;;TÜRK?YE;8.06.2025;
8,68079E+12;8,68079E+12;;ADET;Ean 13;ÜNLÜ TUR?U 200 GR BIBER;55.00 TL;;;TÜRK?YE;8.06.2025;
4,04623E+12;4,04623E+12;;ADET;Ean 13;TCHIBO 100 GR TURK KAHVESI;85.00 TL;;;TÜRK?YE;8.06.2025;
8,711E+12;8,711E+12;;ADET;Ean 13;JACOBS CRONAT GOLD KAHVE 100 GR;395.00 TL;;;TÜRK?YE;8.06.2025;
8,69077E+12;8,69077E+12;-1;ADET;Ean 13;SÜTA? SÜT LAKTOZSUZ 1 LT;70.00 TL;;;TÜRK?YE;29.04.2026 10:08;60.00
8,69157E+12;8,69157E+12;;ADET;Ean 13;BURCU HAS NOHUT CAM KAV 600 GR*12;75.00 TL;;;TÜRK?YE;12.06.2025 16:28;55.00
8,69157E+12;8,69157E+12;;ADET;Ean 13;BURCU BUFE KETCAP TATLI 700GR;80.00 TL;;;TÜRK?YE;1.07.2026 18:30;60.00
8,69157E+12;8,69157E+12;;ADET;Ean 13;BURCU MAYONEZ 550 GR;100.00 TL;;;TÜRK?YE;1.07.2026 18:30;69.00
8,69061E+12;8,69061E+12;;ADET;Ean 13;S.FRESH D.PATATES 1000GR;230.00 TL;;;TÜRK?YE;11.06.2025;
5,449E+12;5,449E+12;;ADET;Ean 13;?THAL FANTA L?MON 330ML;225.00 TL;165.00;;TÜRK?YE;11.06.2025;
5,00011E+12;5,00011E+12;;ADET;Ean 13;FANTA ANANAS ?THAL 330ML;225.00 TL;175.00;;TÜRK?YE;11.06.2025;
7,8949E+12;7,8949E+12;;ADET;Ean 13;FANTA GUARANA ?THAL 330ML;225.00 TL;125.00;;TÜRK?YE;11.06.2025;
5,05399E+12;5,05399E+12;;ADET;Ean 13;PRINGLES 40GR SOGANLI;199.00 TL;100.00;;TÜRK?YE;11.06.2025;
5,05399E+12;5,05399E+12;;ADET;Ean 13;PR?NGLES BARBEKÜ;199.00 TL;;;TÜRK?YE;11.06.2025;
5,05399E+12;5,05399E+12;;ADET;Ean 13;PR?NGLES ACI 40G;199.00 TL;;;TÜRK?YE;11.06.2025;
8,0005E+12;8,0005E+12;;ADET;Ean 13;HANUTA 220 GR GOFRET 10 LU;350.00 TL;150.00;;TÜRK?YE;11.06.2025;
8,4126E+12;8,4126E+12;;ADET;Ean 13;TAK?S BLUE HEAT KÜÇÜK;250.00 TL;150.00;;TÜRK?YE;11.06.2025;
8,437E+12;8,437E+12;;ADET;Ean 13;?THAL BRA?N L?CKER SIKILAB?L?R ?EKER;275.00 TL;175.00;;TÜRK?YE;11.06.2025;
5,06005E+12;5,06005E+12;;ADET;Ean 13;?THAL TOX?C EK?? ?EKER;175.00 TL;120.00;;TÜRK?YE;11.06.2025;
8,80107E+12;8,80107E+12;-1;ADET;Ean 13;?THAL BULDAK RAMEN KIRMIZI;250.00 TL;150.00;;TÜRK?YE;11.06.2025;
8,80107E+12;8,80107E+12;;ADET;Ean 13;?THAL BULDAK RAMEN PEMBE ;250.00 TL;150.00;;TÜRK?YE;11.06.2025;
8,80107E+12;8,80107E+12;;ADET;Ean 13;?THAL BULDAK PEMBE BEYAZ PEMBE;250.00 TL;150.00;;TÜRK?YE;11.06.2025;
6,93527E+12;6,93527E+12;;ADET;Ean 13;?THAL BULDAK2 S?YAH;250.00 TL;110.00;;TÜRK?YE;11.06.2025;
8,80107E+12;8,80107E+12;;ADET;Ean 13;?THAL BULDAK2 RAMEN S?YAH KIRMIZI;250.00 TL;110.00;;TÜRK?YE;25.12.2025 18:45;295.00
6,93527E+12;6,93527E+12;;ADET;Ean 13;?THAL BULDAK2 RAMEN SARI;250.00 TL;110.00;;TÜRK?YE;11.06.2025 18:02;220.00
8,68151E+12;8,68151E+12;;ADET;Ean 13;C?PS PATOSNACHOS195 GR;80.00 TL;49.00;;TÜRK?YE;6.05.2026 22:31;75.00
8,68151E+12;8,68151E+12;;ADET;Ean 13;C?PS PATOS ORIGINAL 160 GR;80.00 TL;49.00;;TÜRK?YE;6.05.2026 22:31;75.00
8,68151E+12;8,68151E+12;-1;ADET;Ean 13;C?PS PATOS 195 GRTACO BAHARATLI;80.00 TL;49.00;;TÜRK?YE;6.05.2026 22:31;75.00
8,68151E+12;8,68151E+12;;ADET;Ean 13;C?PS PATOS PEYN?R SO?AN 160 GR;80.00 TL;49.00;;TÜRK?YE;6.05.2026 22:31;75.00
8,69072E+12;8,69072E+12;;ADET;Ean 13;DOGUS BLACK LABEL 48 POSET X;119.00 TL;61.00;;TÜRK?YE;12.06.2025;
7,6222E+12;7,6222E+12;-2;ADET;Ean 13;F?RST SENSATIONS BÖ?ÜRTLEN 27 GR;60.00 TL;25.00;;TÜRK?YE;11.06.2026 14:37;50.00
7,6222E+12;7,6222E+12;-1;ADET;Ean 13;F?RST SENSATIONS COOL L?ME27 GR;60.00 TL;25.00;;TÜRK?YE;11.06.2026 14:37;50.00
8,69064E+12;8,69064E+12;;ADET;Ean 13;TAT FASULYE PILAKI 400 GR;95.00 TL;;;TÜRK?YE;15.06.2025 17:59;75.00
8,68313E+12;8,68313E+12;;ADET;Ean 13;ALG?DA MAGNUM M?N? BADEML?;325.00 TL;;;TÜRK?YE;2.01.2026 18:58;250.00
86944052;86944052;;ADET;Ean 8;S?GARA MARLBORO EDGE SL?MS;120.00 TL;;;TÜRK?YE;6.08.2026 09:12;110.00
8,68456E+12;8,68456E+12;;ADET;Ean 13;ATAY PREM?UM MANTAR;150.00 TL;85.00;;TÜRK?YE;12.01.2026 17:14;115.00
8,69011E+12;8,69011E+12;;ADET;Ean 13;ÇAYKUR ALTINBAS KLASIK BARDAK 20SUZEN;95.00 TL;31.00;;TÜRK?YE;21.07.2026 16:05;75.00
8,68399E+12;8,68399E+12;;ADET;Ean 13;HJAKNAZ K?L?S S?YAH ÜZÜM 500GR;300.00 TL;160.00;;TÜRK?YE;13.06.2025;
8,68175E+12;8,68175E+12;;ADET;Ean 13;HAKNAZ Ç?? BADEM 500 GR;490.00 TL;375.00;;TÜRK?YE;13.06.2025;
8,68175E+12;8,68175E+12;;ADET;Ean 13;HAKNAZ FINDIK ?Ç?;750.00 TL;420.00;;TÜRK?YE;19.12.2025 10:14;550.00
8,68175E+12;8,68175E+12;-1;ADET;Ean 13;HAKNAZ LÜKS KOKTEYL 500 GR;600.00 TL;305.00;;TÜRK?YE;19.12.2025 10:13;445.00
8,68399E+12;8,68399E+12;;ADET;Ean 13;HAKNAZ ÖZEL L?KS KOKTEYL 500GR;750.00 TL;415.00;;TÜRK?YE;19.12.2025 10:13;545.00
8,68175E+12;8,68175E+12;;ADET;Ean 13;HAKNAZ KABAK ÇEK?RDE?? 500;275.00 TL;;;TÜRK?YE;13.06.2025;
8,68079E+12;8,68079E+12;;ADET;Ean 13;UNLU TURSU 200 GR KARISIK;55.00 TL;;;TÜRK?YE;13.06.2025;
8,68313E+12;8,68313E+12;-1;ADET;Ean 13;ALG?DA MAGNUM M?N? CLASS?C BADEM BEYAZ;325.00 TL;;;TÜRK?YE;2.01.2026 18:58;250.00
8,69741E+12;8,69741E+12;;ADET;Ean 13;FUJIKA 4 LU KALEM PIL;50.00 TL;;;TÜRK?YE;14.06.2025;
8,69056E+12;8,69056E+12;;ADET;Ean 13;DIMES MILK SHAKE CIKOLATALI 310 ML.;60.00 TL;;;TÜRK?YE;14.06.2025;
8,69057E+12;8,69057E+12;;ADET;Ean 13;L?PTON ICE TEA Ç?LEK A?KI;40.00 TL;;;TÜRK?YE;2.06.2026 13:16;35.00
8,69745E+12;8,69745E+12;;ADET;Ean 13;SELALE 1 KG MANGAL KOMURU;125.00 TL;;;TÜRK?YE;14.06.2025;
8,69932E+12;8,69932E+12;;ADET;Ean 13;BUZY CUBBES;35.00 TL;;;TÜRK?YE;14.06.2025;
8,68321E+12;8,68321E+12;;ADET;Ean 13;AQUA 40 RULO TUVALET KA?IDI;300.00 TL;;;TÜRK?YE;15.06.2025;
8,69938E+12;8,69938E+12;;ADET;Ean 13;MUHABBET KUS YEMI 300GR;47.50 TL;;;TÜRK?YE;15.06.2025;
8,00148E+12;8,00148E+12;;ADET;Ean 13;ACE 1 LT BAHAR;69.00 TL;;;TÜRK?YE;15.06.2025;
8,69074E+12;8,69074E+12;;ADET;Ean 13;CANPED M KÜLOT;215.00 TL;;;TÜRK?YE;15.06.2025;
8,69074E+12;8,69074E+12;;ADET;Ean 13;CANPED XL KÜLOT;215.00 TL;;;TÜRK?YE;15.06.2025;
8,68341E+12;8,68341E+12;;ADET;Ean 13;PAP?L?ON SIVI SABUN;140.00 TL;;;TÜRK?YE;7.12.2025 16:46;120.00
8,69015E+12;8,69015E+12;;ADET;Ean 13;BEBETO COOLBEANS 30 GR FRUIT MIX;25.00 TL;;;TÜRK?YE;16.06.2025;
8,69015E+12;8,69015E+12;;ADET;Ean 13;BEBETO BERRY MIX;25.00 TL;;;TÜRK?YE;16.06.2025;
8,69015E+12;8,69015E+12;;ADET;Ean 13;BEBETO SUPER BELT FIZZY CH?CKEN;50.00 TL;;;TÜRK?YE;16.06.2025;
8,69015E+12;8,69015E+12;-2;ADET;Ean 13;BEBETO SUPER BELT L?MONATALI;50.00 TL;;;TÜRK?YE;16.06.2025;
8,69015E+12;8,69015E+12;;ADET;Ean 13;BEBETO SUPER BELT PORTAKALLI;50.00 TL;;;TÜRK?YE;16.06.2025;
8,69015E+12;8,69015E+12;;ADET;Ean 13;BEBETO SUPER BELT KARPUZLU;50.00 TL;;;TÜRK?YE;16.06.2025;
8,69588E+12;8,69588E+12;;ADET;Ean 13;PEYMAN NUTZZ POPCORN YERFIST.&BADEM.95 GR;45.00 TL;;;TÜRK?YE;16.06.2025 21:17;40.00
8,69588E+12;8,69588E+12;;ADET;Ean 13;PEYMAN NUTZZ POP CORN TUZLU KARAMEL;45.00 TL;;;TÜRK?YE;16.06.2025 21:17;40.00
8,68313E+12;8,68313E+12;;ADET;Ean 13;ALG?DA CARTE DOR ANTEP FISTI?I - MADAGASKAR - ALG?DA;275.00 TL;;;TÜRK?YE;10.04.2026 10:56;265.00
8,69775E+12;8,69775E+12;;ADET;Ean 13;MANSUR DAKOTA ÇEK?RDEK TUZSUZ 300G;75.00 TL;45.00;;TÜRK?YE;17.06.2025;
8,6905E+12;8,6905E+12;;ADET;Ean 13;ULKER 772 BESLER KAKAOLU 38 GR;25.00 TL;;;TÜRK?YE;17.06.2025;
8,6905E+12;8,6905E+12;;ADET;Ean 13;ÜLKER Ç?Z? ÇITIR ATI?TIRMALIK B?FTEKL? BÜYÜK BOY;45.00 TL;;;TÜRK?YE;7.02.2026 21:43;50.00
8,69011E+12;8,69011E+12;;ADET;Ean 13;D?D? ?EFTAL? 250 ML;35.00 TL;13.00;;TÜRK?YE;29.08.2025 11:12;30.00
8,69011E+12;8,69011E+12;;ADET;Ean 13;D?D? Ç?LEK AROMALI 250 ML;35.00 TL;13.00;;TÜRK?YE;29.08.2025 11:12;30.00
8,69061E+12;8,69061E+12;;ADET;Ean 13;SÜPERFRESH ÇITIR S?M?T;75.00 TL;40.00;;TÜRK?YE;18.06.2025;
8,68151E+12;8,68151E+12;;ADET;Ean 13;CHIPS MASTER SO?ANLI90 GR;60.00 TL;38.00;;TÜRK?YE;19.06.2025;
8,68151E+12;8,68151E+12;;ADET;Ean 13;CHIPS MASTER ORIGINAL 90 GR;60.00 TL;38.00;;TÜRK?YE;19.06.2025;
8,69765E+12;8,69765E+12;;ADET;Ean 13;DAMAKBAHÇE 100 GR DAKOTA 1;30.00 TL;15.00;;TÜRK?YE;19.06.2025;
8,69183E+12;8,69183E+12;;ADET;Ean 13;DAMAK BAHÇE 250 GR LÜKS TABAK;150.00 TL;110.00;;TÜRK?YE;19.06.2025;
8,69975E+12;8,69975E+12;;ADET;Ean 13;DAMAK BAHÇE 250 GR DAKOTA;60.00 TL;40.00;;TÜRK?YE;19.06.2025;
8,69659E+12;8,69659E+12;;ADET;Ean 13;DAMAKBAHÇE ANTEPFISTI?I 122 GR;160.00 TL;;;TÜRK?YE;19.06.2025;
8,69875E+12;8,69875E+12;;ADET;Ean 13;DAMAKBAHÇE LÜKS KARI?IK 122 GR;140.00 TL;;;TÜRK?YE;19.06.2025;
8,69386E+12;8,69386E+12;;ADET;Ean 13;FRE?A BUBBLE GUM;30.00 TL;14.00;;TÜRK?YE;21.06.2025 13:39;300.00
8,69254E+12;8,69254E+12;;ADET;Ean 13;LOLIPOP LU PATLAYAN SEKER;15.00 TL;Tem.50;;TÜRK?YE;21.06.2025;
8,69988E+12;8,69988E+12;-1;ADET;Ean 13;BUZDA?I 1LT;25.00 TL;;;TÜRK?YE;21.06.2025;
8,68372E+12;8,68372E+12;;ADET;Ean 13;MASTER POTATO;115.00 TL;;;TÜRK?YE;4.03.2026 11:43;100.00
8,69256E+12;8,69256E+12;;ADET;Ean 13;AKTURK GOFRET KUTU ;150.00 TL;;;TÜRK?YE;21.06.2025;
8,68372E+12;8,68372E+12;-1;ADET;Ean 13;MASTER POTATO160 GR;115.00 TL;;;TÜRK?YE;4.03.2026 11:43;100.00
8,69998E+12;8,69998E+12;;ADET;Ean 13;MISS LADY KORUKLU PIPET 200LU;100.00 TL;30.00;;TÜRK?YE;21.06.2025;
8,69062E+12;8,69062E+12;;ADET;Ean 13;CHEETOS PEYN?R 75 GR;35.00 TL;;;TÜRK?YE;21.06.2025;
86949040;86949040;;ADET;Ean 8;ULUDAG GAZOZ 1,5 LT;75.00 TL;;;TÜRK?YE;28.03.2026 00:59;70.00
8,68187E+12;8,68187E+12;;ADET;Ean 13;FER ÇAKMAK;20.00 TL;;;TÜRK?YE;22.06.2025;
8,68448E+12;8,68448E+12;;ADET;Ean 13;FRU?T PACK 200 ML;20.00 TL;Tem.20;;TÜRK?YE;23.06.2025;
8,68448E+12;8,68448E+12;;ADET;Ean 13;FRU?T PACK ORMAN MEYVEL? 200 ML;20.00 TL;Tem.20;;TÜRK?YE;23.06.2025;
8,68351E+12;8,68351E+12;;ADET;Ean 13;ÜLKER Ç?KOLATALI ÇOK ÇITIRLI 100 GR;70.00 TL;;;TÜRK?YE;20.12.2025 11:40;60.00
8,68351E+12;8,68351E+12;;ADET;Ean 13;ÇOKONAT MAX?45 GR;30.00 TL;22.00;;TÜRK?YE;23.06.2025;
8,6905E+12;8,6905E+12;;ADET;Ean 13;HANIMELLER Ç?KOLATALI KURAB?YE 89 GR;35.00 TL;24.00;;TÜRK?YE;23.06.2025;
8,6905E+12;8,6905E+12;;ADET;Ean 13;ÜLKER 8 KEK ORMAN PO?ET 162 GR;60.00 TL;35.00;;TÜRK?YE;28.10.2025 12:56;47.50
8,69053E+12;8,69053E+12;;ADET;Ean 13;ETI ALASKA FIRIGO BITTER 60 GR;65.00 TL;32.00;;TÜRK?YE;4.05.2026 18:06;40.00
8,69053E+12;8,69053E+12;;ADET;Ean 13;ETI ALASKA FIRIGO SUTLU 60 GR;65.00 TL;32.00;;TÜRK?YE;4.05.2026 18:06;50.00
8,69588E+12;8,69588E+12;;ADET;Ean 13;PEYMAN NUTZZ MEVS?M YE??LL?KL? 85 GR;45.00 TL;28.00;;TÜRK?YE;23.06.2025;
8,68295E+12;8,68295E+12;-1;ADET;Ean 13;NARÇ?ÇE?? NAR EK??S? 500 GR;90.00 TL;60.00;;TÜRK?YE;23.06.2025;
5,449E+12;5,449E+12;;ADET;Ean 13;FUSE TEA 200ML KARPUZ;40.00 TL;12.00;;TÜRK?YE;2.06.2026 12:29;35.00
8,69072E+12;8,69072E+12;;ADET;Ean 13;ULUDAG FRUTTI LIMONLU 6X200ML;120.00 TL;;;TÜRK?YE;28.03.2026 00:55;100.00
8,68313E+12;8,68313E+12;;ADET;Ean 13;ALG?DA CARTE DOR BAL BADEM VAN?YA KARAMEL;275.00 TL;;;TÜRK?YE;10.04.2026 10:55;265.00
8,69106E+12;8,69106E+12;;ADET;Ean 13;SODA SIRMA KARADUTLU;20.00 TL;;;TÜRK?YE;14.12.2025 22:52;17.50
8,68151E+12;8,68151E+12;;ADET;Ean 13;PATOS ACI;80.00 TL;;;TÜRK?YE;8.05.2026 09:21;75.00
8,68151E+12;8,68151E+12;;ADET;Ean 13;PATOS ROLLS ACI KIRMIZI;60.00 TL;;;TÜRK?YE;25.04.2026 23:07;55.00
8,68151E+12;8,68151E+12;;ADET;Ean 13;PATOS ACI BAHARAT AROMALI;60.00 TL;;;TÜRK?YE;25.04.2026 23:07;55.00
8,69053E+12;8,69053E+12;-1;ADET;Ean 13;ET? GONG SÜT MISIR VE ACILI;20.00 TL;;;TÜRK?YE;25.11.2025 12:41;15.00
8,68313E+12;8,68313E+12;;ADET;Ean 13;ALG?DA CARTE DOT B?TTER-BEYAZ-?SV?ÇRE;275.00 TL;;;TÜRK?YE;10.04.2026 10:56;265.00
8,68313E+12;8,68313E+12;-1;ADET;Ean 13;ALG?DA CARTE DOR V??NE-MADAGASCAR-B?TTER;275.00 TL;;;TÜRK?YE;10.04.2026 10:56;265.00
8,68313E+12;8,68313E+12;-1;ADET;Ean 13;ALG?DA MARA? USULÜ BOL KAYMAKLI ;225.00 TL;;;TÜRK?YE;2.01.2026 19:03;165.00
8,68313E+12;8,68313E+12;;ADET;Ean 13;ALG?DA MARA? USULÜ Ç?FTE DÖVÜLMÜ?;225.00 TL;;;TÜRK?YE;2.01.2026 19:03;165.00
8,68151E+12;8,68151E+12;-3;ADET;Ean 13;PATOS ACILI BAHARAT;80.00 TL;;;TÜRK?YE;8.05.2026 09:22;75.00
8,69056E+12;8,69056E+12;;ADET;Ean 13;OBSESSO LATTE;70.00 TL;;;TÜRK?YE;5.03.2026 10:04;65.00
8,68175E+12;8,68175E+12;;ADET;Ean 13;TAZECIK KURU UZUM 150GR;75.00 TL;;;TÜRK?YE;29.06.2025;
8,68175E+12;8,68175E+12;;ADET;Ean 13;HAKNAZ 300 GR KURU UZUM;130.00 TL;;;TÜRK?YE;29.06.2025;
8,68399E+12;8,68399E+12;;ADET;Ean 13;TAZEC?K FINDIK;150.00 TL;;;TÜRK?YE;29.06.2025;
8,68482E+12;8,68482E+12;;ADET;Ean 13;KARA KURU ?NC?R 200GR;90.00 TL;;;TÜRK?YE;29.06.2025;
3,01423E+12;3,01423E+12;;ADET;Ean 13;BRUT EDT + DEO 100 ML MUSK BAY;550.00 TL;300.00;;TÜRK?YE;30.06.2025;
8,71764E+12;8,71764E+12;;ADET;Ean 13;BRUT EDT FORMEN ALASKA 100 ML*1-ADET;550.00 TL;300.00;;TÜRK?YE;30.06.2025;
8,69053E+12;8,69053E+12;;ADET;Ean 13;DETAN SINEK KIRAN KOKUSUZ 275 ML;285.00 TL;150.00;;TÜRK?YE;30.06.2025;
8,69053E+12;8,69053E+12;;ADET;Ean 13;DETAN KOPUK KAKUSUZ 275 ML;285.00 TL;150.00;;TÜRK?YE;30.06.2025;
8,69281E+12;8,69281E+12;;ADET;Ean 13;SODA KIZILAY L?MONLU;25.00 TL;;;TÜRK?YE;12.08.2026 17:01;17.50
8,69914E+12;8,69914E+12;;ADET;Ean 13;LUPPO LUP LUP V??NEL? KEK ISLAK KEK 40 GR;15.00 TL;8.00;;TÜRK?YE;29.01.2026 14:14;Ara.50
8,68201E+12;8,68201E+12;;ADET;Ean 13;SM?LE FLOWERS 120 L?;40.00 TL;18.00;;TÜRK?YE;3.07.2025;
8,68129E+12;8,68129E+12;;ADET;Ean 13;PARODONTAX BEYAZLATICI 75 GR;300.00 TL;;;;3.07.2025;
8,68231E+12;8,68231E+12;;ADET;Ean 13;OYUNCAK TABANCA;150.00 TL;;;TÜRK?YE;8.03.2026 21:39;100.00
8,68151E+12;8,68151E+12;;ADET;Ean 13;C?PSO;80.00 TL;;;TÜRK?YE;6.05.2026 22:31;75.00
4,65989E+11;4,65989E+12;;ADET;Ean 13;ÜLKER HALLEY ORJ?NAL;95.00 TL;;;TÜRK?YE;12.01.2026 10:19;85.00
8,684E+12;8,684E+12;;ADET;Ean 13;COSBY I?IKLI PENGUEN;100.00 TL;70.00;;TÜRK?YE;7.07.2025;
8,68148E+12;8,68148E+12;;ADET;Ean 13;DOREM? CANDYDRAGON;75.00 TL;50.00;;TÜRK?YE;7.07.2025;
8,684E+12;8,684E+12;;ADET;Ean 13;COSBY  ?? MAK?NALARI;100.00 TL;70.00;;TÜRK?YE;7.07.2025;
8,68224E+12;8,68224E+12;;ADET;Ean 13;SLEEPY K?RAZ Ç?ÇE??;125.00 TL;68.00;;TÜRK?YE;8.08.2025 14:20;115.00
8,68078E+12;8,68078E+12;;ADET;Ean 13;CIPS PATOS BAHARATLI 167 GR;60.00 TL;;;TÜRK?YE;7.07.2025;
8,69057E+12;8,69057E+12;;ADET;Ean 13;PINAR CILEKLI SUT 180 ML;20.00 TL;;;TÜRK?YE;17.07.2026 11:48;15.00
8,69056E+12;8,69056E+12;;ADET;Ean 13;FEEL MORE POMAGRANATE 250ML*12;75.00 TL;;;TÜRK?YE;2.04.2026 17:14;60.00
8,69018E+12;8,69018E+12;;ADET;Ean 13;BE?LER KANGAL SUCUK FRMT. %100 220 GR.;220.00 TL;;;TÜRK?YE;8.07.2025;
8,6905E+12;8,6905E+12;;ADET;Ean 13;CAFE CROWN 2SI 1 FINDIKLI 11 GR;15.00 TL;;;TÜRK?YE;6.12.2025 21:55;Ara.50
8,69297E+12;8,69297E+12;;ADET;Ean 13;ICE BREAK LATTE 375 ML;70.00 TL;31.00;;TÜRK?YE;8.03.2026 21:38;65.00
8,69297E+12;8,69297E+12;;ADET;Ean 13;ICE BREAK ?EKERS?Z LATTE 375 ML;70.00 TL;31.00;;TÜRK?YE;8.03.2026 21:38;65.00
8,69297E+12;8,69297E+12;;ADET;Ean 13;ICE BREAK VAN?LYALI LATTE 375 ML;70.00 TL;31.00;;TÜRK?YE;8.03.2026 21:38;65.00
8,69297E+12;8,69297E+12;-11;ADET;Ean 13;ICE BREAK MOCHA 375 ML;70.00 TL;31.00;;TÜRK?YE;8.03.2026 21:38;65.00
8,69336E+12;8,69336E+12;;ADET;Ean 13;P.BAHCE 42011 CAY BARD.12 LI;210.00 TL;;;TÜRK?YE;11.07.2025;
8,6974E+12;8,6974E+12;-1;ADET;Ean 13;KOMILI YUVAM  PECETE 200 ADET;50.00 TL;;;TÜRK?YE;11.07.2025;
90474996;90474996;;ADET;Ean 8;REDBULL P?NK 250 ML;85.00 TL;44.00;;TÜRK?YE;4.05.2026 13:07;70.00
90456107;90456107;-4;ADET;Ean 8;REDBULL ?EKERS?Z 250 ML;85.00 TL;44.00;;TÜRK?YE;4.05.2026 13:07;70.00
90456114;90456114;;ADET;Ean 8;REDBULL YABAN MERS?N?  250 ML;85.00 TL;44.00;;TÜRK?YE;4.05.2026 13:07;70.00
8,69056E+12;8,69056E+12;;ADET;Ean 13;D?MES PORTAKAL 1 LT PET;70.00 TL;35.00;;TÜRK?YE;19.02.2026 15:18;55.00
8,69743E+12;8,69743E+12;;ADET;Ean 13;ARBELLA MAKARNA 500GR BURGU;25.00 TL;15.50;;TÜRK?YE;11.07.2025;
8,69743E+12;8,69743E+12;;ADET;Ean 13;ARBELLA MAKARNA 500GR FIYONK;25.00 TL;15.50;;TÜRK?YE;11.07.2025;
8,69743E+12;8,69743E+12;;ADET;Ean 13;ARBELLA YUKSUK MAKARNA 500GR;25.00 TL;15.50;;TÜRK?YE;11.07.2025;
8,69743E+12;8,69743E+12;;ADET;Ean 13;ARBELLA MAKARNA CUBUK 500 GR;25.00 TL;15.50;;TÜRK?YE;11.07.2025;
1,50014E+12;1,50014E+12;;ADET;Ean 13;ULUDA? PORTAKALLI GAZOZ AZ ?AKERL? 330 ML;50.00 TL;;;TÜRK?YE;31.10.2025 11:26;45.00
8,69033E+12;8,69033E+12;;ADET;Ean 13;GA GOZ 250 ML;25.00 TL;13.00;;TÜRK?YE;11.07.2025;
86949033;86949033;;ADET;Ean 8;ULUDA? PORTAKALLI GAZOZ 1.5 LT;75.00 TL;;;TÜRK?YE;28.03.2026 00:58;70.00
8,69064E+12;8,69064E+12;;ADET;Ean 13;OMO MATIK 5.5KG ACTIVE FRESH;399.00 TL;;;TÜRK?YE;13.07.2025;
8,69064E+12;8,69064E+12;-1;ADET;Ean 13;OMO MATIK 7.5 KG ACTIVE BEYAZLAR RENKLILER;475.00 TL;;;TÜRK?YE;13.07.2025;
8,69054E+12;8,69054E+12;;ADET;Ean 13;BINGO MATIK 6 KG RENKLI BEYAZ;435.00 TL;;;TÜRK?YE;13.07.2025;
8,69079E+12;8,69079E+12;-3;ADET;Ean 13;TADIM CEKIRDEK SIYAH BOL TUZLU 100G*28;35.00 TL;;;TÜRK?YE;4.04.2026 17:46;30.00
8,69079E+12;8,69079E+12;;ADET;Ean 13;TADIM CEKIRDEK SIYAH 100G*28;35.00 TL;;;TÜRK?YE;14.07.2025;
8,69637E+12;8,69637E+12;;ADET;Ean 13;DANONE M?X KARI?IK;15.00 TL;;;TÜRK?YE;14.07.2025;
8,68114E+12;8,68114E+12;;ADET;Ean 13;GURME KURAB?YE;75.00 TL;;;TÜRK?YE;14.07.2025;
42349747;42349747;;ADET;UPC-E;NIVEA ROLL-ON 50ML BAY DRY FRESH;175.00 TL;105.00;;TÜRK?YE;15.07.2025 13:06;
42240600;42240600;;ADET;Ean 8;NIVEA ROLL ON INSIVIBLE 50 ML;175.00 TL;;;TÜRK?YE;15.07.2025;
42242215;42242215;;ADET;Ean 8;NIVEA ROLL-ON 50ML WOMEN DOUBLE EFFECT;175.00 TL;;;TÜRK?YE;15.07.2025;
4,006E+12;4,006E+12;;ADET;Ean 13;N?VEA FRESH SENSAT?ON ROLL;175.00 TL;;;TÜRK?YE;15.07.2025;
42349839;42349839;;ADET;Ean 8;NIVEA ROLL-ON W.50ML FORMEN DEEP RRY CLEAN;175.00 TL;;;TÜRK?YE;15.07.2025;
42241461;42241461;;ADET;Ean 8;NIVEA ROLL ON 50ML;175.00 TL;;;TÜRK?YE;15.07.2025;
8,68313E+12;8,68313E+12;;ADET;Ean 13;REXONA ROLL;200.00 TL;125.00;;TÜRK?YE;15.07.2025;
8,68313E+12;8,68313E+12;;ADET;Ean 13;REXONA ROLL QUANTUM DRY;200.00 TL;;;TÜRK?YE;15.07.2025;
42429289;42429289;;ADET;Ean 8;N?VEA MEN BLACK WH?TE ;200.00 TL;;;TÜRK?YE;15.07.2025;
42429203;42429203;;ADET;Ean 8;N?VEA MAN FRESH ACT?VE DEODORANT;200.00 TL;;;TÜRK?YE;15.07.2025;
8,6919E+12;8,6919E+12;;ADET;Ean 13;KOTEX ULTRA GECE 22 GECE;175.00 TL;80.00;;TÜRK?YE;15.07.2025;
8,69063E+12;8,69063E+12;-1;ADET;Ean 13;NESCAFE MATINAL 100GR YOGUN LEZZET;275.00 TL;;;TÜRK?YE;15.07.2025;
8,69062E+12;8,69062E+12;-1;ADET;Ean 13;C?PS LAYSPARMESAN PESTO SOS105 GR;60.00 TL;;;TÜRK?YE;23.04.2026 09:27;55.00
8,69062E+12;8,69062E+12;;ADET;Ean 13;C?PS LAYS P?L?Ç ÇEV?RME TADINDA 105 GR;60.00 TL;;;TÜRK?YE;23.04.2026 09:27;55.00
8,68263E+12;8,68263E+12;;ADET;Ean 13;SM?LE CAT KED? MAMASI 5*85GR;145.00 TL;;;TÜRK?YE;17.07.2025;
8,68392E+12;8,68392E+12;;ADET;Ean 13;ELLO CANDY TW?ST;35.00 TL;;;TÜRK?YE;17.07.2025;
8,68184E+12;8,68184E+12;;ADET;Ean 13;TAV?AN EMZ?K ?EKER;35.00 TL;;;TÜRK?YE;17.07.2025;
8,68135E+12;8,68135E+12;-1;ADET;Ean 13;AV?AR SODA GREYFURTYABAN MERS?N?;25.00 TL;;;TÜRK?YE;22.07.2026 10:08;20.00
8,68313E+12;8,68313E+12;;ADET;Ean 13;MAGNUM M?N?;325.00 TL;;;TÜRK?YE;17.07.2025;
8,69915E+12;8,69915E+12;;ADET;Ean 13;AYNASUN GÜNE? KORUYUCU 300ML;490.00 TL;200.00;;TÜRK?YE;18.07.2025;
6,22116E+12;6,22116E+12;;ADET;Ean 13;S?GNAL ÜÇLÜ KORUMA D?? MACUNU;60.00 TL;35.00;;TÜRK?YE;19.07.2025;
8,69072E+12;8,69072E+12;;ADET;Ean 13;DO?U? ICETEA 2,5LT;75.00 TL;;;TÜRK?YE;26.12.2025 22:01;70.00
5,00011E+12;5,00011E+12;-1;ADET;Ean 13;SCHEPPES TONIK ;80.00 TL;;;TÜRK?YE;19.07.2025;
8,68178E+12;8,68178E+12;;ADET;Ean 13;BEYBI ELDIVEN EKONOMIK 10-10.5 X LARGE;45.00 TL;;;TÜRK?YE;19.07.2025;
86949736;86949736;;ADET;Ean 8;ULUDA? FRUTT? AHUDUDU 200 ML;25.00 TL;Eyl.35;;TÜRK?YE;8.07.2026 18:42;20.00
86949729;86949729;;ADET;Ean 8;ULUDA? FRUTT? KARADUT FRENK ÜZÜMLÜ 250 ML;25.00 TL;;;TÜRK?YE;8.07.2026 18:42;20.00
86949699;86949699;;ADET;Ean 8;ULUDA? MANGO;25.00 TL;;;TÜRK?YE;8.07.2026 18:42;20.00
8,69057E+12;8,69057E+12;;ADET;Ean 13;L?PTON ICETEA MANGO 500 ML;45.00 TL;31.00;;TÜRK?YE;6.08.2025 17:50;40.00
8,69063E+12;8,69063E+12;;ADET;Ean 13;DR.OETKER KARBONAT 5LI;25.00 TL;;;TÜRK?YE;30.08.2025 11:29;20.00
8,69771E+12;8,69771E+12;;ADET;Ean 13;ASPEROX SPARAXDIAMOND 60 LI;425.00 TL;;;TÜRK?YE;1.11.2025 10:56;350.00
8,68175E+12;8,68175E+12;;ADET;Ean 13;HAKNAZ KABUKLU FISTIK 300GR;55.00 TL;;;TÜRK?YE;27.07.2025;
8,68313E+12;8,68313E+12;;ADET;Ean 13;EL?DOR ?k?s? b?r arada guclu parlak;145.00 TL;;;TÜRK?YE;2.09.2025 16:43;129.00
8,00184E+12;8,00184E+12;-1;ADET;Ean 13;FAIRY BULASIK SABUNU 1500ML LIMON;145.00 TL;;;TÜRK?YE;28.07.2025;
9,0001E+12;9,0001E+12;;ADET;Ean 13;PR?LLL KLASIK 4KG LIMONLU;225.00 TL;;;TÜRK?YE;8.10.2025 11:47;195.00
8,69057E+12;8,69057E+12;;ADET;Ean 13;PINAR 250GR SUZME PEYNIR;75.00 TL;;;TÜRK?YE;29.07.2025;
8,69256E+12;8,69256E+12;;ADET;Ean 13;AKTÜRK YAZ HELVASI 500 GR;85.00 TL;65.00;;TÜRK?YE;30.07.2025;
8,69064E+12;8,69064E+12;;ADET;Ean 13;TAT HAS.NOHUT 800GR;125.00 TL;60.00;;TÜRK?YE;29.05.2026 16:11;100.00
8,69079E+12;8,69079E+12;;ADET;Ean 13;MEYSU 1 LT KAYISI;60.00 TL;;;TÜRK?YE;19.02.2026 15:39;55.00
8,69072E+12;8,69072E+12;;ADET;Ean 13;DO?U? ICETEA 1 LT;50.00 TL;;;TÜRK?YE;31.07.2025;
8,68351E+12;8,68351E+12;-1;ADET;Ean 13;FUTBOLCU KARTLARI FENERBAHÇE;25.00 TL;13.00;;TÜRK?YE;6.08.2025;
8,6905E+12;8,6905E+12;-3;ADET;Ean 13;FUTBOLCU KARTLARI BE??KTA?;25.00 TL;13.00;;TÜRK?YE;20.08.2025 09:43;
8,6905E+12;8,6905E+12;;ADET;Ean 13;FUTBOLCU KARTLARI GALATASARAY;25.00 TL;13.00;;TÜRK?YE;6.08.2025;
8,6905E+12;8,6905E+12;;ADET;Ean 13;FUTBOLCU KARTLARI TRABZONSPOR;25.00 TL;13.00;;TÜRK?YE;6.08.2025;
8,6905E+12;8,6905E+12;-8;ADET;Ean 13;ÜLKER PROB?S ?EKERS?Z 101 GR;35.00 TL;24.00;;TÜRK?YE;6.08.2025;
8,69053E+12;8,69053E+12;;ADET;Ean 13;ET? CANGA WHITE 45 GR;30.00 TL;16.00;;TÜRK?YE;4.11.2025 10:43;25.00
8,6974E+12;8,6974E+12;;ADET;Ean 13;GRINDY MISIR CEREZI;75.00 TL;45.00;;TÜRK?YE;7.08.2025;
8,69171E+12;8,69171E+12;;ADET;Ean 13;LUPPO ANTEP FISTIKLI 182 GR;95.00 TL;75.00;;TÜRK?YE;7.08.2025;
8,6905E+12;8,6905E+12;;ADET;Ean 13;KOM?L? HAVLU KA?IT 3LÜ;75.00 TL;33.00;;TÜRK?YE;8.08.2025;
8,68135E+12;8,68135E+12;;ADET;Ean 13;AVSAR MEYVELI SODA 200ML KARADUT FRENK UZUMU;115.00 TL;;;TÜRK?YE;28.08.2025 19:52;90.00
8,69053E+12;8,69053E+12;-1;ADET;Ean 13;DALAN FAMILY 3LT GÜLLÜ;175.00 TL;69.50;;TÜRK?YE;29.05.2026 15:53;160.00
8,68341E+12;8,68341E+12;;ADET;Ean 13;PAP?L?ON 3LT H?ND?STAN CEV?ZL?;140.00 TL;;;TÜRK?YE;9.08.2025;
8,69744E+12;8,69744E+12;;ADET;Ean 13;PUANTO 1PACK ÇÖP ENDÜSTR?YEL JUMBO 700GR;140.00 TL;80.00;;TÜRK?YE;31.10.2025 10:08;120.00
8,6807E+12;8,6807E+12;;ADET;Ean 13;POLMIX BUZGULU LAVANTA KOKULU B.BOY COP POSETI;40.00 TL;20.00;;TÜRK?YE;19.12.2025 11:27;35.00
8,6807E+12;8,6807E+12;;ADET;Ean 13;POLMIX BUZGULU LIMON BUYUK BOY;40.00 TL;;;TÜRK?YE;19.12.2025 11:27;35.00
8,6807E+12;8,6807E+12;;ADET;Ean 13;POLMIKS COP TORBASI BUYUK BOY;35.00 TL;;;TÜRK?YE;31.10.2025 11:42;30.00
8,69998E+12;8,69998E+12;;ADET;Ean 13;M?SS LADY ÇÖP TORBASI JUMBO BOY 400GR;65.00 TL;33.50;;TÜRK?YE;31.10.2025 10:08;55.00
8,69998E+12;8,69998E+12;-1;ADET;Ean 13;MISS LADY BATTAL COP;50.00 TL;21.00;;TÜRK?YE;9.08.2025;
8,69746E+12;8,69746E+12;-1;ADET;Ean 13;ORBAY CORAP BABETPENYE BAYAN;40.00 TL;10.00;;TÜRK?YE;9.08.2025;
8,69054E+12;8,69054E+12;;ADET;Ean 13;BINGO SOFT 5 KG KUZUMUN KOKUSU;225.00 TL;;;TÜRK?YE;9.08.2025;
8,69063E+12;8,69063E+12;-17;ADET;Ean 13;NESCAFE GOLD 2 GR;15.00 TL;10.00;;TÜRK?YE;6.12.2025 21:54;Ara.50
8,69763E+12;8,69763E+12;;ADET;Ean 13;SEYLAN ÇAY OPA 250GR;145.00 TL;100.00;;TÜRK?YE;11.08.2025;
8,69763E+12;8,69763E+12;;ADET;Ean 13;SEYLAN ÇAY 500 GR;285.00 TL;200.00;;TÜRK?YE;11.08.2025;
9,0069E+12;9,0069E+12;;ADET;Ean 13;PFANNER MORNING BOOST 2L;265.00 TL;;;TÜRK?YE;29.09.2025 09:11;225.00
8,68148E+12;8,68148E+12;;ADET;Ean 13;BCAA  YE??L ELMA;195.00 TL;;;TÜRK?YE;15.08.2025 21:12;100.00
8,68148E+12;8,68148E+12;;ADET;Ean 13;BCAA EJDER MEYVE;195.00 TL;;;TÜRK?YE;15.08.2025 21:12;100.00
8,68148E+12;8,68148E+12;;ADET;Ean 13;BCAA MUZ AROMALI 10;195.00 TL;;;TÜRK?YE;15.08.2025 21:12;100.00
7,8949E+12;7,8949E+12;;ADET;Ean 13;?THAL FANTA SABOR MARACUJA;225.00 TL;;;TÜRK?YE;15.08.2025;
8,4126E+12;8,4126E+12;;ADET;Ean 13;TAKIS FUEGO 100 GR;250.00 TL;150.00;;TÜRK?YE;15.08.2025;
8,4126E+12;8,4126E+12;;ADET;Ean 13;TAK?S GUESO VOLCANO;250.00 TL;150.00;;TÜRK?YE;15.08.2025;
8,80107E+12;8,80107E+12;;ADET;Ean 13;BULDAK TAVUKLU ;250.00 TL;180.00;;TÜRK?YE;25.12.2025 18:45;295.00
8,80107E+12;8,80107E+12;;ADET;Ean 13;BULDAK AC? BARDAK;250.00 TL;180.00;;TÜRK?YE;25.12.2025 18:45;295.00
8,80107E+12;8,80107E+12;;ADET;Ean 13;BULDAK HABANERO L?ME;250.00 TL;200.00;;TÜRK?YE;25.12.2025 18:45;295.00
8,80107E+12;8,80107E+12;;ADET;Ean 13;BULDAK QUATTARO PEYN?R;250.00 TL;180.00;;TÜRK?YE;25.12.2025 18:45;295.00
8,69015E+12;8,69015E+12;;ADET;Ean 13;BEBETO 80GR OCEAN PARK;50.00 TL;;;TÜRK?YE;6.04.2026 16:04;40.00
86949712;86949712;;ADET;Ean 8;ULUDA? FRUTT? NARLI 200ML;25.00 TL;;;TÜRK?YE;8.07.2026 18:42;20.00
8,69077E+12;8,69077E+12;;ADET;Ean 13;SÜTA? AYRAN 1.5LT;60.00 TL;;;TÜRK?YE;16.08.2025;
8,6905E+12;8,6905E+12;;ADET;Ean 13;ULKER SAKLI KÖY ANTEP FISTIKLI 78,5 GR;40.00 TL;27.00;;TÜRK?YE;16.08.2025;
8,68288E+12;8,68288E+12;;ADET;Ean 13;TURK SEKER TOZ SEKER 1KG*20;60.00 TL;;;TÜRK?YE;16.08.2025;
8,69386E+12;8,69386E+12;;ADET;Ean 13;SODA FRE?A EXTRA KARADUT;20.00 TL;;;TÜRK?YE;15.03.2026 12:26;17.50
8,69063E+12;8,69063E+12;-2;ADET;Ean 13;NESCAFE 3Ü 1 ARADA 10LU;135.00 TL;;;TÜRK?YE;17.08.2025;
8,69615E+12;8,69615E+12;;ADET;Ean 13;NAZO COOL L?ME;15.00 TL;1.00;;TÜRK?YE;11.04.2026 21:38;Ara.50
8,68151E+12;8,68151E+12;;ADET;Ean 13;C?PSO YO?URT;80.00 TL;;;TÜRK?YE;6.05.2026 17:39;75.00
8,69054E+12;8,69054E+12;;ADET;Ean 13;MOLF?X IKIZ MAXI NO:4;179.00 TL;;;TÜRK?YE;14.09.2025 19:00;145.00
8,68087E+12;8,68087E+12;;ADET;Ean 13;ATALANTE AH?AP TEM?ZLEME 1 LT;100.00 TL;65.00;;TÜRK?YE;19.08.2025;
8,68313E+12;8,68313E+12;;ADET;Ean 13;ALG?DA KAYMAKLI DONDURMA 1KG;100.00 TL;;;TÜRK?YE;2.01.2026 19:09;100.00
8,69053E+12;8,69053E+12;;ADET;Ean 13;ET? PET?TO SOSBOM 50 GR;30.00 TL;20.00;;TÜRK?YE;19.08.2025;
5,90095E+12;5,90095E+12;;ADET;Ean 13;WH?SKAS TAVUKLU 5L?;130.00 TL;;;TÜRK?YE;20.08.2025;
5,90095E+12;5,90095E+12;;ADET;Ean 13;SNICKERS ;50.00 TL;;;TÜRK?YE;20.08.2025;
8,691E+12;8,691E+12;;ADET;Ean 13;YURT CEK BI KURU FASULYE 400GR;75.00 TL;48.00;;TÜRK?YE;22.08.2025;
8,691E+12;8,691E+12;;ADET;Ean 13;YURT BARBUNYA PILAKI 400 GR;75.00 TL;48.00;;TÜRK?YE;22.08.2025;
8,68224E+12;8,68224E+12;;ADET;Ean 13;SLEEPY NATURAL 4 BEDEN 52L?;325.00 TL;;;TÜRK?YE;19.07.2026 17:28;299.00
5,90095E+12;5,90095E+12;;ADET;Ean 13;MARS ;40.00 TL;26.00;;TÜRK?YE;23.08.2025;
8,68228E+12;8,68228E+12;;ADET;Ean 13;ELDE ISLAK HAVLU 100LU PAPATYA;35.00 TL;;;TÜRK?YE;23.08.2025;
8,68228E+12;8,68228E+12;-1;ADET;Ean 13;ELDE 90 ADET;40.00 TL;;;TÜRK?YE;23.08.2025;
8,6825E+12;8,6825E+12;;ADET;Ean 13;TUDOBRANCO DOUBLE BOY;40.00 TL;;;TÜRK?YE;25.08.2025;
8,69588E+12;8,69588E+12;;ADET;Ean 13;PEYMAN BAHÇEDEN HURMA 150GR;170.00 TL;105.00;;TÜRK?YE;25.08.2025;
5,06101E+12;5,06101E+12;;ADET;Ean 13;MONSTER P?PEL?NE;90.00 TL;42.00;;TÜRK?YE;25.06.2026 15:48;80.00
8,68018E+12;8,68018E+12;;ADET;Ean 13;TORKU KASAP SUCUK 450 GR;330.00 TL;170.00;;TÜRK?YE;27.08.2025 13:23;275.00
8,68247E+12;Ürün Barkodunu Okutunuz!8682466438706;;ADET;Code 39;502 SÜPER YAPI?TIRICI ;60.00 TL;30.00;;TÜRK?YE;26.08.2025;
8,68247E+12;8,68247E+12;;ADET;Ean 13;EVABOND 502 YAPISTIRICI 20GR;80.00 TL;30.00;;TÜRK?YE;26.08.2025;
5,05399E+12;5,05399E+12;;ADET;Ean 13;PR?NGLES BÜYÜK BOY HOT SPICY;350.00 TL;175.00;;TÜRK?YE;28.08.2025;
5,05399E+12;5,05399E+12;;ADET;Ean 13;PR?NGES BÜYÜK BOY PAPR?KA;350.00 TL;175.00;;TÜRK?YE;28.08.2025;
5,05399E+12;5,05399E+12;;ADET;Ean 13;PR?NGLES BÜYÜK BOY ORIGINAL;350.00 TL;;;TÜRK?YE;28.08.2025;
8,6977E+12;8,6977E+12;;ADET;Ean 13;GOLDCARE STANDART 50ML K.BOYA SIYAH;35.00 TL;;;TÜRK?YE;30.08.2025;
1,50014E+12;1,50014E+12;;ADET;Ean 13;ULUDA? GAZOZ AZ KALOR? 330ML;50.00 TL;;;TÜRK?YE;31.10.2025 11:26;45.00
8,68224E+12;8,68224E+12;;ADET;Ean 13;SLEEPY BEYAZ   SABUNLU ISLAK MEND?L;60.00 TL;;;TÜRK?YE;6.07.2026 14:09;45.00
8,69998E+12;8,69998E+12;;ADET;Ean 13;MISS LADY MIKROFIBER TEMIZLIK BEZI 4 ADET.;45.00 TL;25.00;;TÜRK?YE;31.08.2025;
8,69998E+12;8,69998E+12;;ADET;Ean 13;M?SS LADY  TEM?ZL?K BEZ?;45.00 TL;27.00;;TÜRK?YE;31.08.2025;
8,72018E+12;8,72018E+12;;ADET;Ean 13;DOVE EL SABUNU YE??L;60.00 TL;;;Afganistan;31.08.2025;
8,72018E+12;8,72018E+12;;ADET;Ean 13;DOVE SABUN 100 GR;60.00 TL;;;Afganistan;31.08.2025;
8,72018E+12;8,72018E+12;;ADET;Ean 13;DOVE SABUN 90GR PINK;60.00 TL;;;Afganistan;31.08.2025;
8,72018E+12;8,72018E+12;;ADET;Ean 13;DOVE CREAM BAR EXFOLIATING 90 GR;60.00 TL;;;Afganistan;31.08.2025;
8,69938E+12;8,69938E+12;;ADET;Ean 13;ENERGY MEYVELI KRAKER 100GR;45.00 TL;;;Afganistan;31.08.2025;
7,39835E+11;7,39835E+12;;ADET;Ean 13;DALAN BANYO SABUN 600 GR GULLU;150.00 TL;;;Afganistan;8.12.2025 10:31;125.00
7,39835E+11;7,39835E+12;;ADET;Ean 13;DALAN SABUN 4 LU;150.00 TL;;;Afganistan;8.12.2025 10:32;125.00
7,39835E+11;7,39835E+12;;ADET;Ean 13;DALAN SABUN 600 GR LAVANTA;150.00 TL;;;Afganistan;8.12.2025 10:32;125.00
8,69057E+12;8,69057E+12;;ADET;Ean 13;PEPS? ZERO 1LT;70.00 TL;;;TÜRK?YE;5.06.2026 11:47;65.00
8,68379E+12;8,68379E+12;;ADET;Ean 13;SARIYER 1LT ?EKERS?Z ;55.00 TL;;;TÜRK?YE;30.01.2026 15:03;50.00
8,68132E+12;8,68132E+12;;ADET;Ean 13;SÜTA? KEFIR SADE 250ML;45.00 TL;;;TÜRK?YE;21.05.2026 11:56;40.00
8,69011E+12;8,69011E+12;;ADET;Ean 13;D?D? SOGUK ÇAY 330 ML ?EFTAL?;60.00 TL;;;TÜRK?YE;30.10.2025 12:10;45.00
PINAR SÜT TAM YA?LI 1LT;PINAR SÜT TAM YA?LI ;;ADET;Code 39;PINAR SÜT TAM YA?LI 1LT;80.00 TL;;;TÜRK?YE;17.07.2026 11:48;70.00
1,2618E+15;1,2618E+15;;ADET;Code 39;OYUNCAK MANTAR MERM?;30.00 TL;;;TÜRK?YE;2.09.2025;
VADE FARKI6;;;ADET;[Hiçbiri];;;;;;2.09.2025 18:17;
8,68342E+12;8,68342E+12;-3;ADET;Ean 13;TADELLA BEYAZ CIK 30GR;40.00 TL;22.00;;TÜRK?YE;2.09.2025;
8,68132E+12;8,68132E+12;;ADET;Ean 13;SÜTA? KAF KEFIR CILEKLI 1000 ML.;100.00 TL;;;TÜRK?YE;5.05.2026 11:25;90.00
8,69063E+12;8,69063E+12;;ADET;Ean 13;NESCAFE F?NE BLEND 70GR;250.00 TL;;;TÜRK?YE;3.09.2025;
8,69053E+12;8,69053E+12;;ADET;Ean 13;UN? BABY ISLAK HAVLU 4X52L?;175.00 TL;;;TÜRK?YE;3.09.2025;
8,69077E+12;8,69077E+12;;ADET;Ean 13;SÜTA? BUYUMIX M.YOGURT 6X40GR ORMAN MEYVELI;45.00 TL;;;TÜRK?YE;3.09.2025;
8,69643E+12;8,69643E+12;-1;ADET;Ean 13;LEZITA NUGET 1 KG;269.00 TL;160.00;;TÜRK?YE;4.09.2025;
8,69914E+12;8,69914E+12;;ADET;Ean 13;OZMO COOL SÜTLÜ BALLI;25.00 TL;;;TÜRK?YE;4.09.2025;
8,691E+12;8,691E+12;;ADET;Ean 13;BALPARMAK ÇITKAPAK CICEK BALI 600GR;495.00 TL;;;TÜRK?YE;20.09.2025 22:22;500.00
8,69183E+12;8,69183E+12;-2;ADET;Ean 13;VATAN KIRIK P?R?NÇ;75.00 TL;;;TÜRK?YE;3.07.2026 15:41;65.00
8,69057E+12;8,69057E+12;;ADET;Ean 13;L?PTON L?MONLU 500ML;45.00 TL;32.00;;TÜRK?YE;5.09.2025;
8,69057E+12;8,69057E+12;;ADET;Ean 13;L?PTON ?EFTAL? 500 ML;60.00 TL;32.00;;TÜRK?YE;5.09.2025;
86949705;86949705;;ADET;Ean 8;ULUDA? SODA KARPUZ Ç?LEK;25.00 TL;;;TÜRK?YE;8.07.2026 18:42;20.00
8,68466E+12;8,68466E+12;;ADET;Ean 13;ZEN ÇARKIFELEK PORTAKAL AROMALI 300ML;50.00 TL;;;TÜRK?YE;6.09.2025;
8,68466E+12;8,68466E+12;;ADET;Ean 13;ZEN BLUBERRY 300ML;50.00 TL;;;TÜRK?YE;6.09.2025;
8,68466E+12;8,68466E+12;;ADET;Ean 13;ZEN KARPUZ Ç?LEK 300ML;50.00 TL;;;TÜRK?YE;6.09.2025;
8,69062E+12;8,69062E+12;;ADET;Ean 13;CHEETOS FLAM?NE HOT;45.00 TL;;;TÜRK?YE;6.09.2025;
8,69281E+12;8,69281E+12;;ADET;Ean 13;KIZILAY GAZOZ;25.00 TL;;;TÜRK?YE;7.09.2025;
90486296;90486296;;ADET;Ean 8;REDBULL RUZGAR ENERJ? 250 ML;85.00 TL;;;TÜRK?YE;4.05.2026 13:07;70.00
8,69053E+12;8,69053E+12;;ADET;Ean 13;ET? FR?GO ALASKA KAKAOLU;65.00 TL;;;TÜRK?YE;4.05.2026 18:06;50.00
8,68464E+12;8,68464E+12;;ADET;Ean 13;FUNZI GÖZ JEL?CON;25.00 TL;7.00;;TÜRK?YE;8.09.2025;
8,68464E+12;8,68464E+12;;ADET;Ean 13;FUNZI I?IKLI LOL?POP;20.00 TL;;;TÜRK?YE;8.09.2025;
8,69077E+12;8,69077E+12;-1;ADET;Ean 13;SÜTA? KAYMAKLI YOGURT 850 GR;90.00 TL;;;TÜRK?YE;21.05.2026 11:57;62.50
8,69281E+12;8,69281E+12;;ADET;Ean 13;SODA KIZILAY MADEN SUYU 6 LI ERZINCAN;75.00 TL;;;TÜRK?YE;11.09.2025;
8,6905E+12;8,6905E+12;;ADET;Ean 13;ONEO PORTAKAL K?V?;25.00 TL;;;TÜRK?YE;5.11.2025 23:04;20.00
8,69053E+12;8,69053E+12;-2;ADET;Ean 13;ET? SÜTLÜ  KARE 60 GR BOL SÜTLÜ;70.00 TL;;;TÜRK?YE;17.02.2026 11:09;65.00
8,69077E+12;8,69077E+12;;ADET;Ean 13;SÜTA? YO?URT KAYMAKLI 1750GR ;150.00 TL;;;TÜRK?YE;21.05.2026 11:22;135.00
8,6821E+12;8,6821E+12;;ADET;Ean 13;KAVAKD?B? L?MON SUYU 500ML;60.00 TL;30.00;;TÜRK?YE;12.09.2025;
8,69077E+12;8,69077E+12;;ADET;Ean 13;ÜLKER BEYAZ Ç?KOLATA 70 GR;100.00 TL;65.00;;TÜRK?YE;12.09.2025 20:53;
8,6907E+12;8,6907E+12;;ADET;Ean 13;UNO GRISS KEPEKLI;110.00 TL;64.00;;TÜRK?YE;13.08.2026 09:20;100.00
8,6907E+12;8,6907E+12;;ADET;Ean 13;UNO GRISSUNO TAM BUGDAYLI 150 GR.;115.00 TL;64.00;;TÜRK?YE;13.08.2026 09:20;105.00
8,69079E+12;8,69079E+12;-2;ADET;Ean 13;TADIM 30GR TADIMCA ANTEP FISTIKLI;65.00 TL;;;TÜRK?YE;27.10.2025 10:44;55.00
86949798;86949798;;ADET;Ean 8;SODA ULUDA? L?MON ;25.00 TL;;;TÜRK?YE;8.07.2026 18:42;20.00
8,69011E+12;8,69011E+12;;ADET;Ean 13;D?D? 2.5L;80.00 TL;;;TÜRK?YE;13.05.2026 15:27;75.00
8,72061E+12;8,72061E+12;;ADET;Ean 13;L?PTON k?raz sapl?;75.00 TL;;;TÜRK?YE;22.07.2026 12:09;80.00
8,72061E+12;8,72061E+12;;ADET;Ean 13;L?PTON KUSBURNU;75.00 TL;;;TÜRK?YE;22.07.2026 12:09;80.00
8,72061E+12;8,72061E+12;;ADET;Ean 13;L?PTON YESIL CAY;80.00 TL;;;TÜRK?YE;22.07.2026 12:09;75.00
8,69064E+12;8,69064E+12;;ADET;Ean 13;OMO MATIK RENKLI BEYAZLAR;495.00 TL;;;TÜRK?YE;14.09.2025;
8,69061E+12;8,69061E+12;-1;ADET;Ean 13;DALIN BEBE SAMP.700 GR;175.00 TL;105.00;;TÜRK?YE;14.09.2025;
8,69053E+12;8,69053E+12;;ADET;Ean 13;DALAN BANYO 600GR Z.YAGLI;150.00 TL;;;TÜRK?YE;8.12.2025 10:31;125.00
8,69954E+12;8,69954E+12;-2;ADET;Ean 13;BAM 15 L? KOY ;175.00 TL;;;TÜRK?YE;8.03.2026 12:15;135.00
8,69297E+12;8,69297E+12;;ADET;Ean 13;?Ç?M YO?URT 3KG;145.00 TL;;;TÜRK?YE;15.09.2025;
8,69913E+12;8,69913E+12;;ADET;Ean 13;GALATASARAY SU 0.5L;25.00 TL;12.00;;TÜRK?YE;18.09.2025 21:23;30.00
8,68379E+12;8,68379E+12;;ADET;Ean 13;BLACK BURN 250 ML;40.00 TL;;;TÜRK?YE;17.09.2025;
8,69063E+12;8,69063E+12;;ADET;Ean 13;MEHMET FEND? COLOMBIAN PRESS KAHVE;295.00 TL;;;TÜRK?YE;17.09.2025;
8,68151E+12;8,68151E+12;;ADET;Ean 13;C?PSO YO?URT VE MEVS?M YE??LL?KLER?;80.00 TL;;;TÜRK?YE;6.05.2026 17:38;75.00
8,69064E+12;8,69064E+12;;ADET;Ean 13;TAT SIKI DOSTLAR 390 ML;189.00 TL;85.00;;TÜRK?YE;28.11.2025 10:02;169.00
8,68263E+12;8,68263E+12;;ADET;Ean 13;SM?LE CAT KUZULU 85 GR;35.00 TL;18.00;;TÜRK?YE;23.09.2025 22:05;30.00
8,68263E+12;8,68263E+12;;ADET;Ean 13;SMILE CAT TAVUKLU 1+ YAS 100 GR;35.00 TL;18.00;;TÜRK?YE;23.09.2025 22:05;30.00
8,68263E+12;8,68263E+12;;ADET;Ean 13;SM?LE  CAT SOMONLU;35.00 TL;18.00;;TÜRK?YE;23.09.2025 22:05;30.00
8,69297E+12;8,69297E+12;;ADET;Ean 13;?Ç?M YOGURT 3KG;149.00 TL;119.00;;TÜRK?YE;18.09.2025;
8,69057E+12;8,69057E+12;-1;ADET;Ean 13;L?PTON ?CE TEA ?EFTAL? 1.5L;80.00 TL;;;TÜRK?YE;22.07.2026 12:08;75.00
8,69063E+12;8,69063E+12;;ADET;Ean 13;NESQUIK GEVREK 225GR;140.00 TL;72.00;;TÜRK?YE;19.09.2025;
90456091;90456091;;ADET;Ean 8;RED BULL THE RED KARPUZ 250 ML;85.00 TL;;;TÜRK?YE;19.09.2025;
90454769;90454769;;ADET;Ean 8;RED BULL THE PEACH ?EFTAL?;65.00 TL;;;TÜRK?YE;19.09.2025;
90456077;90456077;;ADET;Ean 8;RED BULL THE YELLOW TROP?KAL;65.00 TL;;;TÜRK?YE;19.09.2025;
8,69053E+12;8,69053E+12;;ADET;Ean 13;ET? POPKEK AHUDUDULU V??NEL?;20.00 TL;;;TÜRK?YE;23.10.2025 12:03;15.00
8,69053E+12;8,69053E+12;;ADET;Ean 13;ET? POPKEK ?EFTAL?L?;20.00 TL;;;TÜRK?YE;23.10.2025 12:02;15.00
8,6907E+12;8,6907E+12;-1;ADET;Ean 13;UNO GURME BÜYÜK SANDV?Ç;110.00 TL;64.00;;TÜRK?YE;13.08.2026 09:20;100.00
3,57466E+12;3,57466E+12;;ADET;Ean 13;LISTERINE AGIZ BAKIM SUYU 250 ML HAFIF TAT;175.00 TL;100.00;;TÜRK?YE;22.09.2025;
3,57466E+12;3,57466E+12;;ADET;Ean 13;LISTERINE AGIZ BAKIM SUYU 500;275.00 TL;150.00;;TÜRK?YE;22.09.2025;
6,22116E+12;6,22116E+12;;ADET;Ean 13;SIGNAL DM WHITE SYSTEM 75ML;120.00 TL;60.00;;TÜRK?YE;22.09.2025;
8,68022E+12;8,68022E+12;;ADET;Ean 13;PANTHER ECO 9W AMPUL;75.00 TL;30.00;;TÜRK?YE;22.09.2025;
8,68296E+12;8,68296E+12;;ADET;Ean 13;KANZUK TÜTÜN  KOLANYASI;60.00 TL;;;TÜRK?YE;23.09.2025 22:04;50.00
8,6905E+12;8,6905E+12;-2;ADET;Ean 13;ÜLKER DUBA? Ç?KOLATASI35 GR;50.00 TL;32.00;;TÜRK?YE;12.01.2026 11:42;65.00
8,69152E+12;8,69152E+12;;ADET;Ean 13;AYTAC SUT 1LT Y.YAGLI;45.00 TL;;;TÜRK?YE;23.09.2025;
6,92035E+12;6,92035E+12;;ADET;Ean 13;COLGATE OPTIC WH?TE 125 SÜPER FIRSAT;200.00 TL;120.00;;TÜRK?YE;23.09.2025;
8,69747E+12;8,69747E+12;;ADET;Ean 13;KSP NAMET ET DONER 200 GR;200.00 TL;;;TÜRK?YE;8.01.2026 10:43;195.00
8,6907E+12;8,6907E+12;;ADET;Ean 13;UNO GELENEKSEL LAVA? 15 CM 10 LU;120.00 TL;;;TÜRK?YE;13.08.2026 09:20;110.00
8,69077E+12;8,69077E+12;;ADET;Ean 13;ÜLKER DRAJE FINDIK;100.00 TL;;;TÜRK?YE;25.09.2025;
8,69335E+12;8,69335E+12;;ADET;Ean 13;BÜTÜN ÜZÜM S?RKES? 740ML;75.00 TL;;;TÜRK?YE;26.09.2025;
86949743;86949743;-2;ADET;Ean 8;ULUDA? SODA FRUTT? ELMALI;25.00 TL;;;TÜRK?YE;8.07.2026 18:42;20.00
8,68132E+12;8,68132E+12;;ADET;Ean 13;SÜTA? MEYVEL? YO?URT ?EFTL? KAYISI;85.00 TL;;;TÜRK?YE;26.06.2026 11:09;75.00
8,69078E+12;8,69078E+12;-1;ADET;Ean 13;BALKÜPÜ TOZ ?EKER 3 KG;200.00 TL;;;TÜRK?YE;10.03.2026 12:39;195.00
8,6905E+12;8,6905E+12;-1;ADET;Ean 13;ÜLKER DANKEK RULO PASTA MUZLU 28 GR;20.00 TL;8.00;;TÜRK?YE;6.12.2025 21:49;15.00
8,684E+12;8,684E+12;;ADET;Ean 13;COSBY FUN OYUNCAK DEV ARABA;100.00 TL;;;TÜRK?YE;27.09.2025;
8,69799E+12;8,69799E+12;;ADET;Ean 13;NEFISSAL KASAP KOFTE 300GR;175.00 TL;;;TÜRK?YE;30.09.2025;
8,68151E+12;8,68151E+12;;ADET;Ean 13;PATOS C?PSO PEYN?R SO?AN 160 GR;80.00 TL;49.00;;TÜRK?YE;6.05.2026 17:38;75.00
8,69057E+12;8,69057E+12;;ADET;Ean 13;PEPS? COLA 2 LT ÖZEL F?YAT 50 TL;50.00 TL;40.00;;TÜRK?YE;2.10.2025;
8,69914E+12;8,69914E+12;-2;ADET;Ean 13;?ÖLEN BISCOLATA PIA FRANBUAZ 37.5GR;30.00 TL;;;TÜRK?YE;2.10.2025;
8,68313E+12;8,68313E+12;;ADET;Ean 13;CALVE 2 L? AVANTAJ;199.00 TL;155.00;;TÜRK?YE;2.10.2025;
8,68015E+12;8,68015E+12;;ADET;Ean 13;EGE Ç?FTL?K KASAP KÖFTE ;175.00 TL;100.00;;TÜRK?YE;23.12.2025 22:43;150.00
8,69335E+12;8,69335E+12;;ADET;Ean 13;BUTUN ELMA S?RKESI 1 LT;100.00 TL;40.00;;TÜRK?YE;3.10.2025;
5,90095E+12;5,90095E+12;;ADET;Ean 13;WHISKAS JUNIOR KUMES;35.00 TL;;;TÜRK?YE;4.10.2025;
8,85096E+12;8,85096E+12;;ADET;Ean 13;OKEY KLAS?K ;225.00 TL;125.00;;TÜRK?YE;6.10.2025;
8,69779E+12;8,69779E+12;;ADET;Ean 13;ELEKTRONIK CAKMAK;50.00 TL;Kas.45;;TÜRK?YE;6.10.2025;
8,68129E+12;8,68129E+12;;ADET;Ean 13;PARADONTAX ULTRA TEM?ZL?K D?? MACUNU 75ML;235.00 TL;;;TÜRK?YE;6.10.2025;
8,68181E+12;8,68181E+12;;ADET;Ean 13;GUMBALL MACHINE 45GR;75.00 TL;37.50;;TÜRK?YE;6.10.2025;
8,6987E+12;8,6987E+12;;ADET;Ean 13;AGISS SIR YUZ AGDA BANDI 28LI NORMAL;120.00 TL;;;TÜRK?YE;7.10.2025 22:01;100.00
8,69187E+12;8,69187E+12;;ADET;Ean 13;?NC? CUBUK TARCIN 50GR;100.00 TL;65.00;;TÜRK?YE;8.10.2025;
8,68151E+12;8,68151E+12;;ADET;Ean 13;CHIPS MASTER ACILI;115.00 TL;;;TÜRK?YE;4.03.2026 11:46;70.00
8,68151E+12;8,68151E+12;-1;ADET;Ean 13;C?PSO TUBE ORIGINAL;80.00 TL;55.00;;TÜRK?YE;6.05.2026 17:38;75.00
8,69758E+12;8,69758E+12;;ADET;Ean 13;BASAKKOS LEBLEBI EZMESI 24 LU;20.00 TL;;;TÜRK?YE;9.10.2025;
8,6846E+12;8,6846E+12;;ADET;Ean 13;D?PPO ;20.00 TL;Tem.50;;TÜRK?YE;9.10.2025;
8,69062E+12;8,69062E+12;;ADET;Ean 13;C?PS DOR?TOS STORM 125;60.00 TL;36.00;;TÜRK?YE;29.06.2026 14:20;55.00
8,69063E+12;8,69063E+12;-1;ADET;Ean 13;VEFA S?RKE ÜZÜM 1LT PLS;100.00 TL;65.00;;TÜRK?YE;10.10.2025 15:29;95.00
8,69183E+12;8,69183E+12;-1;ADET;Ean 13;VATAN C?N MISIR 500GR*12;40.00 TL;20.00;;TÜRK?YE;10.10.2025;
8,68159E+12;8,68159E+12;;ADET;Ean 13;BE?LER DANA KUZU KIYMA DONER 200GR.;275.00 TL;;;TÜRK?YE;13.04.2026 09:46;250.00
8,68015E+12;8,68015E+12;;ADET;Ean 13;?NEGÖL KÖFTE 500 GR;175.00 TL;;;TÜRK?YE;23.12.2025 22:45;150.00
8,68351E+12;8,68351E+12;;ADET;Ean 13;ÜLKER D?DO NUT SÜTLÜ FINDIKLI 35GR;35.00 TL;24.00;;TÜRK?YE;11.10.2025;
8,6905E+12;8,6905E+12;-3;ADET;Ean 13;ÜLKER DOLU DOLU ANTEP FISTIKLI 77GR;150.00 TL;80.00;;TÜRK?YE;12.01.2026 11:34;135.00
8,68351E+12;8,68351E+12;;ADET;Ean 13;ÜLKER DOLU DOLU FINDIKLI 80GR;120.00 TL;;;TÜRK?YE;12.01.2026 11:38;115.00
8,69077E+12;8,69077E+12;;ADET;Ean 13;ÜLKER DOLU DOLU BADEML?;120.00 TL;80.00;;TÜRK?YE;12.01.2026 11:38;115.00
8,69998E+12;8,69998E+12;;ADET;Ean 13;MISSLADY JUMBO;50.00 TL;25.00;;TÜRK?YE;12.10.2025;
8,69187E+12;8,69187E+12;;ADET;Ean 13;?NC? LIMON TUZU 50GR;50.00 TL;25.00;;TÜRK?YE;12.10.2025;
8,69054E+12;8,69054E+12;;ADET;Ean 13;B?NGO L?LYUM;195.00 TL;;;TÜRK?YE;15.10.2025;
40084107;40084107;-1;ADET;Ean 8;KINDER SUPRIZ YUMURTA 20GR;70.00 TL;40.00;;TÜRK?YE;28.11.2025 09:46;60.00
8,69745E+12;8,69745E+12;;ADET;Ean 13;KD 2SI1A 8LI KLASIK;115.00 TL;40.00;;TÜRK?YE;27.06.2026 10:55;125.00
8,69878E+12;8,69878E+12;;ADET;Ean 13;TORUN ALTURKA GOFRET 200 GR;40.00 TL;25.00;;TÜRK?YE;16.10.2025;
8,69774E+12;8,69774E+12;;ADET;Ean 13;BALABAN BOZA 1LT;185.00 TL;125.00;;TÜRK?YE;6.12.2025 12:11;175.00
8,68351E+12;8,68351E+12;;ADET;Ean 13;ÜLKER Ç?KOLATA ?STANBUL 93 GR;110.00 TL;80.00;;TÜRK?YE;18.10.2025;
8,69053E+12;8,69053E+12;-3;ADET;Ean 13;ET? TART 45 GR;25.00 TL;15.00;;TÜRK?YE;18.10.2025;
8,85096E+12;8,85096E+12;;ADET;Ean 13;OK H?SSET 20 L?;450.00 TL;;;TÜRK?YE;18.10.2025;
8,85096E+12;8,85096E+12;;ADET;Ean 13;OK H?SSET 20 L?ULTRA ?NCE;450.00 TL;;;TÜRK?YE;18.10.2025;
8,70022E+12;8,70022E+12;;ADET;Ean 13;HEAD SHOULDERS ?AMPUAN BESLEY?C? KAPIK MOR;185.00 TL;;;TÜRK?YE;6.12.2025 13:56;159.00
8,69303E+12;8,69303E+12;;ADET;Ean 13;ELVAN TODAY CROISSANT 45GR CIKOLATALI;30.00 TL;;;TÜRK?YE;18.10.2025;
8,69187E+12;8,69187E+12;;ADET;Ean 13;?NC? IHLAMUR 50 GR;200.00 TL;;;TÜRK?YE;20.10.2025;
8,69173E+12;8,69173E+12;;ADET;Ean 13;ÖNCÜ DOM.ACI TATLI BIBER 1600GR;320.00 TL;220.00;;TÜRK?YE;20.10.2025;
8,69389E+12;8,69389E+12;;ADET;Ean 13;ÖNCÜ ACI B?BER SALÇASI 900 GR;220.00 TL;145.00;;TÜRK?YE;7.01.2026 10:52;199.00
8,69052E+12;8,69052E+12;;ADET;Ean 13;KENT SEKER 1 KG MEYBON BONBON;350.00 TL;;;TÜRK?YE;21.10.2025;
8,68493E+12;8,68493E+12;;ADET;Ean 13;V?TA BAHÇE PAPATYA 50;125.00 TL;80.00;;TÜRK?YE;21.10.2025;
8,68493E+12;8,68493E+12;;ADET;Ean 13;V?TA BAHÇE ADA ÇAYI 100 GR;125.00 TL;80.00;;TÜRK?YE;21.10.2025;
8,69904E+12;8,69904E+12;-1;ADET;Ean 13;K?L?KYA ADANA ?ALGAM;50.00 TL;26.00;;TÜRK?YE;23.10.2025;
8,69904E+12;8,69904E+12;;ADET;Ean 13;K?L?KYA ADANA ?ALGAM ACILI 1 LT;50.00 TL;26.00;;TÜRK?YE;23.10.2025;
8,69079E+12;8,69079E+12;;ADET;Ean 13;TADIM KURU UZUM 140 GR;65.00 TL;;;TÜRK?YE;23.10.2025;
8,69057E+12;8,69057E+12;;ADET;Ean 13;L?PTON ICE TEA MANGO 330ML;60.00 TL;;;TÜRK?YE;2.06.2026 13:12;50.00
8,68342E+12;8,68342E+12;;ADET;Ean 13;TADELLE 200GR POSET;250.00 TL;195.00;;TÜRK?YE;26.10.2025;
8,68163E+12;8,68163E+12;;ADET;Ean 13;ZUBER ELMA-TARCIN DOGAL MEY.TATL 40GR;55.00 TL;;;TÜRK?YE;26.10.2025;
8,69012E+12;8,69012E+12;-1;ADET;Ean 13;TORKU KRISTAL TOZ SEKER 5 KG;365.00 TL;240.00;;TÜRK?YE;1.07.2026 09:18;330.00
8,69853E+12;8,69853E+12;;ADET;Ean 13;SEYIDOGLU PISMANIYE 125 GR;60.00 TL;48.00;;TÜRK?YE;27.10.2025;
8,68351E+12;8,68351E+12;;ADET;Ean 13;ÜLKER ?STANBUL Ç?KOLATA 35 GR;60.00 TL;30.00;;TÜRK?YE;29.10.2025;
86947916;86947916;;ADET;Ean 8;MENTOS PURE Ç?LEK 15 L?;60.00 TL;;;TÜRK?YE;29.10.2025;
80861256;80861256;;ADET;Ean 8;MENTOS PURE YE??L NANE 30 GR;60.00 TL;;;TÜRK?YE;29.10.2025 15:27;500.00
8,69072E+12;8,69072E+12;;ADET;Ean 13;DO?U? OR?G?N ICE TEA 250ML;35.00 TL;;;TÜRK?YE;29.10.2025;
8,68068E+12;8,68068E+12;;ADET;Ean 13;LABUDUBAI YUMYUM;50.00 TL;28.00;;TÜRK?YE;30.10.2025;
8,69053E+12;8,69053E+12;;ADET;Ean 13;ETI 200GR PETIT BEURRE KLASIK;30.00 TL;24.00;;TÜRK?YE;30.10.2025;
8,69055E+12;8,69055E+12;;ADET;Ean 13;SALON 400 ML BEYAZ SABUN ESANSLI;45.00 TL;32.00;;TÜRK?YE;31.10.2025;
8,69055E+12;8,69055E+12;-1;ADET;Ean 13;SALON 400 ML MANGO*;45.00 TL;;;TÜRK?YE;31.10.2025;
8,69055E+12;8,69055E+12;-3;ADET;Ean 13;SALOON SIVI SABUN GÜLLÜ 400ML;45.00 TL;;;TÜRK?YE;31.10.2025;
8,69063E+12;8,69063E+12;;ADET;Ean 13;NESCAFE CAPPUCCINO TOZ;20.00 TL;;;TÜRK?YE;31.10.2025;
8,69853E+12;8,69853E+12;-1;ADET;Ean 13;SEYIDOGLU RECEL 380GR CILEK;150.00 TL;74.00;;TÜRK?YE;2.11.2025 10:21;115.00
8,69853E+12;8,69853E+12;-1;ADET;Ean 13;SEYIDOGLU RECEL 380GR VISNE;150.00 TL;91.00;;TÜRK?YE;31.10.2025;
8,69745E+12;8,69745E+12;;ADET;Ean 13;TOFITA STREC FLM 15M;120.00 TL;30.00;;TÜRK?YE;3.04.2026 16:42;100.00
8,69053E+12;8,69053E+12;;ADET;Ean 13;ETI CRAX CUBUK KRAKER 85GR;15.00 TL;;;TÜRK?YE;31.10.2025;
8,69913E+12;8,69913E+12;;ADET;Ean 13;SULTAN SU 0,5LT;10.00 TL;Mar.50;;TÜRK?YE;1.11.2025;
8,69643E+12;8,69643E+12;;ADET;Ean 13;LEZITA DONDULMUS SINITZEL;289.00 TL;165.00;;TÜRK?YE;1.11.2025 20:21;240.00
8,72061E+12;8,72061E+12;;ADET;Ean 13;L?PTON 100 ADET PO?ET ÇAY;275.00 TL;;;TÜRK?YE;2.11.2025;
8,69072E+12;8,69072E+12;;ADET;Ean 13;DOGUS YESIL CAY SEFTALI35GR;80.00 TL;;;TÜRK?YE;2.11.2025;
8,68232E+12;8,68232E+12;;ADET;Ean 13;AMPUL SELDUR;75.00 TL;;;TÜRK?YE;28.11.2025 12:55;60.00
8,68313E+12;8,68313E+12;;ADET;Ean 13;YUMO? AÇIK HAVA NERG?S1440 ML;220.00 TL;160.00;;TÜRK?YE;6.11.2025;
8,68313E+12;8,68313E+12;;ADET;Ean 13;YUMO? AÇIK HAVA MAV? GEL?NC?K 1440 ML;220.00 TL;160.00;;TÜRK?YE;6.11.2025 10:00;215.00
8,69053E+12;8,69053E+12;;ADET;Ean 13;DALAN SIVI SABUN 3 LT;175.00 TL;85.00;;TÜRK?YE;29.05.2026 15:53;160.00
8,69171E+12;8,69171E+12;-1;ADET;Ean 13;?ÖLEN PAP?TA KARAMEL 20 GR;10.00 TL;8.00;;TÜRK?YE;6.11.2025;
8,69171E+12;8,69171E+12;;ADET;Ean 13;?ÖLEN PAP?TA SÜTLÜ 20 GR;10.00 TL;8.00;;TÜRK?YE;6.11.2025;
8,69297E+12;8,69297E+12;;ADET;Ean 13;?Ç?M KEF?R SADE 250 ML;45.00 TL;26.00;;TÜRK?YE;21.05.2026 11:12;35.00
8,69297E+12;8,69297E+12;;ADET;Ean 13;?Ç?M KEF?R Ç?LEKL? 250 ML;45.00 TL;26.00;;TÜRK?YE;21.05.2026 11:12;35.00
9,0001E+12;9,0001E+12;;ADET;Ean 13;PERWOLL YEN?LEME RENKL? 1 LT;120.00 TL;70.00;;TÜRK?YE;6.11.2025;
9,0001E+12;9,0001E+12;;ADET;Ean 13;PERWOLL RENKL? 1,5 LT;175.00 TL;100.00;;TÜRK?YE;6.11.2025;
8,68488E+12;8,68488E+12;;ADET;Ean 13;ASMAM YAPRAK SARMA;350.00 TL;;;TÜRK?YE;7.11.2025;
8,6842E+12;8,6842E+12;;ADET;Ean 13;PESSOTT? KED? D?L?M?;100.00 TL;;;TÜRK?YE;7.11.2025;
8,69054E+12;8,69054E+12;;ADET;Ean 13;B?NGO BEGONV?L 1440 ML;220.00 TL;;;TÜRK?YE;7.11.2025;
8,69079E+12;8,69079E+12;;ADET;Ean 13;TADIM AY CEKIRDEGI 200 GR. ARIZONA;30.00 TL;16.00;;TÜRK?YE;10.11.2025;
8,69107E+12;8,69107E+12;;ADET;Ean 13;TIME WAFER MASTER 120GR FINDIKLI;85.00 TL;;;TÜRK?YE;13.11.2025;
8,69054E+12;8,69054E+12;;ADET;Ean 13;B?NGO AKILLI KAPSÜL 60 ADET;450.00 TL;175.00;;TÜRK?YE;13.11.2025;
8,69053E+12;8,69053E+12;;ADET;Ean 13;ET? KARAM GURME ANTEP 36 GR;60.00 TL;45.00;;TÜRK?YE;13.11.2025;
8,68471E+12;8,68471E+12;;ADET;Ean 13;WÖRF ARABA KOKUSU;75.00 TL;30.00;;TÜRK?YE;14.11.2025;
8,68471E+12;8,68471E+12;;ADET;Ean 13;WÖRF ARABA KOKUSU VAN?LYA;75.00 TL;30.00;;TÜRK?YE;14.11.2025;
8,68471E+12;8,68471E+12;;ADET;Ean 13;WÖRF JOKER;75.00 TL;30.00;;TÜRK?YE;14.11.2025;
8,68471E+12;8,68471E+12;;ADET;Ean 13;WÖRF BLACK MR;75.00 TL;30.00;;TÜRK?YE;14.11.2025;
8,68471E+12;8,68471E+12;;ADET;Ean 13;WÖRF BLACK MR1;75.00 TL;30.00;;TÜRK?YE;14.11.2025;
8,68471E+12;8,68471E+12;;ADET;Ean 13;WÖRF OCEAN;75.00 TL;30.00;;TÜRK?YE;14.11.2025;
8,68471E+12;8,68471E+12;;ADET;Ean 13;WÖRF NEFES;75.00 TL;30.00;;TÜRK?YE;14.11.2025;
8,6907E+12;8,6907E+12;;ADET;Ean 13;GRISSINO YULAFLI;90.00 TL;;;TÜRK?YE;14.11.2025;
8,69053E+12;8,69053E+12;;ADET;Ean 13;ET? SOSBOM SUTLU KREMALI 50 GR;30.00 TL;;;TÜRK?YE;14.11.2025;
8,69062E+12;8,69062E+12;;ADET;Ean 13;C?PS DOR?TOS STORMING;35.00 TL;;;TÜRK?YE;11.06.2026 13:49;30.00
8,69079E+12;8,69079E+12;;ADET;Ean 13;TADIM ??LENM?? YER FISTI?I;45.00 TL;;;TÜRK?YE;17.11.2025;
8,68421E+12;8,68421E+12;;ADET;Ean 13;LUCATECH IPHONE ?ARJ KABLOSU;150.00 TL;50.00;;TÜRK?YE;17.11.2025;
8,68494E+12;8,68494E+12;-3;ADET;Ean 13;MNV KRAL MANTAR 400 GR;150.00 TL;60.00;MANAV;TÜRK?YE;12.01.2026 17:14;125.00
90486654;90486654;-2;ADET;Ean 8;REDBULL ELMALI;85.00 TL;;;TÜRK?YE;4.05.2026 13:07;70.00
7,62221E+12;7,62221E+12;-3;ADET;Ean 13;MILKA BONIBON 24.3GR;40.00 TL;;;TÜRK?YE;20.11.2025;
7,6222E+12;7,6222E+12;;ADET;Ean 13;M?LKA FINDIK PARÇACIKLARI 45 GR;60.00 TL;40.00;;TÜRK?YE;20.11.2025;
7,6222E+12;7,6222E+12;-1;ADET;Ean 13;M?LKA SÜTLÜ 45 GR;60.00 TL;40.00;;TÜRK?YE;20.11.2025;
8,68091E+12;8,68091E+12;;ADET;Ean 13;INDOM?ES JUMBO TAVUK AROMALI HAZIR NOODLE;30.00 TL;;;TÜRK?YE;17.04.2026 09:21;25.00
8,69063E+12;8,69063E+12;-1;ADET;Ean 13;NESTLE K?TKAT FINDIK 38 GR;40.00 TL;26.00;;TÜRK?YE;21.11.2025;
8,69063E+12;8,69063E+12;-2;ADET;Ean 13;NESTLE K?TKAT CHUNKY B?TTER 38 GR;40.00 TL;26.00;;TÜRK?YE;21.11.2025;
3,01426E+12;3,01426E+12;;ADET;Ean 13;ORAL-B BAMBOO;140.00 TL;60.00;;TÜRK?YE;21.11.2025;
8,69056E+12;8,69056E+12;;ADET;Ean 13;BANAT DIS FIRCASI PIKOLO COCUK;65.00 TL;20.00;;TÜRK?YE;28.11.2025 12:55;40.00
8,69093E+12;8,69093E+12;-1;ADET;Ean 13;DIFAS RAINBOW DIS FIRCASI;75.00 TL;25.00;;TÜRK?YE;21.11.2025;
8,68313E+12;8,68313E+12;;ADET;Ean 13;EL?DOR PEPT?T ONARIM 400ML;159.00 TL;;;TÜRK?YE;21.11.2025;
8,68313E+12;8,68313E+12;;ADET;Ean 13;EL?DOR N?AS?NAM?D 400ML;159.00 TL;;;TÜRK?YE;21.11.2025;
8,68313E+12;8,68313E+12;;ADET;Ean 13;CLEARMEN ULTRA HAC?M 350;185.00 TL;;;TÜRK?YE;21.11.2025;
8,69051E+12;8,69051E+12;;ADET;Ean 13;DURU KOLANYA 200ML;100.00 TL;;;TÜRK?YE;21.11.2025;
8,68101E+12;8,68101E+12;-1;ADET;Ean 13;ISRA LED AMPUL 10W 900 LUMEN;75.00 TL;;;TÜRK?YE;21.11.2025;
8,69064E+12;8,69064E+12;;ADET;Ean 13;TAT DOMATES SALCA CAM 710CC 12LI;95.00 TL;;;TÜRK?YE;23.11.2025 20:33;90.00
8,69187E+12;8,69187E+12;;ADET;Ean 13;?NC? SUSAM 30GR;50.00 TL;;;TÜRK?YE;23.11.2025;
8,69187E+12;8,69187E+12;;ADET;Ean 13;?NC? KARABIBER 25 GR;50.00 TL;;;TÜRK?YE;23.11.2025;
8,68399E+12;8,68399E+12;-1;ADET;Ean 13;HAKNAZ S?YAH ÜZÜM 400GR;295.00 TL;;;TÜRK?YE;23.11.2025;
8,69079E+12;8,69079E+12;;ADET;Ean 13;TADIM CITIR FISTIXX 140GR TACO BAHARATLI;50.00 TL;;;TÜRK?YE;24.11.2025;
8,69079E+12;8,69079E+12;;ADET;Ean 13;TADIM FISTIXX TUZLU YER FISTIK 180GR;60.00 TL;;;TÜRK?YE;24.11.2025;
8,69079E+12;8,69079E+12;;ADET;Ean 13;TADIM YER FISTIK 180GRACI BAHARATLI;50.00 TL;;;TÜRK?YE;24.11.2025;
8,69079E+12;8,69079E+12;;ADET;Ean 13;TADIM YER FISTIK 180GR RANCH;50.00 TL;;;TÜRK?YE;24.11.2025;
8,69079E+12;8,69079E+12;;ADET;Ean 13;TADIM YER FISTIK BARBEKU 180GR;50.00 TL;;;TÜRK?YE;24.11.2025;
8,69079E+12;8,69079E+12;;ADET;Ean 13;TADIM CITIR FISTIXX 140GR EKSI KREMA SOGAN CESNILI;50.00 TL;;;TÜRK?YE;24.11.2025;
8,68143E+12;8,68143E+12;-1;ADET;Ean 13;KAYABEY BAHARAT NANE30GR;60.00 TL;25.00;;TÜRK?YE;28.11.2025 12:54;50.00
8,68143E+12;8,68143E+12;-2;ADET;Ean 13;KAYABEY BAHARAT KARAB?BER 50 GR;75.00 TL;35.00;;TÜRK?YE;28.11.2025 12:49;65.00
8,68143E+12;8,68143E+12;-1;ADET;Ean 13;KAYABEY BAHARAT SUMAK 50GR;60.00 TL;25.00;;TÜRK?YE;28.11.2025 12:49;50.00
8,68143E+12;8,68143E+12;-1;ADET;Ean 13;KAYABEY BAHARAT PUL BIBER 60 GR;75.00 TL;1.00;;TÜRK?YE;24.11.2025;
8,68143E+12;8,68143E+12;;ADET;Ean 13;KAYABEY BAHARAT ZENCEF?L 50 GR;60.00 TL;25.00;;TÜRK?YE;28.11.2025 12:54;50.00
8,68143E+12;8,68143E+12;;ADET;Ean 13;KAYABEY BAHARAT ZERDEÇAL 50 GR;60.00 TL;25.00;;TÜRK?YE;28.11.2025 12:53;50.00
8,68143E+12;8,68143E+12;;ADET;Ean 13;KAYABEY BAHARAT TOZ TARÇIN 50 GR;60.00 TL;25.00;;TÜRK?YE;28.11.2025 12:50;50.00
8,68143E+12;8,68143E+12;;ADET;Ean 13;KAYABEY BAHARAT K?MYON 50 GR;60.00 TL;25.00;;TÜRK?YE;28.11.2025 12:54;50.00
8,68143E+12;8,68143E+12;;ADET;Ean 13;KAYABEY BAHARAT KEKIK 25gr;60.00 TL;25.00;;TÜRK?YE;28.11.2025 12:54;50.00
8,68143E+12;8,68143E+12;;ADET;Ean 13;KAYABEY H?ND?STAN CEV?Z? 50GR;75.00 TL;25.00;;TÜRK?YE;28.11.2025 11:32;60.00
8,6907E+12;8,6907E+12;;ADET;Ean 13;UNO SÜPER TOST 470 GR;110.00 TL;;;TÜRK?YE;13.08.2026 09:16;100.00
8,6905E+12;8,6905E+12;;ADET;Ean 13;ÜLKER PÖT?BÖR B?SKÜV? 229 GR;75.00 TL;40.00;;TÜRK?YE;26.11.2025;
8,69297E+12;8,69297E+12;;ADET;Ean 13;?Ç?M KEF?R ARONYA KARADUT;45.00 TL;25.00;;TÜRK?YE;21.05.2026 11:12;35.00
8,69297E+12;8,69297E+12;;ADET;Ean 13;?Ç?M KEF?R ORMAN MEYVEL?;45.00 TL;25.00;;TÜRK?YE;21.05.2026 11:12;40.00
8,6849E+12;8,6849E+12;;ADET;Ean 13;GOR?LLA WATERMELON 250 ML;40.00 TL;25.00;;TÜRK?YE;27.11.2025;
8,6849E+12;8,6849E+12;;ADET;Ean 13;GOR?LLA RASP?BERRY;40.00 TL;25.00;;TÜRK?YE;27.11.2025;
8,6849E+12;8,6849E+12;;ADET;Ean 13;GOR?LLA ENERJ? ULTIMATE;40.00 TL;20.00;;TÜRK?YE;27.11.2025;
8,6849E+12;8,6849E+12;;ADET;Ean 13;GOR?LLA ENERJ? 500 ML;65.00 TL;35.00;;TÜRK?YE;27.11.2025;
1,50015E+12;1,50015E+12;;ADET;Ean 13;GOR?LLA 500 ML;65.00 TL;35.00;;TÜRK?YE;27.11.2025;
8,6849E+12;8,6849E+12;;ADET;Ean 13;GOR?LLA WATERMELON 500 ML;65.00 TL;35.00;;TÜRK?YE;27.11.2025;
8,68091E+12;8,68091E+12;;ADET;Ean 13;INDO SUPER MIE 75GR;20.00 TL;;;TÜRK?YE;27.11.2025;
90456084;90456084;;ADET;Ean 8;REDBULL THE WH?TE EDITION;85.00 TL;;;TÜRK?YE;4.05.2026 13:07;70.00
8,68224E+12;8,68224E+12;;ADET;Ean 13;SLEEPY ÇAM FERAHLI?I;125.00 TL;;;TÜRK?YE;28.11.2025;
8,72017E+12;8,72017E+12;;ADET;Ean 13;PHILIPS 8W BEYAZ I?IK ;75.00 TL;;;TÜRK?YE;28.11.2025;
8,69079E+12;8,69079E+12;;ADET;Ean 13;TADIMTACO;30.00 TL;;;TÜRK?YE;28.11.2025;
8,69053E+12;8,69053E+12;-1;ADET;Ean 13;ET? GOFRET PET?TO;20.00 TL;;;TÜRK?YE;18.01.2026 11:16;15.00
86949804;86949804;;ADET;Ean 8;ULUDA? FRUTT?;25.00 TL;;;TÜRK?YE;8.07.2026 18:42;20.00
8,00654E+12;8,00654E+12;;ADET;Ean 13;ORK?D PLAT?N?UM HED?YEL?;175.00 TL;;;TÜRK?YE;2.12.2025;
8,00184E+12;8,00184E+12;;ADET;Ean 13;ORK?D 8 L? GÜNDÜZ ;175.00 TL;;;TÜRK?YE;2.12.2025;
8,68015E+12;8,68015E+12;;ADET;Ean 13;EGE Ç?FTL??? HAMBURGER KÖFTE 500 GR;175.00 TL;100.00;;TÜRK?YE;23.12.2025 22:43;150.00
8,68015E+12;8,68015E+12;;ADET;Ean 13;EGE Ç?FTL?K  M?SKET 500 GR;175.00 TL;100.00;;TÜRK?YE;23.12.2025 22:43;150.00
8,69077E+12;8,69077E+12;;ADET;Ean 13;SÜTAS 1LT LIGHT SUT;60.00 TL;;;TÜRK?YE;3.12.2025;
8,6905E+12;8,6905E+12;;ADET;Ean 13;ÜLKER DANKEK MADEL?N;55.00 TL;38.00;;TÜRK?YE;3.12.2025;
VADE FARKI7;;;ADET;[Hiçbiri];BEYBI PN ZEBRA;80.00 TL;;;;3.12.2025 10:59;
8,69058E+12;8,69058E+12;;ADET;Ean 13;BARILLA MAK.500GR MANTI;55.00 TL;38.00;;TÜRK?YE;3.12.2025;
86945868;86945868;;ADET;Ean 8;B?GBABOL MUZLU;30.00 TL;;;TÜRK?YE;3.12.2025;
8,68399E+12;8,68399E+12;;ADET;Ean 13;HAKNAZ KABUKLU CEV?Z;350.00 TL;;;TÜRK?YE;4.12.2025;
8,69297E+12;8,69297E+12;;ADET;Ean 13;?Ç?M KEF?R MANGO PORTAKAL 250 ML;45.00 TL;25.00;;TÜRK?YE;21.05.2026 11:12;40.00
8,69061E+12;8,69061E+12;;ADET;Ean 13;SESU ILIK AGDA;100.00 TL;60.00;;TÜRK?YE;4.12.2025;
8,68091E+12;8,68091E+12;;ADET;Ean 13;SÜPERM KÖR?L?;20.00 TL;;;TÜRK?YE;4.12.2025;
8,69927E+12;8,69927E+12;;ADET;Ean 13;TAMBOL BOL SÜTLÜ 77GR;70.00 TL;35.00;;TÜRK?YE;6.12.2025 12:06;50.00
8,69254E+12;8,69254E+12;;ADET;Ean 13;BARBIE LOLIPOP PATLAYAN SEKER 12GR;20.00 TL;Tem.50;;TÜRK?YE;6.12.2025 12:06;15.00
8,69914E+12;8,69914E+12;-1;ADET;Ean 13;?ÖLEN PAP?TA DONUT 40 GR;20.00 TL;10.00;;TÜRK?YE;6.12.2025 12:05;15.00
8,6905E+12;8,6905E+12;;ADET;Ean 13;ÜLKER KEKSTRA CREMO 33 GR;20.00 TL;;;TÜRK?YE;6.12.2025 21:25;15.00
8,69063E+12;8,69063E+12;;ADET;Ean 13;NESTLE DAMAK M?N? 33 GR;60.00 TL;44.00;;TÜRK?YE;5.12.2025;
8,69063E+12;8,69063E+12;;ADET;Ean 13;NESQUIK TAHIL GEVREGI COKOKARE 310GR;185.00 TL;100.00;;TÜRK?YE;5.12.2025;
8,69745E+12;8,69745E+12;-1;ADET;Ean 13;VATAN DO?AL P???RME KA?IDI;175.00 TL;54.00;;TÜRK?YE;5.12.2025;
8,69862E+12;8,69862E+12;;ADET;Ean 13;VATAN CAMASIR SUYU 1LT BAHAR;65.00 TL;32.00;;TÜRK?YE;3.07.2026 15:14;55.00
8,68201E+12;8,68201E+12;;ADET;Ean 13;SM?LE ISLAK HAVLU120 L?;40.00 TL;18.00;;TÜRK?YE;5.12.2025;
8,68562E+12;8,68562E+12;;ADET;Ean 13;BEBETO LABUBU Ç?KOLATA;60.00 TL;37.50;;TÜRK?YE;5.12.2025;
86947961;86947961;;ADET;Ean 8;V?V?DENT STORM?NG TRI;60.00 TL;;;TÜRK?YE;6.12.2025;
6,95565E+12;6,95565E+12;;ADET;Ean 13;IMA-027 TIRNAK MAKASI BUYUK;50.00 TL;22.00;;TÜRK?YE;6.12.2025;
8,69743E+12;8,69743E+12;-1;ADET;Ean 13;FR?GGY PARÇACIKLI FISTIK EZMES?;165.00 TL;100.00;;TÜRK?YE;6.12.2025;
8,69053E+12;8,69053E+12;-1;ADET;Ean 13;ET?GONG SÜTLÜ KAKAOLU 30 GR;30.00 TL;20.00;;TÜRK?YE;6.12.2025;
8,69053E+12;8,69053E+12;-1;ADET;Ean 13;ET? GONG Ç?LEKL? YO?URTLU 30 GR;30.00 TL;20.00;;TÜRK?YE;6.12.2025;
8,68313E+12;8,68313E+12;;ADET;Ean 13;REXONA OCEAN DEEP;195.00 TL;10.00;;TÜRK?YE;6.12.2025;
8,68313E+12;8,68313E+12;;ADET;Ean 13;REXONA ENERG?SE;195.00 TL;;;TÜRK?YE;6.12.2025;
8,69153E+12;8,69153E+12;;ADET;Ean 13;MUJDE KULOTLU CORAP 86-VIZYON BEDEN-1;70.00 TL;;;TÜRK?YE;6.12.2025;
8,69153E+12;8,69153E+12;;ADET;Ean 13;MUJDE CORAP KULOTLU NO:58-2-;70.00 TL;;;TÜRK?YE;6.12.2025;
8,69153E+12;8,69153E+12;;ADET;Ean 13;MUJDE KULOTLU CORAP 58-1;70.00 TL;;;TÜRK?YE;6.12.2025;
8,69153E+12;8,69153E+12;;ADET;Ean 13;ERKEK PATIK CORAP;70.00 TL;;;TÜRK?YE;6.12.2025;
8,69153E+12;8,69153E+12;;ADET;Ean 13;MUJDE CORAP DIZ ALTI SOGAN KAHVE;35.00 TL;;;TÜRK?YE;6.12.2025;
8,69153E+12;8,69153E+12;;ADET;Ean 13;MUJDE MUS KALIN 57 TEN;50.00 TL;20.00;;TÜRK?YE;6.12.2025;
8,69753E+12;8,69753E+12;-1;ADET;Ean 13;NERO KURDAN 400 ADET;40.00 TL;;;TÜRK?YE;6.12.2025 21:24;35.00
8,68313E+12;8,68313E+12;;ADET;Ean 13;DOVE KEPEGE KARSI ALOEVERA OZU SAMPUAN 400ML;160.00 TL;;;TÜRK?YE;6.12.2025;
8,68313E+12;8,68313E+12;;ADET;Ean 13;DOVE ULTRA CARE ONARICI ARGAN YA?I;160.00 TL;;;TÜRK?YE;6.12.2025;
8,68313E+12;8,68313E+12;;ADET;Ean 13;DOVE DOKULMEYE KARSI AVOKADO OZU SAMPUAN 400ML;160.00 TL;;;TÜRK?YE;6.12.2025;
8,69064E+12;8,69064E+12;;ADET;Ean 13;OMO MATIK 4 KG COLOR;385.00 TL;245.00;;TÜRK?YE;6.12.2025 21:09;375.00
8,68341E+12;8,68341E+12;;ADET;Ean 13;PAP?L?ON SIVI SABUN 3 L ZEYT?N YA?LI;140.00 TL;85.00;;TÜRK?YE;7.12.2025;
8,68341E+12;8,68341E+12;;ADET;Ean 13;PAP?L?ON SIVI SABUN MANGO 3LT;140.00 TL;85.00;;TÜRK?YE;7.12.2025;
8,68392E+12;8,68392E+12;;ADET;Ean 13;ELLO  RABB?T;40.00 TL;;;TÜRK?YE;11.12.2025 12:11;35.00
8,68151E+12;8,68151E+12;;ADET;Ean 13;C?PSO TUBE KETÇAPLI;80.00 TL;;;TÜRK?YE;6.05.2026 17:38;75.00
8,68151E+12;8,68151E+12;;ADET;Ean 13;C?PSO TUBE;80.00 TL;;;TÜRK?YE;6.05.2026 17:38;75.00
8,69171E+12;8,69171E+12;;ADET;Ean 13;?ÖLEN LUPPO KAKAOLU 55 GR;30.00 TL;20.00;;TÜRK?YE;11.12.2025;
8,68143E+12;8,68143E+12;;ADET;Ean 13;KAYABEY BAHARAT L?MON TUZU 80 GR;60.00 TL;25.00;;TÜRK?YE;11.12.2025;
8,68143E+12;8,68143E+12;;ADET;Ean 13;KAYABEY ?SOT 50 GR;60.00 TL;25.00;;TÜRK?YE;11.12.2025;
8,68143E+12;8,68143E+12;;ADET;Ean 13;KAYABEY KOR? 50 GR;60.00 TL;25.00;;TÜRK?YE;11.12.2025;
8,68143E+12;8,68143E+12;;ADET;Ean 13;KAYABEY BAHARAT YEN? BAHAR 50 GR;85.00 TL;45.00;;TÜRK?YE;11.12.2025;
7,6222E+12;7,6222E+12;-2;ADET;Ean 13;OREO ORIGINAL 95 GR;75.00 TL;39.00;;TÜRK?YE;11.12.2025;
8,69053E+12;8,69053E+12;;ADET;Ean 13;ET? Ç?KOLATA SÜTLÜ;70.00 TL;;;TÜRK?YE;17.02.2026 11:09;65.00
8,68372E+12;8,68372E+12;;ADET;Ean 13;MASTER POTATO TUZLU S?RKEL? 160 GR;115.00 TL;73.00;;TÜRK?YE;4.03.2026 11:43;100.00
8,69779E+12;8,69779E+12;;ADET;Ean 13;TARAFTAR CAKMAK FENER;90.00 TL;20.00;;TÜRK?YE;15.12.2025;
8,69779E+12;8,69779E+12;;ADET;Ean 13;I-LIGHTER TURBO CAKMAK BJK;90.00 TL;20.00;;TÜRK?YE;15.12.2025;
5,00039E+12;5,00039E+12;;ADET;Ean 13;DURACELL 2 LI KALEM PIL;120.00 TL;;;TÜRK?YE;16.12.2025;
8,68132E+12;8,68132E+12;;ADET;Ean 13;SÜTA? TAM YAGLI SUT 1 LT;60.00 TL;48.00;;TÜRK?YE;16.12.2025;
8,69057E+12;8,69057E+12;;ADET;Ean 13;L?PTON ICETEA KARI?IK VORMAN MEYVEL? 1 LT;70.00 TL;48.00;;TÜRK?YE;22.07.2026 12:08;65.00
8,69271E+12;8,69271E+12;;ADET;Ean 13;EFSANE KUS YENI 250 GR S.KIRMIZI;50.00 TL;27.00;;TÜRK?YE;17.12.2025;
8,69077E+12;8,69077E+12;;ADET;Ean 13;BILLUR TUZ 500GR PLS.TUZLUKLU IYOTLU;50.00 TL;30.00;;TÜRK?YE;17.12.2025;
8,68151E+12;8,68151E+12;-2;ADET;Ean 13;C?PSO ACI BAHARAT;80.00 TL;45.00;;TÜRK?YE;6.05.2026 17:37;75.00
8,6807E+12;8,6807E+12;;ADET;Ean 13;POLMIX ORTA BOY COP POSETI LAVANTA;40.00 TL;19.00;;TÜRK?YE;19.12.2025 11:26;35.00
8,69273E+12;8,69273E+12;-1;ADET;Ean 13;FLOPYY JUMBO BOY COP TORBASI;150.00 TL;50.00;;TÜRK?YE;17.12.2025;
8,68135E+12;8,68135E+12;;ADET;Ean 13;SODA AV?ARYABAN MERS?N? 6 LI;120.00 TL;60.00;;TÜRK?YE;22.07.2026 11:48;115.00
8,68135E+12;8,68135E+12;;ADET;Ean 13;AVSAR SODA KARPUZ 6 LI;115.00 TL;60.00;;TÜRK?YE;17.12.2025;
8,68135E+12;8,68135E+12;;ADET;Ean 13;AVSAR MEYVELI SODA 200ML YESIL ELMA 6 LI;115.00 TL;60.00;;TÜRK?YE;17.12.2025;
8,68135E+12;8,68135E+12;;ADET;Ean 13;AVSAR SODA LIMON 6 LI.;115.00 TL;60.00;;TÜRK?YE;17.12.2025;
8,68135E+12;8,68135E+12;;ADET;Ean 13;AVSAR SODA ARMUT 6 LI.;115.00 TL;60.00;;TÜRK?YE;19.12.2025;
8,6913E+12;8,6913E+12;;ADET;Ean 13;ASLANLI PAMUK 100 GR;40.00 TL;;;TÜRK?YE;19.12.2025;
8,68254E+12;8,68254E+12;-1;ADET;Ean 13;KASAI RUZGAE CAKMAK;30.00 TL;;;TÜRK?YE;19.12.2025;
3,60052E+12;3,60052E+12;;ADET;Ean 13;ELSEVE LOREAL PARIS COLOR COLOR VIVE;165.00 TL;;;TÜRK?YE;19.12.2025;
8,69074E+12;8,69074E+12;-1;ADET;Ean 13;ECE L?MON SUYU 1 LT;100.00 TL;55.00;;TÜRK?YE;20.12.2025;
8,68145E+12;8,68145E+12;;ADET;Ean 13;TOYBOX MISKET SAKIZ;25.00 TL;12.00;;TÜRK?YE;20.12.2025;
8,68145E+12;8,68145E+12;-3;ADET;Ean 13;TOYBOX ?ER?T M?SKET;25.00 TL;10.00;;TÜRK?YE;8.03.2026 22:06;20.00
8,68145E+12;8,68145E+12;;ADET;Ean 13;TOYBOX EK?? ?EKER;2.50 TL;;;TÜRK?YE;20.12.2025;
8,68229E+12;8,68229E+12;;ADET;Ean 13;B?Z?M MUTFAK KREMALI MANTAR ÇORBASI;50.00 TL;;;TÜRK?YE;18.08.2026 13:45;42.50
8,68313E+12;8,68313E+12;;ADET;Ean 13;CIF ZEMIN UZMANI 895 ML FAYANS;125.00 TL;74.00;;TÜRK?YE;21.12.2025;
8,69052E+12;8,69052E+12;;ADET;Ean 13;CIF 750GR JEL BANYO CICEK FERAHLIGI;125.00 TL;74.00;;TÜRK?YE;21.12.2025;
8,69052E+12;8,69052E+12;-1;ADET;Ean 13;CIF 750GR JEL MUTFAK BAHAR FERAHLIGI;125.00 TL;75.00;;TÜRK?YE;21.12.2025;
8,69054E+12;8,69054E+12;;ADET;Ean 13;B?NGO PREMIUM;199.00 TL;140.00;;TÜRK?YE;22.12.2025 09:58;195.00
8,69074E+12;8,69074E+12;;ADET;Ean 13;KOROPLAST ORTA BOY BUZDOLABI POSETI 4 AL 3 ODE 24X;150.00 TL;75.00;;TÜRK?YE;21.12.2025;
9,0001E+12;9,0001E+12;;ADET;Ean 13;COLOUR RENK KORUYUCU ;75.00 TL;;;TÜRK?YE;21.12.2025;
8,68445E+12;8,68445E+12;;ADET;Ean 13;K?RSAV TUZRUHU 550 ML;45.00 TL;15.00;;TÜRK?YE;23.07.2026 14:18;35.00
8,69079E+12;8,69079E+12;;ADET;Ean 13;TADIM 140GR KAJU;170.00 TL;;;TÜRK?YE;22.12.2025;
8,69062E+12;8,69062E+12;;ADET;Ean 13;C?PS DOR?TOS STORM FLAM?N HOT;60.00 TL;;;TÜRK?YE;22.12.2025;
8,69077E+12;8,69077E+12;;ADET;Ean 13;SÜTA? BUYUMIX M. YOGURT 6X40 BISKUVILI;45.00 TL;;;TÜRK?YE;23.12.2025;
8,69077E+12;8,69077E+12;;ADET;Ean 13;SÜTA? BUYUMIX M.YOGURT 6X45G CILEKLI;45.00 TL;;;TÜRK?YE;23.12.2025;
8,6905E+12;8,6905E+12;;ADET;Ean 13;ÜLKER Ç?Z? ÇITIR PEYN?RL? 160 GR;60.00 TL;46.00;;TÜRK?YE;24.12.2025;
8,6905E+12;8,6905E+12;;ADET;Ean 13;ÜLKER Ç?Z? ÇITIR B?BERL? 160 GR;60.00 TL;46.00;;TÜRK?YE;24.12.2025;
8,80107E+12;8,80107E+12;-1;ADET;Ean 13;BULDAK HOT CH?CKEN;250.00 TL;125.00;;TÜRK?YE;25.12.2025 18:45;295.00
8,80107E+12;8,80107E+12;;ADET;Ean 13;BULDAK HOT CH?CKEN BARDAK;295.00 TL;130.00;;TÜRK?YE;25.12.2025 18:44;325.00
8,69079E+12;8,69079E+12;;ADET;Ean 13;TADIM 180GR ANTEP FISTIGI;400.00 TL;;;TÜRK?YE;25.12.2025;
8,69254E+12;8,69254E+12;;ADET;Ean 13;SHOOGY BOOM  KOLALI;15.00 TL;Tem.50;;TÜRK?YE;25.12.2025;
8,6817E+12;8,6817E+12;;ADET;Ean 13;AKKAN KULTUR MANTAR;150.00 TL;;;TÜRK?YE;12.01.2026 17:14;125.00
8,68175E+12;8,68175E+12;;ADET;Ean 13;HAKNAZ ESKTRA KOKTEYL;275.00 TL;175.00;;TÜRK?YE;26.12.2025;
8,68175E+12;8,68175E+12;;ADET;Ean 13;HAKNAZ TUZLU FISTIK;140.00 TL;;;TÜRK?YE;26.12.2025;
5,05399E+12;5,05399E+12;-1;ADET;Ean 13;PRINGLES 165GR ACILI BAHARATLI;275.00 TL;170.00;;TÜRK?YE;2.03.2026 18:16;295.00
5,05399E+12;5,05399E+12;;ADET;Ean 13;PRINGLES CLASSIC PAPRIKA;275.00 TL;170.00;;TÜRK?YE;2.03.2026 18:16;295.00
5,05399E+12;5,05399E+12;-1;ADET;Ean 13;PRINGLES 165GR SOGAN;275.00 TL;170.00;;TÜRK?YE;2.03.2026 18:17;295.00
5,05399E+12;5,05399E+12;;ADET;Ean 13;PRINGLES KETÇAPLI;275.00 TL;170.00;;TÜRK?YE;2.03.2026 18:17;295.00
87108026;87108026;;ADET;Ean 8;MENTOS SAKIZLI DRAJE KARISIK MEYVE 37,5 GR.;30.00 TL;;;TÜRK?YE;11.04.2026 22:03;25.00
8,69011E+12;8,69011E+12;;ADET;Ean 13;CAYKUR FILIZ 200 GR;120.00 TL;;;TÜRK?YE;27.12.2025;
8,682E+12;8,682E+12;;ADET;Ean 13;B&M KALEM PAFUM MEN;25.00 TL;;;TÜRK?YE;27.12.2025;
8,6905E+12;8,6905E+12;;ADET;Ean 13;ÜLKER Ç?Z? ÇITIR ATI?TIRMALIK TULUM PEYN?R?;45.00 TL;;;TÜRK?YE;29.12.2025;
8,68369E+12;8,68369E+12;;ADET;Ean 13;GREENDAS YA? SÖKÜCÜ;100.00 TL;;;TÜRK?YE;29.12.2025;
8,68252E+12;8,68252E+12;;ADET;Ean 13;RESIMLI CAKMAK;40.00 TL;14.00;;TÜRK?YE;30.12.2025;
8,6913E+12;8,6913E+12;;ADET;Ean 13;COTTON 70LI MAKYAJ PAMUGU;40.00 TL;25.00;;TÜRK?YE;31.12.2025;
8,69064E+12;8,69064E+12;;ADET;Ean 13;CLEAR WOMEN K?L TERAP?S?;185.00 TL;;;TÜRK?YE;31.12.2025;
5,00039E+12;5,00039E+12;;ADET;Ean 13;DURACELL OPT?MUM ;360.00 TL;240.00;;TÜRK?YE;31.12.2025;
tak?s fuego;tak?s fuego;;ADET;Code 39;TAKIS FUEGO;295.00 TL;180.00;;TÜRK?YE;1.01.2026;
5,94114E+12;5,94114E+12;;ADET;Ean 13;TAKIS;295.00 TL;180.00;;TÜRK?YE;1.01.2026;
8,68123E+12;8,68123E+12;-1;ADET;Ean 13;MNV.MANTAR ASEL TARIM 400GR;125.00 TL;;;TÜRK?YE;8.03.2026 21:50;150.00
8,6905E+12;8,6905E+12;;ADET;Ean 13;BIZIM KETCAP 600GR+MAYONEZ 540GR;215.00 TL;150.00;;TÜRK?YE;3.01.2026;
8,6905E+12;8,6905E+12;;ADET;Ean 13;BIZIM MAYONEZ 540GR;145.00 TL;101.00;;TÜRK?YE;3.01.2026;
8,6905E+12;8,6905E+12;;ADET;Ean 13;BIZIM MAYONEZ 330 GR;110.00 TL;75.00;;TÜRK?YE;3.01.2026;
8,72127E+12;8,72127E+12;;ADET;Ean 13;ALG?DA MAX DUO;10.00 TL;;;TÜRK?YE;3.01.2026;
8,72127E+12;8,72127E+12;;ADET;Ean 13;ALG?DA KARP?;15.00 TL;;;TÜRK?YE;3.01.2026;
8,72127E+12;8,72127E+12;;ADET;Ean 13;ALG?DA VOLKANO;50.00 TL;;;TÜRK?YE;3.01.2026;
8,72127E+12;8,72127E+12;-1;ADET;Ean 13;ALG?DA STAR VGUM Ç?LEK;20.00 TL;;;TÜRK?YE;3.01.2026;
8,68313E+12;8,68313E+12;;ADET;Ean 13;ALG?DAB TW?STER FROZEN;15.00 TL;;;TÜRK?YE;3.01.2026;
8,68313E+12;8,68313E+12;-2;ADET;Ean 13;ALG?DA CORNETTO D?SC KARADUT Ç?KOLATA;60.00 TL;4.00;;TÜRK?YE;3.01.2026;
8,68313E+12;8,68313E+12;;ADET;Ean 13;ALG?DA CORNETTA DISC DOUBLE ANTEP FISTIKLI;75.00 TL;;;TÜRK?YE;3.01.2026;
8,72127E+12;8,72127E+12;;ADET;Ean 13;ALG?DA SPOONFUL KUTU;230.00 TL;;;TÜRK?YE;10.04.2026 10:56;200.00
8,72127E+12;8,72127E+12;;ADET;Ean 13;ALG?DA MARA? USULU FISTIK CENNET? KUTU;250.00 TL;;;TÜRK?YE;3.01.2026;
8,68313E+12;8,68313E+12;;ADET;Ean 13;ALG?DA PROF?TEROL KUTU;295.00 TL;;;TÜRK?YE;10.04.2026 10:55;290.00
8,68313E+12;8,68313E+12;;ADET;Ean 13;ALG?DA CARTEDOR SORBE;275.00 TL;;;TÜRK?YE;10.04.2026 10:56;265.00
7,62221E+12;7,62221E+12;;ADET;Ean 13;KENT JELIBON KARPUZ 80 GR;50.00 TL;;;TÜRK?YE;3.01.2026;
8,69011E+12;8,69011E+12;;ADET;Ean 13;ÇAYKUR ÇAYCI BLACK TEA;395.00 TL;;;TÜRK?YE;23.06.2026 14:58;295.00
8,72127E+12;8,72127E+12;-2;ADET;Ean 13;ALG?DA MAX GÖKKU?A?I;15.00 TL;;;TÜRK?YE;4.01.2026;
8,68143E+12;8,68143E+12;;ADET;Ean 13;KAYABEY IHLAMUR 20 GR;85.00 TL;;;TÜRK?YE;5.01.2026;
4,0084E+12;4,0084E+12;;ADET;Ean 13;DUPLO CIKOLATA FINDIKLI 10 LU;350.00 TL;200.00;;TÜRK?YE;5.01.2026;
4,0084E+12;4,0084E+12;-1;ADET;Ean 13;KINDER COUNTRY T9;350.00 TL;200.00;;TÜRK?YE;5.01.2026;
4,0144E+12;4,0144E+12;;ADET;Ean 13;TOFF?FEE 125 GR;195.00 TL;125.00;;TÜRK?YE;5.01.2026;
4,0144E+12;4,0144E+12;;ADET;Ean 13;MERC? LOVEL?ES CREAKLY;590.00 TL;;;TÜRK?YE;5.01.2026 17:33;
4,0144E+12;4,0144E+12;;ADET;Ean 13;MERC? LOVELIES WH?TE 185 GR;590.00 TL;340.00;;TÜRK?YE;5.01.2026;
4,0144E+12;4,0144E+12;;ADET;Ean 13;MERC? LOVELES CLASSIC 185 GR;590.00 TL;340.00;;TÜRK?YE;5.01.2026;
4,0084E+12;4,0084E+12;;ADET;Ean 13;GIOTTO HASULNUSS;375.00 TL;1.00;;TÜRK?YE;5.01.2026;
4,04725E+12;4,04725E+12;-1;ADET;Ean 13;CHOCEUR CIKOLATA 200 GR GEVREK PARCACIKLI;375.00 TL;260.00;;TÜRK?YE;5.01.2026;
4,06146E+12;4,06146E+12;;ADET;Ean 13;CHOCEUR ALPEN SAHNE 200 G;375.00 TL;260.00;;TÜRK?YE;5.01.2026;
4,06146E+12;4,06146E+12;;ADET;Ean 13;CHOCEUR HONIG SALZ MANDEL 200 GR;375.00 TL;260.00;;TÜRK?YE;5.01.2026;
4,06146E+12;4,06146E+12;;ADET;Ean 13;CHOCEUR CIKOLATA 200 GR KAFFEE SAHNE;375.00 TL;260.00;;TÜRK?YE;5.01.2026;
4,06146E+12;4,06146E+12;;ADET;Ean 13;CHOCEUR CIKOLATA 200 GR SUTLU;375.00 TL;260.00;;TÜRK?YE;5.01.2026;
4,06146E+12;4,06146E+12;;ADET;Ean 13;CHOCEUR CIKOLATA 200 GR CILEK YOGURT;375.00 TL;260.00;;TÜRK?YE;5.01.2026;
4,06146E+12;4,06146E+12;;ADET;Ean 13;200 GR CHOCEUR RAHM MANDEL;375.00 TL;260.00;;TÜRK?YE;5.01.2026;
4,06146E+12;4,06146E+12;;ADET;Ean 13;CHOCEUR HERBE SAHNE 200 GR;375.00 TL;260.00;;TÜRK?YE;5.01.2026;
4,06146E+12;4,06146E+12;;ADET;Ean 13;CHOCEUR ROMLU 200GR;375.00 TL;260.00;;TÜRK?YE;5.01.2026;
4,06146E+12;4,06146E+12;;ADET;Ean 13;CHOCEURFE?NE VE?SSE 200 GR;375.00 TL;260.00;;TÜRK?YE;5.01.2026;
4,06146E+12;4,06146E+12;;ADET;Ean 13;CHOCEUR VE?SSE CR?SP 200 GR;375.00 TL;260.00;;TÜRK?YE;5.01.2026;
8,69752E+12;8,69752E+12;;ADET;Ean 13;?Ç?M MEYVE SUYU ?EFTAL? 1 LT;60.00 TL;40.00;;TÜRK?YE;19.02.2026 15:41;55.00
8,69046E+12;8,69046E+12;;ADET;Ean 13;VEGE KOL? BANDI 100 MT;100.00 TL;44.00;;TÜRK?YE;7.01.2026;
8,69064E+12;8,69064E+12;;ADET;Ean 13;TAT RANCH SOS 220 GR;115.00 TL;76.00;;TÜRK?YE;8.01.2026;
8,69064E+12;8,69064E+12;;ADET;Ean 13;TAT KAHVALTILIK SOS CAM KAVANOZ300GR;115.00 TL;76.00;;TÜRK?YE;4.06.2026 12:16;99.00
8,70022E+12;8,70022E+12;;ADET;Ean 13;ORK?D ULTRA GECE EXTRA 4 NO;75.00 TL;38.00;;TÜRK?YE;8.01.2026;
3,57467E+12;3,57467E+12;;ADET;Ean 13;JOHNSONS BEBEK YAGI 200ML;150.00 TL;100.00;;TÜRK?YE;8.01.2026;
8,6824E+12;8,6824E+12;-1;ADET;Ean 13;CEDID TUNUS HURMA;70.00 TL;;;TÜRK?YE;11.01.2026;
8,69662E+12;8,69662E+12;;ADET;Ean 13;UNAL KARISIK PLSTK 2 KG;170.00 TL;;;TÜRK?YE;11.01.2026;
8,68298E+11;8,68298E+12;;ADET;Ean 13;CED?D TUNUS HURMA;70.00 TL;;;TÜRK?YE;11.01.2026;
8,00654E+12;8,00654E+12;-1;ADET;Ean 13;ARIEL 2S? B?R ARADA RENKL?LER VE BEYAZLAR;499.00 TL;;;TÜRK?YE;11.01.2026;
8,69054E+12;8,69054E+12;;ADET;Ean 13;8INGO MATIK 9 KG;550.00 TL;;;TÜRK?YE;11.01.2026;
8,68224E+12;8,68224E+12;-2;ADET;Ean 13;SLEEPY L?LYUM BUKET? YÜZEY TEM?ZL?K HAVLUSU 100 LÜ;125.00 TL;70.00;;TÜRK?YE;12.01.2026;
8,68224E+12;8,68224E+12;;ADET;Ean 13;SLEEPY  ORK?DE BAHÇES? YÜZEY TEM?ZL?K 100 LÜ;125.00 TL;70.00;;TÜRK?YE;12.01.2026;
8,6845E+12;8,6845E+12;-1;ADET;Ean 13;KAFF? SARRAF TÜRK KAHVES?;90.00 TL;65.00;;TÜRK?YE;14.01.2026;
8,69157E+12;8,69157E+12;;ADET;Ean 13;BURCU YAPRAK SARMASI 200 GR;150.00 TL;85.00;;TÜRK?YE;14.01.2026;
4,33718E+12;4,33718E+12;;ADET;Ean 13;ARO KED? D?L?;100.00 TL;52.00;;TÜRK?YE;8.03.2026 21:49;90.00
3,61423E+12;3,61423E+12;;ADET;Ean 13;KOLESTON SET 6/73 AYISIGI KAHVESI;299.00 TL;210.00;;TÜRK?YE;15.01.2026;
3,61423E+12;3,61423E+12;;ADET;Ean 13;KOLESTON SET 12/11 EKSTRA YOGUN KULLU SARI;299.00 TL;210.00;;TÜRK?YE;15.01.2026;
4,06467E+12;4,06467E+12;;ADET;Ean 13;KOLESTON 7;299.00 TL;210.00;;TÜRK?YE;15.01.2026;
8,69742E+12;8,69742E+12;;ADET;Ean 13;VI-VET TUY SARARTICI KREM 105 ML;135.00 TL;;;TÜRK?YE;15.01.2026;
8,69078E+12;8,69078E+12;;ADET;Ean 13;GLADE YEDEK ODA SPREYI 269ML ORYANTAL OUD;160.00 TL;100.00;;TÜRK?YE;15.01.2026;
8,69078E+12;8,69078E+12;;ADET;Ean 13;J.W GLADE OTO YEDEK 269ML SANDAL;160.00 TL;;;TÜRK?YE;11.04.2026 15:28;
8,69077E+12;8,69077E+12;;ADET;Ean 13;SÜTA? SUT 180ML KAKAOLU;20.00 TL;;;TÜRK?YE;28.04.2026 11:56;15.00
8,69053E+12;8,69053E+12;-2;ADET;Ean 13;ET? KARAM GURME;30.00 TL;;;TÜRK?YE;17.01.2026;
8,68087E+12;8,68087E+12;;ADET;Ean 13;KIRMIZI SOGAN 1KG PAKET;80.00 TL;;;TÜRK?YE;17.01.2026;
8,68178E+12;8,68178E+12;;ADET;Ean 13;BEYBI PN 3 ZEBRA;85.00 TL;;;TÜRK?YE;17.01.2026;
8,69746E+12;8,69746E+12;;ADET;Ean 13;OR BAY ÇORAP;60.00 TL;;;TÜRK?YE;17.01.2026;
8,68313E+12;8,68313E+12;;ADET;Ean 13;C?F ALTIN ISILTISI 5OO ML;80.00 TL;50.00;;TÜRK?YE;17.01.2026;
8,69064E+12;8,69064E+12;;ADET;Ean 13;CIF KREM 450ML CAM MAVI;80.00 TL;50.00;;TÜRK?YE;17.01.2026;
8,69771E+12;8,69771E+12;;ADET;Ean 13;ASPEROX YUZEY TEMIZLEYICI ASK MASALI;125.00 TL;;;TÜRK?YE;17.01.2026;
8,69771E+12;8,69771E+12;;ADET;Ean 13;ASPEROX YUZEY TEMIZLEYICI BAHAR ESINTISI;125.00 TL;90.00;;TÜRK?YE;17.01.2026;
8,69151E+12;8,69151E+12;-1;ADET;Ean 13;ROCCO RENGARENK DRAJE SEKER 35 GR;30.00 TL;;;TÜRK?YE;22.01.2026;
8,69171E+12;8,69171E+12;;ADET;Ean 13;?ÖLEN LUPPON SANDV?Ç KEK 55 GR;30.00 TL;;;TÜRK?YE;22.01.2026;
8,69084E+12;8,69084E+12;;ADET;Ean 13;ÜLKER LOL?POP 6 LI PAKET;55.00 TL;;;TÜRK?YE;24.01.2026;
8,69084E+12;8,69084E+12;;ADET;Ean 13;ULKER YUPO KAKAOLU DRAJE SEKERLEME 3 LU PAKET 60 G;75.00 TL;44.00;;TÜRK?YE;24.01.2026;
8,68321E+12;8,68321E+12;;ADET;Ean 13;GAFFARO?LU SUCUK CEV?Z?;40.00 TL;20.00;;TÜRK?YE;24.01.2026;
8,69079E+12;8,69079E+12;-2;ADET;Ean 13;TADIM KARI?IK KURUYEM?? KLAS?K;85.00 TL;65.00;;TÜRK?YE;30.01.2026 15:24;
8,69079E+12;8,69079E+12;;ADET;Ean 13;TADIM Ç?? KARI?IK NATUREL;85.00 TL;;;TÜRK?YE;26.01.2026;
8,68372E+12;8,68372E+12;-1;ADET;Ean 13;MASTER POTATO P?ZZALI;115.00 TL;;;TÜRK?YE;4.03.2026 11:43;100.00
8,69053E+12;8,69053E+12;;ADET;Ean 13;ET? BEN?MO KOMBO 56 GR;35.00 TL;;;TÜRK?YE;28.01.2026;
8,68132E+12;8,68132E+12;;ADET;Ean 13;SÜTA? KAF KEFIR LIMON 250 ML;45.00 TL;;;TÜRK?YE;21.05.2026 11:57;40.00
8,69171E+12;8,69171E+12;;ADET;Ean 13;?ÖLEN LUPPORED VELVET 182 GR;85.00 TL;60.00;;TÜRK?YE;29.01.2026;
8,69018E+12;8,69018E+12;;ADET;Ean 13;BE?LER HUNKAR DILIMLI SUCUK 260 GR;135.00 TL;;;TÜRK?YE;30.01.2026;
8,69063E+12;8,69063E+12;-2;ADET;Ean 13;DR.OETKER KAKAO 25GR;40.00 TL;;;TÜRK?YE;31.01.2026;
8,69138E+12;8,69138E+12;-1;ADET;Ean 13;B?Z?M AYÇ?ÇEK 1 LT;150.00 TL;105.00;;TÜRK?YE;31.01.2026;
8,69053E+12;8,69053E+12;;ADET;Ean 13;ET? BROWN? SELECT?ON 285 GR;115.00 TL;84.00;;TÜRK?YE;31.01.2026;
8,90612E+11;8,90612E+12;;ADET;Ean 13;SÜPERFRESH KÖRPE ISPANAK 450 GR;100.00 TL;71.00;;TÜRK?YE;4.02.2026;
8,69993E+12;8,69993E+12;;ADET;Ean 13;TERRAV?TA SARMISAK;85.00 TL;60.00;;TÜRK?YE;8.03.2026 21:48;75.00
8,68381E+12;8,68381E+12;;ADET;Ean 13;GUMMY JACKPOT;60.00 TL;;;TÜRK?YE;7.02.2026 11:09;600.00
8,69914E+12;8,69914E+12;;ADET;Ean 13;?ÖLEN B?SCOLATA ?CE F?RE 40 GR;30.00 TL;24.00;;TÜRK?YE;5.02.2026;
8,90633E+11;8,90633E+12;;ADET;Ean 13;NESCAFE GOLD 3Ü B? ARADA YO?UN;17.50 TL;12.00;;TÜRK?YE;6.02.2026;
8,69063E+12;8,69063E+12;;ADET;Ean 13;NESCAFE GOLD 3Ü1 ARADA YUMU?AK;20.00 TL;12.00;;TÜRK?YE;6.02.2026;
8,69063E+12;8,69063E+12;;ADET;Ean 13;NESCAFE 3 ?N 1 GOLD YOGUN;20.00 TL;12.00;;TÜRK?YE;6.02.2026;
8,69944E+12;8,69944E+12;;ADET;Ean 13;BEYO?LU ZEYT?NYA?LI TATLI KURAB?YE;100.00 TL;;;TÜRK?YE;6.02.2026;
8,69944E+12;8,69944E+12;;ADET;Ean 13;BEYOGLU KURABIYE 325GR;100.00 TL;;;TÜRK?YE;6.02.2026;
8,68392E+12;8,68392E+12;;ADET;Ean 13;ELLO CANDY B?S?KLET  40 GR;60.00 TL;41.00;;TÜRK?YE;6.02.2026;
7,6222E+12;7,6222E+12;;ADET;Ean 13;KENT JEL?BON TURUNCU ?EFTAL?;50.00 TL;;;TÜRK?YE;6.04.2026 16:03;40.00
8,69136E+12;8,69136E+12;-1;ADET;Ean 13;MAVI BEYAZ TUVALET KAGIDI 10 LU;120.00 TL;;;TÜRK?YE;29.03.2026 20:51;90.00
8,6905E+12;8,6905E+12;;ADET;Ean 13;ÜLKER Ç?Z? ÇITIR TULUM PEYN?RL? 50 GR;45.00 TL;;;TÜRK?YE;7.02.2026;
5,90095E+12;5,90095E+12;;ADET;Ean 13;PEDIGREE KONS.400 GR YAVRU DANA ETLI;130.00 TL;;;TÜRK?YE;8.02.2026;
8,68129E+12;8,68129E+12;;ADET;Ean 13;SENSODYNE NOUR?SH 2L? D?? FIRÇASI;200.00 TL;;;TÜRK?YE;9.02.2026;
8,68463E+12;8,68463E+12;;ADET;Ean 13;ROSE KÜLTÜR MANTARI;150.00 TL;;;TÜRK?YE;9.02.2026;
8,68132E+12;8,68132E+12;;ADET;Ean 13;SÜTA? BUBBLE M?X Ç?LEK;50.00 TL;40.00;;TÜRK?YE;10.02.2026;
8,68132E+12;8,68132E+12;;ADET;Ean 13;SÜTA? BUBBLE M?X ORMAN MEYVEL? 140 GR;50.00 TL;40.00;;TÜRK?YE;10.02.2026;
8,68145E+12;8,68145E+12;;ADET;Ean 13;TAK?S ST?X;40.00 TL;12.00;;TÜRK?YE;12.02.2026;
8,69063E+12;8,69063E+12;;ADET;Ean 13;NESTLE DAMAK ALA B?TTER 30 GR;50.00 TL;34.00;;TÜRK?YE;13.02.2026;
8,68151E+12;8,68151E+12;;ADET;Ean 13;C?PS C?PSO TUBE PAPR?KA 90 GR;80.00 TL;55.00;;TÜRK?YE;6.05.2026 17:37;75.00
8,68213E+12;8,68213E+12;;ADET;Ean 13;WASPCO PRETE?N BAR  40 GR;80.00 TL;48.00;;TÜRK?YE;13.02.2026;
8,68213E+12;8,68213E+12;-1;ADET;Ean 13;WASPCO PROTE?N BAR Ç?KOLATALI ;80.00 TL;48.00;;TÜRK?YE;13.02.2026;
8,68213E+12;8,68213E+12;;ADET;Ean 13;WASPCO PROTE?N BAR B?SKÜV? KREMALI;80.00 TL;48.00;;TÜRK?YE;13.02.2026;
8,6905E+12;8,6905E+12;;ADET;Ean 13;ÜLKER HALLEY 88  GR;35.00 TL;28.00;;TÜRK?YE;14.02.2026;
8,69053E+12;8,69053E+12;;ADET;Ean 13;ET? L?FAL?F  B?TTER 35 GR;40.00 TL;26.00;;TÜRK?YE;14.02.2026;
8,69335E+12;8,69335E+12;-1;ADET;Ean 13;DO?ANAY ELMA SIRKESI 500ML PET;70.00 TL;31.00;;TÜRK?YE;14.02.2026;
8,69057E+12;8,69057E+12;;ADET;Ean 13;L?PTON ICE TEA Ç?LEK A?KI;70.00 TL;;;TÜRK?YE;22.07.2026 12:08;65.00
8,69079E+12;8,69079E+12;;ADET;Ean 13;TADIM ??LENM?? KAJU 90 GR;100.00 TL;;;TÜRK?YE;17.02.2026;
8,69003E+12;8,69003E+12;;ADET;Ean 13;NEVZAT KALBURABASTI 400 GR;100.00 TL;60.00;;TÜRK?YE;18.02.2026;
8,69755E+12;8,69755E+12;;ADET;Ean 13;H?LAL GÜLLAÇ 400 GR;249.00 TL;190.00;;TÜRK?YE;18.02.2026;
8,6823E+12;8,6823E+12;;ADET;Ean 13;SWEETO WORMS 80 GR;50.00 TL;20.00;;TÜRK?YE;17.04.2026 14:53;40.00
8,6823E+12;8,6823E+12;;ADET;Ean 13;SWEETO TANGY;50.00 TL;20.00;;TÜRK?YE;17.04.2026 14:53;40.00
8,6823E+12;8,6823E+12;;ADET;Ean 13;SWEETO R?NGS;50.00 TL;20.00;;TÜRK?YE;17.04.2026 14:53;40.00
8,68156E+12;8,68156E+12;-1;ADET;Ean 13;MEGA HURMA MEDJAUL 500 GR;390.00 TL;290.00;;TÜRK?YE;19.02.2026;
8,69874E+12;8,69874E+12;;ADET;Ean 13;?ZM?R ÜZÜM 500 GR;150.00 TL;110.00;;TÜRK?YE;19.02.2026;
8,69062E+12;8,69062E+12;-1;ADET;Ean 13;CHEETOS CITIRCIK 52GR;15.00 TL;;;TÜRK?YE;19.02.2026;
8,69072E+12;8,69072E+12;;ADET;Ean 13;ULUDAG RAMAZAN SERBET?;70.00 TL;;;TÜRK?YE;19.02.2026;
8,69077E+12;8,69077E+12;-1;ADET;Ean 13;BILLUR TUZ 125GR IYOTLU;25.00 TL;16.00;;TÜRK?YE;22.02.2026;
8,69943E+12;8,69943E+12;;ADET;Ean 13;DOGADAN REZENE 36GR;80.00 TL;60.00;;TÜRK?YE;22.02.2026;
8,69122E+12;8,69122E+12;;ADET;Ean 13;HARIBO 70GR CHAMALLOWS;40.00 TL;25.00;;TÜRK?YE;22.02.2026;
8,68098E+12;8,68098E+12;;ADET;Ean 13;BAM YUMURTA 10 LU;135.00 TL;85.00;;TÜRK?YE;8.03.2026 12:15;125.00
8,69297E+12;;;;[Hiçbiri];?Ç?M KEF?R ?EFTAL? ANANAS ;;;;TÜRK?YE;;
8,68143E+12;8,68143E+12;;ADET;Ean 13;KAYABEY BAHARAT KARANFIL 10 GR;60.00 TL;30.00;;TÜRK?YE;24.02.2026;
8,68143E+12;8,68143E+12;;ADET;Ean 13;KAYABEY TATLI TOZ B?BER;60.00 TL;30.00;;TÜRK?YE;24.02.2026;
8,68143E+12;8,68143E+12;;ADET;Ean 13;KAYABEY ÇAM FISTI?I 15 GR;120.00 TL;70.00;;TÜRK?YE;24.02.2026 12:45;100.00
8,68143E+12;8,68143E+12;;ADET;Ean 13;KAYABEY ANTEPFISTI?I 30 GR;150.00 TL;80.00;;TÜRK?YE;24.02.2026 12:45;125.00
8,68143E+12;8,68143E+12;;ADET;Ean 13;KAYABEY KARANF?L 20 GR;60.00 TL;30.00;;TÜRK?YE;24.02.2026;
8,68151E+12;8,68151E+12;-1;ADET;Ean 13;C?PS PATOS MAGNUS ACI B?BERL?;80.00 TL;;;TÜRK?YE;6.05.2026 17:37;75.00
8,69062E+12;8,69062E+12;-1;ADET;Ean 13;C?PS DOR?TOS STORM TATLI ACI;60.00 TL;;;TÜRK?YE;23.04.2026 09:26;55.00
8,69064E+12;8,69064E+12;;ADET;Ean 13;TAT JALEPENO BIBER TURSUSU 370 GR;100.00 TL;67.00;;TÜRK?YE;26.02.2026;
8,0005E+12;8,0005E+12;;ADET;Ean 13;KINDER DELICE 39GR;35.00 TL;26.00;;TÜRK?YE;26.02.2026;
8,69079E+12;8,69079E+12;;ADET;Ean 13;TADIMCA TAHILLI BAR 30 GR;30.00 TL;;;TÜRK?YE;26.02.2026;
57030906;57030906;;ADET;Ean 8;OL?PS M?NT;30.00 TL;22.00;;TÜRK?YE;26.02.2026;
8,68213E+12;8,68213E+12;;ADET;Ean 13;WASPCO HIGH PROTE?N BAR 15G 50GR;90.00 TL;58.00;;TÜRK?YE;27.02.2026;
8,68213E+12;8,68213E+12;-1;ADET;Ean 13;WASPACO PROTE?N BAR SARI;80.00 TL;48.00;;TÜRK?YE;27.02.2026;
5,05008E+12;5,05008E+12;;ADET;Ean 13;KELLOGG S COCO POPS 225 GR;125.00 TL;75.00;;TÜRK?YE;28.02.2026 11:37;
8,69079E+12;8,69079E+12;;ADET;Ean 13;TADIM 40GR SOSLU YER FISTIGI;30.00 TL;30.00;;TÜRK?YE;3.03.2026 08:55;
8,69079E+12;8,69079E+12;;ADET;Ean 13;TADIM 200GR ACI SOSLU YER FISTIGI;30.00 TL;;;TÜRK?YE;28.02.2026;
8,68295E+12;8,68295E+12;;ADET;Ean 13;B?OSALT ANADOLU KAYA TUZU250 GR;60.00 TL;35.00;;TÜRK?YE;1.03.2026;
8,68319E+12;8,68319E+12;;ADET;Ean 13;C?NO TERAS 22 GR;15.00 TL;4.00;;TÜRK?YE;2.03.2026;
8,68319E+12;8,68319E+12;;ADET;Ean 13;TERAS C?NOKAYISILI 22 GR;15.00 TL;4.00;;TÜRK?YE;2.03.2026;
5,05399E+12;5,05399E+12;;ADET;Ean 13;PRINGLES TEXAS BBQ;275.00 TL;;;TÜRK?YE;2.03.2026 18:15;295.00
5,05399E+12;5,05399E+12;;ADET;Ean 13;PRINGLES 165GR NACHO PEYNIRLI;275.00 TL;;;TÜRK?YE;2.03.2026 18:16;250.00
5,05399E+12;5,05399E+12;;ADET;Ean 13;PRINGLES 165GR ORJINAL;275.00 TL;;;TÜRK?YE;2.03.2026 18:15;250.00
5,06005E+12;5,06005E+12;;ADET;Ean 13;TOXIC WASTE BLUE;190.00 TL;95.00;;TÜRK?YE;25.03.2026 19:09;175.00
8,80107E+12;8,80107E+12;;ADET;Ean 13;BULDAK ROSE;250.00 TL;120.00;;TÜRK?YE;2.03.2026;
8,68365E+12;8,68365E+12;;ADET;Ean 13;ARPACIK SOGAN ;100.00 TL;;;TÜRK?YE;3.03.2026 08:43;150.00
8,69853E+12;8,69853E+12;-2;ADET;Ean 13;SEYIDOGLU TAHIN 300GR MINI;125.00 TL;85.00;;TÜRK?YE;3.03.2026;
8,69853E+12;8,69853E+12;-1;ADET;Ean 13;SEYIDOGLU DUT PEKMEZI 400GR MINI;159.00 TL;115.00;;TÜRK?YE;3.03.2026;
8,70022E+12;8,70022E+12;;ADET;Ean 13;HEAD SHOULDER ?AMPUAN KEPEK KORUMASI;185.00 TL;;;TÜRK?YE;3.03.2026;
8,6905E+12;8,6905E+12;;ADET;Ean 13;Ç?Z?  B?GBANG 50 GR;25.00 TL;16.00;;TÜRK?YE;4.03.2026;
8,69064E+12;8,69064E+12;;ADET;Ean 13;TAT DOMATES SALCA 400GR;75.00 TL;50.00;;TÜRK?YE;5.03.2026;
8,69914E+12;8,69914E+12;;ADET;Ean 13;?ÖLEN PAP?TA DONUT Ç?LEKL? 40 GR;20.00 TL;12.00;;TÜRK?YE;5.03.2026;
5,90002E+12;5,90002E+12;;ADET;Ean 13;NESTLE NESGUIK CEREAL BAR 25GR;35.00 TL;25.00;;TÜRK?YE;6.03.2026;
8,69183E+12;8,69183E+12;;ADET;Ean 13;VATAN KURU FASULYE 1 KG;140.00 TL;90.00;;TÜRK?YE;6.03.2026;
8,6905E+12;8,6905E+12;;ADET;Ean 13;ÜLKER Ç?Z? ÇITIR ATI?TIRMALIK 50G;45.00 TL;;;TÜRK?YE;7.03.2026;
8,69213E+12;8,69213E+12;;ADET;Ean 13;FISTIKLI LOKUM;250.00 TL;;;TÜRK?YE;8.03.2026;
8,69213E+12;8,69213E+12;;ADET;Ean 13;FISTIKLI LOKUM;250.00 TL;;;TÜRK?YE;8.03.2026;
8,69063E+12;8,69063E+12;;ADET;Ean 13;MEHMET EFENDI CAFFE ESPRESSO 250 GR;340.00 TL;;;TÜRK?YE;8.03.2026;
90474675;90474675;;ADET;Ean 8;REDBULL ?EFTAL? AROMALI 250 ML;85.00 TL;49.00;;TÜRK?YE;4.05.2026 13:06;70.00
90493652;90493652;;ADET;Ean 8;REDBULL POMELO AROMALI;85.00 TL;49.00;;TÜRK?YE;4.05.2026 13:06;70.00
8,69003E+12;8,69003E+12;;ADET;Ean 13;NEVZAT BAKLAVALIK YUFKA 800GR;245.00 TL;190.00;;TÜRK?YE;9.03.2026;
8,68159E+12;8,68159E+12;;ADET;Ean 13;BE?LER KANGAL SUCUK 200 GR;250.00 TL;;;TÜRK?YE;9.03.2026;
8,69015E+12;8,69015E+12;;ADET;Ean 13;BEBETO SOUR BLAST METRE ?EKER;5.00 TL;Mar.50;;TÜRK?YE;11.03.2026 09:36;Tem.50
8,68108E+12;8,68108E+12;;ADET;Ean 13;HERO KAVANOZ 120GR ANADOLU SEBZELERI;75.00 TL;45.00;;TÜRK?YE;10.03.2026;
8,68229E+12;8,68229E+12;;ADET;Ean 13;B?Z?M MUTFAK TOZ PUD?NG KAKAOLU 132 GR;55.00 TL;32.00;;TÜRK?YE;11.03.2026;
8,68151E+12;8,68151E+12;;ADET;Ean 13;C?PS PATOS BAL HARDAL 135 GR;60.00 TL;;;TÜRK?YE;23.04.2026 09:26;55.00
8,69057E+12;8,69057E+12;;ADET;Ean 13;L?PTON SO?UK ÇAY PORTAKAL MANGO 1 LT;70.00 TL;43.00;;TÜRK?YE;22.07.2026 12:08;65.00
8,68464E+12;8,68464E+12;;ADET;Ean 13;FUNZ? SANDV?Ç 13 GR;15.00 TL;11.00;;TÜRK?YE;12.03.2026;
8,69744E+12;8,69744E+12;;ADET;Ean 13;ASPLAST END JUMBO ÇÖP PO?ET?;75.00 TL;19.00;;TÜRK?YE;12.03.2026;
8,68396E+12;8,68396E+12;;ADET;Ean 13;ENDER BAYRAMLIK Ç?KOLATA;250.00 TL;160.00;;TÜRK?YE;27.03.2026 21:11;225.00
8,72127E+12;8,72127E+12;;ADET;Ean 13;ALG?DA V???;10.00 TL;;;TÜRK?YE;14.03.2026;
8,6823E+12;8,6823E+12;;ADET;Ean 13;SWEETO KOLA;50.00 TL;24.00;;TÜRK?YE;17.04.2026 14:53;40.00
8,69389E+12;8,69389E+12;;ADET;Ean 13;ÖNCÜ 700GR BIBER SALCASI ACI;159.00 TL;115.00;;TÜRK?YE;15.03.2026;
8,69084E+12;8,69084E+12;;ADET;Ean 13;ÜLKER BAYRAMLIKBONBON EXTRA 350 GR;125.00 TL;90.00;;TÜRK?YE;19.03.2026 11:09;120.00
8,69084E+12;8,69084E+12;;ADET;Ean 13;ÜLKER BONBON;125.00 TL;90.00;;TÜRK?YE;17.03.2026;
8,6914E+12;8,6914E+12;;ADET;Ean 13;KINIK BURSA GAZOZU 6X200ML;150.00 TL;60.00;;TÜRK?YE;17.03.2026;
5,00011E+12;5,00011E+12;;ADET;Ean 13;FUSE TEA 1 LT L?MONLU;70.00 TL;;;TÜRK?YE;22.07.2026 11:49;65.00
8,68508E+12;8,68508E+12;;ADET;Ean 13;TOPZ CORN 105 GR;60.00 TL;23.00;;TÜRK?YE;3.07.2026 11:34;50.00
7,6222E+12;7,6222E+12;;ADET;Ean 13;M?LKA B?SCOF;115.00 TL;75.00;;TÜRK?YE;18.03.2026;
8,69077E+12;8,69077E+12;-1;ADET;Ean 13;ULKER 1554-00 ECE IKR.CIK.FINDK.215G;350.00 TL;265.00;;TÜRK?YE;18.03.2026;
8,69171E+12;8,69171E+12;;ADET;Ean 13;?ÖLEN PAP?TA DUO X2;10.00 TL;;;TÜRK?YE;19.03.2026;
86825461403;8,68255E+11;;ADET;Ean 13;WASPCO MUZLU 50 GR;80.00 TL;58.00;;TÜRK?YE;19.03.2026;
8,68213E+12;8,68213E+12;;ADET;Ean 13;WASPCO CUPCAKE;80.00 TL;48.00;;TÜRK?YE;19.03.2026;
8,68367E+12;8,68367E+12;;ADET;Ean 13;?ARJ ALET? LIGHTNING  LUCATECH;125.00 TL;19.00;;TÜRK?YE;29.03.2026 20:32;95.00
8,68421E+12;8,68421E+12;;ADET;Ean 13;?ARJ ALET? LIGHTN?NG LUCATECH 120W;250.00 TL;95.00;;TÜRK?YE;19.03.2026;
8,68421E+12;8,68421E+12;;ADET;Ean 13;?ARJ ALET? TYPE-C LUCATECH 240W;250.00 TL;95.00;;TÜRK?YE;19.03.2026;
8,69062E+12;8,69062E+12;;ADET;Ean 13;C?PS  DOR?TOS TWIST ;60.00 TL;;;TÜRK?YE;23.04.2026 09:26;55.00
8,6905E+12;8,6905E+12;;ADET;Ean 13;RMZ.ULK 327-2 BUKLET SUTLU 208GR;350.00 TL;;;TÜRK?YE;20.03.2026;
8,68213E+12;8,68213E+12;;ADET;Ean 13;WASPCO PROTE?N BAR MUZLU;90.00 TL;;;TÜRK?YE;20.03.2026;
8,69062E+12;8,69062E+12;;ADET;Ean 13;C?PS  DOR?TOS STORM ;35.00 TL;;;TÜRK?YE;29.06.2026 14:28;30.00
8,69038E+12;8,69038E+12;;ADET;Ean 13;IRMAK ESMER KUP SEKER 500 GR;100.00 TL;;;TÜRK?YE;6.04.2026 15:59;95.00
8,68034E+12;8,68034E+12;;ADET;Ean 13;LENGER TULUM PEYN?R;150.00 TL;;;TÜRK?YE;22.03.2026;
8,69011E+12;8,69011E+12;;ADET;Ean 13;ÇAYKUR R?ZE DEML?K YEN?;195.00 TL;;;TÜRK?YE;21.07.2026 16:04;125.00
8,69072E+12;8,69072E+12;;ADET;Ean 13;DOGUS BITKI CAYI 20 LI ZENCEFIL LIMON;80.00 TL;;;TÜRK?YE;22.03.2026;
8,69072E+12;8,69072E+12;;ADET;Ean 13;DOGUS KIRMIZI MEYVELER CAYI 20 AD;80.00 TL;;;TÜRK?YE;22.03.2026;
8,69072E+12;8,69072E+12;;ADET;Ean 13;DOGUS NANE LIMON CAYI 20 AD;80.00 TL;;;TÜRK?YE;22.03.2026;
8,69072E+12;8,69072E+12;;ADET;Ean 13;DOGUS YESIL CAY BERGAMOTLU 20 AD;80.00 TL;;;TÜRK?YE;22.03.2026;
8,69079E+12;8,69079E+12;;ADET;Ean 13;TADIM ANTEP FISTIGI 135 gr;340.00 TL;225.00;;TÜRK?YE;4.04.2026 17:47;320.00
8,69064E+12;8,69064E+12;-1;ADET;Ean 13;TAT KORNISON TURSU SALATALIK CAM 370GR*12;165.00 TL;85.00;;TÜRK?YE;4.04.2026 23:53;125.00
80177180;80177180;;ADET;Ean 8;KINDER COUNTRY 23,5GR;35.00 TL;18.00;;TÜRK?YE;26.03.2026;
8,69053E+12;8,69053E+12;-3;ADET;Ean 13;ET? Ç?KOLATALI GOFRET 29 GR;20.00 TL;15.00;;TÜRK?YE;26.03.2026;
8,69053E+12;8,69053E+12;-1;ADET;Ean 13;ETI 16600 B.INTENS KAHVELI MINI 160GR;90.00 TL;68.00;;TÜRK?YE;28.03.2026;
5,90095E+12;5,90095E+12;;ADET;Ean 13;WH?KAS KUZULU;40.00 TL;19.00;;TÜRK?YE;28.03.2026;
5,90095E+12;5,90095E+12;;ADET;Ean 13;WH?SKAS TAVUKLU;40.00 TL;19.00;;TÜRK?YE;28.03.2026;
7,61329E+12;7,61329E+12;;ADET;Ean 13;FEL?XDUBLE;35.00 TL;18.00;;TÜRK?YE;28.03.2026;
8,69062E+12;8,69062E+12;;ADET;Ean 13;C?PS DOR?TOS STIRM ACI 60GR;35.00 TL;;;TÜRK?YE;29.06.2026 14:21;30.00
8,6908E+12;8,6908E+12;-1;ADET;Ean 13;VILEDA BULASIK SUNGERI 5 AD;150.00 TL;;;TÜRK?YE;29.03.2026;
8,69998E+12;8,69998E+12;;ADET;Ean 13;MISS ELDIVEN SIYAH ELDIVEN;75.00 TL;;;TÜRK?YE;29.03.2026;
8,69998E+12;8,69998E+12;;ADET;Ean 13;MISS LADY LATEX ELDIVEN 10LU;75.00 TL;35.00;;TÜRK?YE;29.03.2026;
8,69187E+12;8,69187E+12;-2;ADET;Ean 13; ?NC? BUGDAY NISASTASI 200 GR;60.00 TL;32.50;;TÜRK?YE;15.08.2026 20:06;50.00
8,68421E+12;8,68421E+12;;ADET;Ean 13;LUCATECH LK-251;295.00 TL;125.00;;TÜRK?YE;31.03.2026;
8,69079E+12;8,69079E+12;;ADET;Ean 13;TADIM FINDIK ICI 135 GR;250.00 TL;200.00;;TÜRK?YE;2.04.2026;
8,6833E+12;8,6833E+12;;ADET;Ean 13;KAHVE DÜNYASI ÖZEL TASARIM F?LTRE KAHVE;599.00 TL;480.00;;TÜRK?YE;2.04.2026;
8,69745E+12;8,69745E+12;;ADET;Ean 13;KD 3U1A 8LI KLASIK;100.00 TL;50.00;;TÜRK?YE;2.04.2026;
8,69079E+12;8,69079E+12;;ADET;Ean 13;TADIM KARI?IK KARNAVAL 90 GR;125.00 TL;90.00;;TÜRK?YE;2.04.2026;
8,69079E+12;8,69079E+12;;ADET;Ean 13;TADIM FEST?VAL90 GR;125.00 TL;90.00;;TÜRK?YE;2.04.2026;
8,68456E+12;8,68456E+12;;ADET;Ean 13;KUZEYDEN %100 NAR SIKMA 250 ML;75.00 TL;54.00;;TÜRK?YE;2.04.2026;
8,69012E+12;8,69012E+12;;ADET;Ean 13;TORKUBANADA 700 GR;285.00 TL;180.00;;TÜRK?YE;3.04.2026;
8,69063E+12;8,69063E+12;;ADET;Ean 13;NESCAFE ICE ORIG?NAL;15.00 TL;8.00;;TÜRK?YE;3.04.2026;
8,711E+12;8,711E+12;;ADET;Ean 13;JACOBS MONARCH FILITE KAHVE 500 GR*12;575.00 TL;335.00;;TÜRK?YE;3.04.2026;
7,70202E+12;7,70202E+12;;ADET;Ean 13;GILLETTE MACH3 START 2 LI;400.00 TL;;;TÜRK?YE;3.04.2026;
7,70202E+12;7,70202E+12;;ADET;Ean 13;GILLETTE MACH3 START 4 LU;895.00 TL;350.00;;TÜRK?YE;3.04.2026;
8,71895E+12;8,71895E+12;;ADET;Ean 13;COLGATE UCLU ETKI AGIZ BAKIM SUYU;275.00 TL;;;TÜRK?YE;3.04.2026;
8,69056E+12;8,69056E+12;;ADET;Ean 13;BANAT BLACK YUMUSAK DISFIRCASI;75.00 TL;;;TÜRK?YE;3.04.2026;
8,69774E+12;8,69774E+12;;ADET;Ean 13;KEP?RTEPE KARADUT;100.00 TL;;;TÜRK?YE;4.04.2026 23:50;95.00
8,69774E+12;8,69774E+12;;ADET;Ean 13;KEP?RTEPE L?MONATA 3LT;100.00 TL;;;TÜRK?YE;4.04.2026 23:50;95.00
8,6849E+12;8,6849E+12;;ADET;Ean 13;GOR?LLA  ;40.00 TL;;;TÜRK?YE;3.04.2026;
8,69051E+12;8,69051E+12;;ADET;Ean 13;ACTIVEX SIVI SABUN ;175.00 TL;;;TÜRK?YE;11.04.2026 22:17;195.00
8,68372E+12;8,68372E+12;;ADET;Ean 13;MASTER POTATO  ORJ?NAL 110GR;115.00 TL;80.00;;TÜRK?YE;4.04.2026;
8,69064E+12;8,69064E+12;;ADET;Ean 13;YUMOS 1200ML KIRISIKLIK KARSITI;220.00 TL;150.00;;TÜRK?YE;4.04.2026;
8,68132E+12;8,68132E+12;;ADET;Ean 13;PUD?NG KAKAOLU;30.00 TL;;;TÜRK?YE;5.04.2026;
8,68132E+12;8,68132E+12;;ADET;Ean 13;PUD?NG C?LEKL?;30.00 TL;;;TÜRK?YE;5.04.2026;
81324004428;8,1324E+11;;ADET;Ean 13;PUD?NG BANANA ;30.00 TL;;;TÜRK?YE;5.04.2026;
8,68132E+12;8,68132E+12;;ADET;Ean 13;SÜTA? BANANA PUDING MUZLU 210GR;30.00 TL;19.00;;TÜRK?YE;5.04.2026;
8,6914E+12;8,6914E+12;;ADET;Ean 13;BURSA GAZOZU KINIK ???E;25.00 TL;10.00;;TÜRK?YE;5.04.2026;
8,60146E+11;8,60146E+12;;ADET;Ean 13;BEBETO FIZZY MEYVE SULU;50.00 TL;28.00;;TÜRK?YE;6.04.2026 16:03;40.00
8,69015E+12;8,69015E+12;;ADET;Ean 13;BEBETO BAKLAVA  MARSHMELOW;50.00 TL;28.00;;TÜRK?YE;6.04.2026 16:02;40.00
8,69015E+12;8,69015E+12;;ADET;Ean 13;BEBETO GURMET V??NEL?;50.00 TL;28.00;;TÜRK?YE;6.04.2026 16:02;40.00
8,69015E+12;8,69015E+12;;ADET;Ean 13;BEBETO GURMET PORTAKALLI;50.00 TL;28.00;;TÜRK?YE;6.04.2026 16:02;40.00
8,69015E+12;8,69015E+12;;ADET;Ean 13;BEBETO GURMET Ç?KOLATALI;50.00 TL;28.00;;TÜRK?YE;6.04.2026 16:02;40.00
6,90627E+11;6,90627E+12;;ADET;Ean 13;MEHMET EFENDI TURK KAH. 100 GR;99.00 TL;75.00;;TÜRK?YE;6.04.2026;
8,6905E+12;8,6905E+12;;ADET;Ean 13;HANIMELLER L?MONLU 94;30.00 TL;20.00;;TÜRK?YE;8.04.2026;
8,68351E+12;8,68351E+12;;ADET;Ean 13;COCOSTARÇOK LEZZET 97 HR;80.00 TL;60.00;;TÜRK?YE;8.04.2026;
8,6905E+12;8,6905E+12;;ADET;Ean 13;ÜLKER KEKSTRA Ç?LEK SOSLU 33 GR;20.00 TL;10.00;;TÜRK?YE;8.04.2026;
8,68342E+12;8,68342E+12;;ADET;Ean 13;TADELLE GOL 125 GR;160.00 TL;125.00;;TÜRK?YE;8.04.2026;
8,68342E+12;8,68342E+12;;ADET;Ean 13;GOL DRAJE 36 GR SUTLU;50.00 TL;30.00;;TÜRK?YE;8.04.2026;
8,68342E+12;8,68342E+12;;ADET;Ean 13;TADELLE GOFRET 28 GR;20.00 TL;13.00;;TÜRK?YE;8.04.2026;
8,68342E+12;8,68342E+12;;ADET;Ean 13;TADELLE GOFRET MAXINUT 30GR;30.00 TL;20.00;;TÜRK?YE;8.04.2026;
80906025;80906025;;ADET;Ean 8;MEMTOS PURE 60 GR Ç?LEK;100.00 TL;57.00;;TÜRK?YE;10.04.2026 22:42;95.00
80916659;80916659;-1;ADET;Ean 8;MEMTOS PURE NANE 60 GR;100.00 TL;57.00;;TÜRK?YE;10.04.2026 22:42;95.00
80969129;80969129;;ADET;Ean 8;MEMTOS PYRE KARPUZ 60 GR;100.00 TL;57.00;;TÜRK?YE;10.04.2026 22:42;95.00
86947497;86947497;;ADET;Ean 8;MEMTOS SOUR 49 GR C L?MON;100.00 TL;65.00;;TÜRK?YE;10.04.2026 22:41;95.00
86947480;86947480;;ADET;Ean 8;MEMTOSSOURS C V?TAM?NL?Ç?LEKL?;100.00 TL;65.00;;TÜRK?YE;10.04.2026 22:41;95.00
80862154;80862154;;ADET;Ean 8;MENTOS CLEAN BREATH 2 H ORMAN MEYVE 21GR;60.00 TL;32.00;;TÜRK?YE;11.04.2026 15:14;
80969150;80969150;-1;ADET;Ean 8;MEMTOS PURE KARPUZ AROMALI 30 GR;60.00 TL;32.00;;TÜRK?YE;8.04.2026 17:02;
86947954;86947954;-1;ADET;Ean 8;V?V?DENT STORMING TRI Ç?LEK AHU FRENK ÜZÜM8;60.00 TL;32.00;;TÜRK?YE;8.04.2026 17:08;
8,6905E+12;8,6905E+12;;ADET;Ean 13;ÜLKER Ç?Z? ÇITIR SÜPER PEYN?R SO?AN 120 GR;55.00 TL;40.00;;TÜRK?YE;8.04.2026;
8,6905E+12;8,6905E+12;;ADET;Ean 13;ÜLKER Ç?Z? ÇITIRPEYN?R B?FTEK 160 GR;70.00 TL;50.00;;TÜRK?YE;8.04.2026;
80840930;80840930;;ADET;Ean 8;MENTOS2 HOURS INTENSE MINT 35 GR;100.00 TL;65.00;;TÜRK?YE;10.04.2026 22:41;95.00
8,69752E+12;8,69752E+12;;ADET;Ean 13;ÜLKER ÇAMLICA SADE  2,5 LT ;90.00 TL;;;TÜRK?YE;10.04.2026 22:39;85.00
8,68471E+12;8,68471E+12;;ADET;Ean 13; LUPPER GO 50 GR;50.00 TL;25.00;;TÜRK?YE;9.04.2026 16:33;40.00
8,68464E+12;8,68464E+12;;ADET;Ean 13;AKAS PATLAYAN ?EKER Ç?LEKL? 4 GR;7.50 TL;Mar.75;;TÜRK?YE;9.04.2026 11:55;
8,69254E+12;8,69254E+12;;ADET;Ean 13;POPIOS PATLAYAN ?EKER KARPUZ;7.50 TL;Mar.75;;TÜRK?YE;9.04.2026;
7,6222E+12;7,6222E+12;;ADET;Ean 13;OL?PS EXTRA Ç?LEKL? 45GR;40.00 TL;;;TÜRK?YE;10.04.2026;
7,6222E+12;7,6222E+12;;ADET;Ean 13;OL?PS EXTRA L?MON 45GR;40.00 TL;;;TÜRK?YE;21.05.2026 09:33;30.00
7,6222E+12;7,6222E+12;;ADET;Ean 13;OL?PS EXTRA ?EFTAL? 45GR;40.00 TL;;;TÜRK?YE;21.05.2026 09:33;30.00
5,00011E+12;5,00011E+12;;ADET;Ean 13;COCA COLA NARLI FANTA 1LT;80.00 TL;;;TÜRK?YE;19.08.2026 16:21;75.00
8,68105E+12;8,68105E+12;;ADET;Ean 13;MEYSU KARI?IK 1LT;60.00 TL;;;TÜRK?YE;10.04.2026;
86947084;86947084;;ADET;Ean 8;MALTANA COOL L?ME 250 ML;60.00 TL;32.00;;TÜRK?YE;19.08.2026 11:41;50.00
86947077;86947077;;ADET;Ean 8;MALTANA ZERO ANANAS AROMALI 250 ML;60.00 TL;32.00;;TÜRK?YE;19.08.2026 11:41;50.00
8,6848E+12;8,6848E+12;;ADET;Ean 13;MISKETS CH?CKEN B?TE Ç?KOLATA 50 GR;80.00 TL;60.00;;TÜRK?YE;13.04.2026;
8,68151E+12;8,68151E+12;;ADET;Ean 13;C?PS PATOS ;80.00 TL;;;TÜRK?YE;6.05.2026 17:37;75.00
8,69135E+12;8,69135E+12;;ADET;Ean 13;TATSAN KARAMEL CEVIZ HELVA 425 GR;165.00 TL;116.00;;TÜRK?YE;15.04.2026;
8,69853E+12;8,69853E+12;;ADET;Ean 13;SEY?DO?LU DONDURMA KULAHI 10 LU;40.00 TL;20.00;;TÜRK?YE;15.04.2026;
8,69032E+12;8,69032E+12;;ADET;Ean 13;OZBEY 1KG EKO PIRINC;110.00 TL;65.00;;TÜRK?YE;15.04.2026;
8,69071E+12;8,69071E+12;;ADET;Ean 13;SARAY LIMOUSINE KAPLAMALI GOFRET 45GR*24;10.00 TL;5.00;;TÜRK?YE;18.04.2026;
8,69053E+12;8,69053E+12;;ADET;Ean 13;ET? SÜTLÜ Ç?KOLATA NAPOL?TEN;50.00 TL;33.00;;TÜRK?YE;18.04.2026;
8,69077E+12;8,69077E+12;;ADET;Ean 13;ÜLKER ALBEN? MOZA?K;25.00 TL;24.00;;TÜRK?YE;18.04.2026;
8,69063E+12;8,69063E+12;;ADET;Ean 13;DR OETKER PUDRA SEKERI 150 GR;50.00 TL;;;TÜRK?YE;18.04.2026;
8,71895E+12;8,71895E+12;-1;ADET;Ean 13;HACI SAKIR 4 LU 500GR Z.YAGLI;150.00 TL;120.00;;TÜRK?YE;19.04.2026;
8,69015E+12;8,69015E+12;;ADET;Ean 13;BEBETOMEYVE SULU 80 GR;50.00 TL;1.00;;TÜRK?YE;20.04.2026;
8,69057E+12;8,69057E+12;;ADET;Ean 13;L?PTON ICE TEA TROP?KAL MEYVE 330 ML;60.00 TL;;;TÜRK?YE;20.04.2026;
8,6905E+12;8,6905E+12;;ADET;Ean 13;ÜLKER HANIMELLER ?EFTEN Ç?KOLATALI TART 108 GR;35.00 TL;;;TÜRK?YE;21.04.2026;
86948173;86948173;;ADET;Ean 8;MENTOS SOURS;100.00 TL;;;TÜRK?YE;22.04.2026;
8,69141E+12;8,69141E+12;;ADET;Ean 13;F?DE TON BALI?I 3+1;200.00 TL;165.00;;TÜRK?YE;23.04.2026;
86944601;86944601;;ADET;Ean 8;PARLA?MENT M?DNIGHT;130.00 TL;;;TÜRK?YE;6.06.2026 12:00;125.00
8,6834E+12;8,6834E+12;;ADET;Ean 13;C?NO ANTEP FISTIKLI;15.00 TL;5.00;;TÜRK?YE;23.04.2026;
8,69914E+12;8,69914E+12;;ADET;Ean 13;?ÖLEN LUPPO M?N? BROWNI  9 LU;65.00 TL;47.00;;TÜRK?YE;23.04.2026;
8,6848E+12;8,6848E+12;-1;ADET;Ean 13;K?DZ? SÜTLÜ ST?X 20 GR;20.00 TL;10.00;;TÜRK?YE;23.04.2026;
8,6905E+12;8,6905E+12;;ADET;Ean 13;ÜLKER HANIMELLER USULÜ L?MON SOSLU KURAB?YE;60.00 TL;35.00;;TÜRK?YE;25.04.2026;
51685003789;5,1685E+11;;ADET;Ean 13;TENG-TANG SOYA SOSU;100.00 TL;;;TÜRK?YE;26.04.2026;
8,68105E+12;8,68105E+12;;ADET;Ean 13;MEYSU KAYISI 1 LT;60.00 TL;;;TÜRK?YE;26.04.2026;
8,69079E+12;8,69079E+12;;ADET;Ean 13;TADIM ?ENL?K KARI?IK KURUYEM?? 90 GR;95.00 TL;72.00;;TÜRK?YE;27.04.2026;
54026506;54026506;;ADET;Ean 8;CAPPY 330ML L?MONATA  ;50.00 TL;;;TÜRK?YE;27.04.2026;
8,68213E+12;8,68213E+12;;ADET;Ean 13;WASPCO PROTE?N BAR7 V?TAM?NL?;90.00 TL;60.00;;TÜRK?YE;27.04.2026;
8,68186E+12;8,68186E+12;;ADET;Ean 13;TÜRK?EKER TOZ 5 K?;325.00 TL;;;TÜRK?YE;27.04.2026;
8,69015E+12;8,69015E+12;;ADET;Ean 13;KERVAN BEBETO UZUN SEKER;5.00 TL;;;TÜRK?YE;27.04.2026;
8,71258E+12;8,71258E+12;-1;ADET;Ean 13;PHILIPS LONGLIFE INCE PIL 4LU;75.00 TL;28.00;;TÜRK?YE;15.05.2026 16:00;60.00
8,71258E+12;8,71258E+12;;ADET;Ean 13;PHILIPS LONGLIFE KALEM PIL 4LU;75.00 TL;30.00;;TÜRK?YE;15.05.2026 16:00;60.00
8,69058E+12;8,69058E+12;-1;ADET;Ean 13;P.TAMEK M.SUYU 1 LT KARISIK (87536);60.00 TL;40.00;;TÜRK?YE;30.04.2026;
8,68365E+12;8,68365E+12;;ADET;Ean 13;MVN KIRMIZI SO?AN;120.00 TL;;;TÜRK?YE;1.05.2026;
8,6905E+12;8,6905E+12;;ADET;Ean 13;ÜLKER ALBEN? TABLET;100.00 TL;;;TÜRK?YE;2.05.2026;
8,68351E+12;8,68351E+12;;ADET;Ean 13;ÜLKER LAV?VA TABLET ;150.00 TL;;;TÜRK?YE;2.05.2026;
8,69053E+12;8,69053E+12;;ADET;Ean 13;ET? SÜTBURGER YABAN MERS?NL?;20.00 TL;;;TÜRK?YE;2.05.2026;
80050360;80050360;-5;ADET;Ean 8;K?NDER JOY SÜPR?Z YUMURTA SP?DERMAN;60.00 TL;;;TÜRK?YE;2.05.2026;
80135890;80135890;;ADET;Ean 8;K?NDER JOY SÜPR?Z YUMURTA TWEETY3;60.00 TL;;;TÜRK?YE;2.05.2026;
8,69335E+12;8,69335E+12;;ADET;Ean 13;DOGANAY ELMA SIRKESI 1000ML;100.00 TL;;;TÜRK?YE;3.05.2026;
8,68105E+12;8,68105E+12;;ADET;Ean 13;MEYSU ?EFTAL?L? MEYVE SUYU;60.00 TL;;;TÜRK?YE;3.05.2026;
8,69335E+12;8,69335E+12;;ADET;Ean 13;DO?ANAY L?MONATA 1 LT;60.00 TL;;;TÜRK?YE;3.05.2026;
8,68224E+12;8,68224E+12;;ADET;Ean 13;SLEEPY XXLARGE 28 L?;325.00 TL;215.00;;TÜRK?YE;19.07.2026 17:28;299.00
8,69077E+12;8,69077E+12;;ADET;Ean 13;SÜTA? 200ML MUZLU SUT;20.00 TL;;;TÜRK?YE;5.05.2026;
8,68232E+12;8,68232E+12;;ADET;Ean 13;AMPUL SELDUR 15W;75.00 TL;40.00;;TÜRK?YE;5.05.2026;
8,6807E+12;8,6807E+12;-1;ADET;Ean 13;POLMIX COP POSETI BUZGULU ORTA;40.00 TL;20.00;;TÜRK?YE;5.05.2026;
8,68464E+12;8,68464E+12;;ADET;Ean 13;FUNZ?  Ç?FT GÖZ ?EKERLEME;20.00 TL;Eyl.50;;TÜRK?YE;6.05.2026;
8,68213E+12;8,68213E+12;;ADET;Ean 13;WASPCO PROTE?N BAR ANTEP 50 GR;95.00 TL;73.00;;TÜRK?YE;6.05.2026;
8,68213E+12;8,68213E+12;;ADET;Ean 13;WASPCO MEYVELI BAR 35G;90.00 TL;68.00;;TÜRK?YE;6.05.2026;
8,21275E+11;8,21275E+12;;ADET;Ean 13;ALG?DA MAGNUM SANDWICH BADEM;90.00 TL;;;TÜRK?YE;6.05.2026;
8,72127E+12;8,72127E+12;;ADET;Ean 13;ALG?DA MAGNUM SANDW?CH BADEM;90.00 TL;;;TÜRK?YE;6.05.2026;
8,72127E+12;8,72127E+12;-2;ADET;Ean 13;ALG?DA MAGNUM S?GNATIRE ANTEP FISTIKLI;90.00 TL;;;TÜRK?YE;6.05.2026;
8,69089E+12;8,69089E+12;;ADET;Ean 13;NIKE BABET ÇORAP;50.00 TL;;;TÜRK?YE;6.05.2026;
8,6029E+12;8,6029E+12;;ADET;Ean 13;?K?ZLE R BABET;50.00 TL;;;TÜRK?YE;7.05.2026;
8,68289E+12;8,68289E+12;;ADET;Ean 13;AD?DAS BABET;50.00 TL;;;TÜRK?YE;7.05.2026;
Ürün Barkodunu Okutunuz!8682287364437;8,68229E+12;;ADET;Ean 13;B?Z?M MUTFAK Ç?KOLATALI SOS 98 GR;65.00 TL;43.00;;TÜRK?YE;7.05.2026;
8,68244E+12;8,68244E+12;;ADET;Ean 13;CINO KAYSILI 20 GR.;10.00 TL;;;TÜRK?YE;7.05.2026;
8,68372E+12;8,68372E+12;;ADET;Ean 13;MASTER NUT ACI B?BER SOSLU ?Ç FISTIK;30.00 TL;16.00;;TÜRK?YE;8.05.2026;
8,68372E+12;8,68372E+12;;ADET;Ean 13;MASTER NUT TUZLU ?Ç FISTIK;30.00 TL;16.00;;TÜRK?YE;8.05.2026;
8,71895E+12;8,71895E+12;;ADET;Ean 13;COLGATE EXTRA CLEAN 2 L?;175.00 TL;80.00;;TÜRK?YE;9.05.2026;
8,85096E+12;8,85096E+12;;ADET;Ean 13;OK SICAK TEMAS10 LU;225.00 TL;140.00;;TÜRK?YE;9.05.2026;
8,85096E+12;8,85096E+12;;ADET;Ean 13;OK SIMSIKI 10 LU;225.00 TL;140.00;;TÜRK?YE;9.05.2026;
8,6837E+12;8,6837E+12;;ADET;Ean 13;QTHINK THIN EXTRA ?NCE6 ADET;100.00 TL;60.00;;TÜRK?YE;9.05.2026;
8,69094E+12;8,69094E+12;;ADET;Ean 13;HOBBY CRAZY PUNK;50.00 TL;25.00;;TÜRK?YE;9.05.2026;
8,69094E+12;8,69094E+12;;ADET;Ean 13;HOBBY CRAZY YUPPIE;50.00 TL;25.00;;TÜRK?YE;9.05.2026;
8,69762E+12;8,69762E+12;-2;ADET;Ean 13;OLCA DOMATES SALCASI 33 BRIX 1600GR;200.00 TL;150.00;;TÜRK?YE;9.05.2026;
4,00497E+11;4,00497E+12;;ADET;Ean 13;VARTA  ENERJ?;200.00 TL;140.00;;TÜRK?YE;9.05.2026;
5,00011E+12;5,00011E+12;;ADET;Ean 13;FUSE TEA ICE TEA ?EFTAL? 2 LT;95.00 TL;50.00;;TÜRK?YE;18.05.2026 13:23;90.00
90493867;90493867;;ADET;Ean 8;REDBULL ZERO 250 ML;85.00 TL;60.00;;TÜRK?YE;12.05.2026;
90496158;90496158;;ADET;Ean 8;REDBULL YELLOW M?SKET L?MONLU 250 ML;85.00 TL;60.00;;TÜRK?YE;12.05.2026;
8,69405E+12;8,69405E+12;;ADET;Ean 13;KUROOTS  LEBLEB? KURAB?YES?;140.00 TL;;;TÜRK?YE;13.05.2026;
8,68143E+12;8,68143E+12;;ADET;Ean 13;KAYABEY KARBONAT;60.00 TL;30.00;;TÜRK?YE;14.05.2026;
8,69062E+12;8,69062E+12;;ADET;Ean 13;C?PS RUFFLES ARJANT?N B?FTEK;60.00 TL;49.00;;TÜRK?YE;21.05.2026;
7,6222E+12;7,6222E+12;;ADET;Ean 13;OREO Ç?KOLATALI 95GR;75.00 TL;65.00;;TÜRK?YE;22.05.2026;
7,6222E+12;7,6222E+12;;ADET;Ean 13;OREO Ç?LEKL? 95GR;75.00 TL;65.00;;TÜRK?YE;22.05.2026;
54022447;54022447;;ADET;Ean 8;COLA COLA SISE;50.00 TL;;;TÜRK?YE;22.05.2026;
8,69745E+12;8,69745E+12;;ADET;Ean 13;TOFITA 1813 BUZD.POSETI BUYUK 20LI;50.00 TL;26.00;;TÜRK?YE;23.05.2026 12:43;40.00
8,69053E+12;8,69053E+12;;ADET;Ean 13;ET? CRAX TUR?U KETÇAP;20.00 TL;;;TÜRK?YE;26.05.2026;
8,69057E+12;8,69057E+12;-2;ADET;Ean 13;LIPTON ICE TEA L?MON 1.5LT;75.00 TL;;;TÜRK?YE;26.05.2026;
8,69053E+12;8,69053E+12;;ADET;Ean 13;ET? HO?BE? SÜTLÜ Ç?KOLATALI GOFRET 142G;60.00 TL;;;TÜRK?YE;26.05.2026;
8,69062E+12;8,69062E+12;;ADET;Ean 13;C?PS DOR?TOS TW?ST SÜPER;60.00 TL;;;TÜRK?YE;26.05.2026;
8,72127E+12;8,72127E+12;;ADET;Ean 13;ALG?DA BUZ PARMAK;10.00 TL;;;TÜRK?YE;27.05.2026;
8,69938E+12;8,69938E+12;;ADET;Ean 13;RANMAN MANTAR 400GR;150.00 TL;;;TÜRK?YE;29.05.2026;
8,69051E+12;8,69051E+12;;ADET;Ean 13;TUKAS HASLANMIS 800GR NOHUT;135.00 TL;95.00;;TÜRK?YE;29.05.2026;
8,69071E+12;8,69071E+12;;ADET;Ean 13;KOSKA KA?IT HELVA 3 LÜ;120.00 TL;75.00;;TÜRK?YE;29.05.2026;
8,69051E+12;8,69051E+12;;ADET;Ean 13;ARKO TIRAS SABUNU 75GR;115.00 TL;70.00;;TÜRK?YE;29.05.2026;
8,69067E+12;8,69067E+12;;ADET;Ean 13;KORUMA SODA 500 GR;125.00 TL;60.00;;TÜRK?YE;29.05.2026;
8,69064E+12;8,69064E+12;;ADET;Ean 13;OMO MATIK 4 KG ACTIVE FRESH;450.00 TL;295.00;;TÜRK?YE;29.05.2026;
8,69054E+12;8,69054E+12;;ADET;Ean 13;BINGO MATIK 4KG ULTRA BEYAZ;299.00 TL;195.00;;TÜRK?YE;29.05.2026;
8,68228E+12;8,68228E+12;;ADET;Ean 13;ELDE ISLAK CEP MEND?L?;15.00 TL;5.00;;TÜRK?YE;29.05.2026;
8,6817E+11;8,6817E+12;;ADET;Ean 13;OVALYUM GEZEN TAVUK YUMURTASI 15 L?;175.00 TL;100.00;;TÜRK?YE;30.05.2026;
8,68465E+11;8,68465E+12;;ADET;Ean 13;DESENL? ÇAKMAK;20.00 TL;;;TÜRK?YE;31.05.2026;
8,68175E+12;8,68175E+12;-1;ADET;Ean 13;OVALYUM GEZEN TAVUK 15 L?;175.00 TL;100.00;;TÜRK?YE;31.05.2026;
8,68151E+12;8,68151E+12;;ADET;Ean 13;C?PS C?PSO SOS?SL? 125 GR;60.00 TL;48.00;;TÜRK?YE;3.06.2026;
8,69755E+12;8,69755E+12;;ADET;Ean 13;ÇAPANO?LU DANA KAVURMA 90 GR;285.00 TL;210.00;;TÜRK?YE;3.06.2026;
8,69077E+11;8,69077E+12;;ADET;Ean 13;SÜTA? SÜT 200 ML;20.00 TL;14.00;;TÜRK?YE;3.06.2026;
8,69077E+12;8,69077E+12;-12;ADET;Ean 13;SUTAS SUT 200 ML;20.00 TL;14.00;;TÜRK?YE;3.06.2026;
8,69297E+12;8,69297E+12;;ADET;Ean 13;ICE BREAK SO?UK KAHVE 375 ML;70.00 TL;45.00;;TÜRK?YE;4.06.2026;
8,68372E+12;8,68372E+12;;ADET;Ean 13;MASTER PUFF P?ZZA 25 GR;15.00 TL;8.00;;TÜRK?YE;5.06.2026;
8,68372E+12;8,68372E+12;;ADET;Ean 13;MASTER PUFF SÜT MISIR 25;15.00 TL;8.00;;TÜRK?YE;5.06.2026;
8,68372E+12;8,68372E+12;;ADET;Ean 13;MASTER PUFF ACI KETÇAP;15.00 TL;8.00;;TÜRK?YE;5.06.2026;
8,68372E+12;8,68372E+12;;ADET;Ean 13;MASTER PUFF 25 GR;15.00 TL;8.00;;TÜRK?YE;5.06.2026;
8,68066E+12;8,68066E+12;;ADET;Ean 13;GUNSEVEN NAR EKSI SOSU 500 GR;75.00 TL;42.00;;TÜRK?YE;5.06.2026;
8,72127E+12;8,72127E+12;-1;ADET;Ean 13;ALG?DA V?ENETTA;30.00 TL;;;TÜRK?YE;5.06.2026;
8,68313E+12;8,68313E+12;;ADET;Ean 13;ALG?DA M?LFÖY;295.00 TL;;;TÜRK?YE;5.06.2026;
8,69991E+12;8,69991E+12;;ADET;Ean 13;ANCHOR TIRNAK MAKASI 2LI;120.00 TL;62.00;;TÜRK?YE;10.06.2026 13:28;100.00
8,69053E+12;8,69053E+12;;ADET;Ean 13;PINAR AC BITIR 50GR;75.00 TL;;;TÜRK?YE;6.06.2026;
8,69053E+12;8,69053E+12;;ADET;Ean 13;ET? L?FAL?FKIRMIZI MEYVE  35 GR;60.00 TL;45.00;;TÜRK?YE;6.06.2026;
8,69053E+12;8,69053E+12;;ADET;Ean 13;ET? L?FAL?F ÜZÜM FINDIK;60.00 TL;45.00;;TÜRK?YE;6.06.2026;
8,69053E+12;8,69053E+12;;ADET;Ean 13;ET? L?FAL?F KAYISI YER FISTIKLI;60.00 TL;45.00;;TÜRK?YE;6.06.2026;
8,69054E+12;8,69054E+12;;ADET;Ean 13;B?NGO SOFT LAVANTA 1440;220.00 TL;257.00;;TÜRK?YE;8.06.2026;
8,69054E+12;8,69054E+12;;ADET;Ean 13;B?NGO SOFT NERG?S 1440 ML;220.00 TL;157.00;;TÜRK?YE;8.06.2026;
8,6905E+12;8,6905E+12;-1;ADET;Ean 13;KOM?L? YUVAM DEV HAVLU 1*3;69.00 TL;46.00;;TÜRK?YE;8.06.2026;
8,6905E+12;8,6905E+12;;ADET;Ean 13;ÜLKER DANKEK Ç?KOLATALI MUFF?N;60.00 TL;45.00;;TÜRK?YE;8.06.2026;
8,6905E+12;8,6905E+12;;ADET;Ean 13;ÜLKER DANKEK YA? PASTA 245 GR;125.00 TL;100.00;;TÜRK?YE;8.06.2026;
8,68224E+12;8,68224E+12;;ADET;Ean 13;SLEEPY YÜZEY TEM?ZLEME DA? ES?NT?S? 100 LÜ;125.00 TL;75.00;;TÜRK?YE;9.06.2026;
8,68224E+12;8,68224E+12;;ADET;Ean 13;SLEEPY BEZ;325.00 TL;;;TÜRK?YE;9.06.2026;
8,68224E+12;8,68224E+12;-1;ADET;Ean 13;SLEEPY 6 NO;325.00 TL;;;TÜRK?YE;9.06.2026;
86948203;86948203;;ADET;Ean 8;MENTOS SAKIZPURE FRESH NANEL?;35.00 TL;23.00;;TÜRK?YE;10.06.2026;
86951647;86951647;;ADET;Ean 8;MENTOS SAKIZ PURE FRESH;35.00 TL;23.00;;TÜRK?YE;10.06.2026;
8,69171E+12;8,69171E+12;;ADET;Ean 13;LUPPO ANTEP FISTIKLI M?N? 55GR;35.00 TL;28.00;;TÜRK?YE;11.06.2026;
5,00011E+12;5,00011E+12;;ADET;Ean 13;SPRITE 2 LT;95.00 TL;;;TÜRK?YE;19.08.2026 16:29;80.00
8,69286E+12;8,69286E+12;-2;ADET;Ean 13;PAP?L?ON SIVI SABUN 400 ML ZEYT?N YA?LI;50.00 TL;28.00;;TÜRK?YE;13.06.2026;
8,69286E+12;8,69286E+12;;ADET;Ean 13;PAPILION SIVI SABUN ORANGE 400ML;50.00 TL;28.00;;TÜRK?YE;13.06.2026;
8,69286E+12;8,69286E+12;;ADET;Ean 13;PAPILION SIVI SABUN COCONUT 400ML;50.00 TL;28.00;;TÜRK?YE;13.06.2026;
8,68401E+12;8,68401E+12;;ADET;Ean 13;KASTAMONU KÖY ER??TES?;125.00 TL;;;TÜRK?YE;17.06.2026;
3E+12;3E+12;;ADET;Ean 13;AKDENIZ GUNLUK EL YUFKASI 5LI;160.00 TL;;;TÜRK?YE;17.06.2026;
8,6905E+12;8,6905E+12;;ADET;Ean 13;ÜLKER KR?SP? BAHARATLI 50GR;20.00 TL;;;TÜRK?YE;18.06.2026;
7,6222E+12;7,6222E+12;;ADET;Ean 13;FIRST BLUE RASPBERRY SOUR PATCH 27G;60.00 TL;;;TÜRK?YE;18.06.2026;
7,6222E+12;7,6222E+12;;ADET;Ean 13;FIRST LIME SOUR PATCH 27G;60.00 TL;;;TÜRK?YE;18.06.2026;
7,6222E+12;7,6222E+12;;ADET;Ean 13;FIRST REDBERRY SOUR PATCH 27GR;60.00 TL;;;TÜRK?YE;18.06.2026;
5,90002E+12;5,90002E+12;;ADET;Ean 13;NESTLE NESQU?K Ç?LEKTOP LEZZET? 23.5 G;45.00 TL;29.00;;TÜRK?YE;19.06.2026;
8,69063E+12;8,69063E+12;;ADET;Ean 13;NESCAFE EXPRESS V??NE;75.00 TL;;;TÜRK?YE;19.06.2026;
8,69063E+12;8,69063E+12;;ADET;Ean 13;NESCAFE EXPRESS KURAB?YE;75.00 TL;;;TÜRK?YE;19.06.2026;
8,68313E+12;8,68313E+12;;ADET;Ean 13;"EL?DOR ?AMPUAN GÜÇLÜ VE PARLAK 2S? B""";145.00 TL;;;TÜRK?YE;19.06.2026;
8,69053E+12;8,69053E+12;;ADET;Ean 13;ET? PET?TBUERRE 22,5 GR;10.00 TL;May.50;;TÜRK?YE;20.06.2026;
8,69053E+12;8,69053E+12;;ADET;Ean 13;ET? PET?TBUERRE MUZLU 270 GR;75.00 TL;55.00;;TÜRK?YE;20.06.2026;
8,69078E+12;8,69078E+12;;ADET;Ean 13;RA?D ELEKTRO L?K?T MAK?NA;395.00 TL;275.00;;TÜRK?YE;20.06.2026;
8,69057E+12;8,69057E+12;;ADET;Ean 13;VEET PROFESYONEL TÜY DÖKÜCÜ KREM ;400.00 TL;250.00;;TÜRK?YE;20.06.2026;
8,69053E+12;8,69053E+12;;ADET;Ean 13;DETAN HAMAM BÖCE?? YEM? 6 LI;400.00 TL;250.00;;TÜRK?YE;20.06.2026;
8,69705E+11;8,69705E+12;;ADET;Ean 13;KOM?L? YUVAM PEÇETE 100LÜ;30.00 TL;;;TÜRK?YE;22.06.2026;
8,69128E+12;8,69128E+12;;ADET;Ean 13;?PEK KULAK PAMUGU 200 ADET;85.00 TL;50.00;;TÜRK?YE;3.07.2026 11:27;75.00
8,69363E+12;8,69363E+12;-1;ADET;Ean 13;S?NANG?L UN 2 KG;100.00 TL;65.00;;TÜRK?YE;23.06.2026;
8,69012E+11;8,69012E+12;;ADET;Ean 13;TORKU BANADA 700 GR;295.00 TL;200.00;;TÜRK?YE;23.06.2026;
8,68189E+12;8,68189E+12;;ADET;Ean 13;BADO SOMONLU;40.00 TL;17.00;;TÜRK?YE;3.07.2026 11:20;35.00
8,68189E+12;8,68189E+12;;ADET;Ean 13;BADO C??ERL?;40.00 TL;17.00;;TÜRK?YE;3.07.2026 11:19;35.00
8,69015E+12;8,69015E+12;;ADET;Ean 13;JELIDO COLA SEKER;5.00 TL;4.00;;TÜRK?YE;24.06.2026;
8,69057E+12;8,69057E+12;;ADET;Ean 13;L?PTON ICE TEA SPARKLING L?MONLU YUZU 330 ML;60.00 TL;40.00;;TÜRK?YE;25.06.2026;
8,61304E+12;8,61304E+12;;ADET;Ean 13;SU TABANCASI ;150.00 TL;65.00;;TÜRK?YE;25.06.2026;
86863043889;8,6863E+11;;ADET;Ean 13;B?ZB?ZE Ç?KOTEXT 180 GR;50.00 TL;30.00;;TÜRK?YE;26.06.2026;
7,6222E+12;7,6222E+12;;ADET;Ean 13;SEVEN DAYS KRUVASAN Ç?LEKL?;40.00 TL;25.00;;TÜRK?YE;11.07.2026 12:54;35.00
8,71716E+12;8,71716E+12;;ADET;Ean 13;SIGNAL D.MAC. WHITE NOW GOLD 75ML;200.00 TL;;;TÜRK?YE;27.06.2026;
8,71895E+12;8,71895E+12;;ADET;Ean 13;COLGATE ADVANCED WHITE D?? MACUNU;80.00 TL;;;TÜRK?YE;27.06.2026;
8,69179E+12;8,69179E+12;;ADET;Ean 13;LAP?DEN TÜY DÖKÜCÜ 40GR;165.00 TL;110.00;;TÜRK?YE;29.06.2026;
8,72127E+12;8,72127E+12;-1;ADET;Ean 13;ALG?DA MAGNUM 5L? M?N? 225TL;225.00 TL;;;TÜRK?YE;30.06.2026;
8,684E+12;8,684E+12;;ADET;Ean 13;COSBY OYUNCAK KEPÇE;100.00 TL;;;TÜRK?YE;1.07.2026;
8,6991E+12;8,6991E+12;;ADET;Ean 13;COSBY SÜPR?Z YUMURTA CARS ;40.00 TL;Kas.50;;TÜRK?YE;1.07.2026 18:28;30.00
8,6991E+12;8,6991E+12;;ADET;Ean 13;COSBY SÜPR?Z YUMURTA P?NK BARB?E;40.00 TL;Kas.50;;TÜRK?YE;1.07.2026 18:29;30.00
8,69015E+12;8,69015E+12;;ADET;Ean 13;BEBETO BEARS 10 GR.;10.00 TL;;;TÜRK?YE;1.07.2026;
8,69157E+12;8,69157E+12;;ADET;Ean 13;BURCU SUMAKLI KURU PATLICAN ;150.00 TL;;;TÜRK?YE;1.07.2026 18:28;125.00
8,68247E+12;8,68247E+12;;ADET;Ean 13;LOL SUPRIS DRAGE ;10.00 TL;;;TÜRK?YE;1.07.2026;
8,68129E+12;8,68129E+12;;ADET;Ean 13;SENSODYNE ÇÜRÜK KAR?ITI D?? MACUNU;245.00 TL;;;TÜRK?YE;2.07.2026;
81324010733;8,1324E+11;;ADET;Ean 13;SÜTA? KEF?R LAKTOZSUZ 250ML;45.00 TL;;;TÜRK?YE;2.07.2026;
8,68342E+12;8,68342E+12;;ADET;Ean 13;TADELLE YAZ GOFRET? 21 GR;15.00 TL;7.00;;TÜRK?YE;3.07.2026;
8,69862E+12;8,69862E+12;;ADET;Ean 13;VATAN KAYNANA ÇATLATAN 1440 ML;130.00 TL;88.00;;TÜRK?YE;3.07.2026;
8,69053E+12;8,69053E+12;;ADET;Ean 13;ETI WANTED BUMBA 32GR;15.00 TL;;;TÜRK?YE;3.07.2026;
8,69084E+12;8,69084E+12;;ADET;Ean 13;ÜLKER ONEO KARPUZ ?EFTAL? 14 GR;30.00 TL;15.00;;TÜRK?YE;4.07.2026;
8,69084E+12;8,69084E+12;;ADET;Ean 13;ÜLKER ONEO YE??L NANE 14 GR;30.00 TL;15.00;;TÜRK?YE;4.07.2026;
8,69053E+12;8,69053E+12;;ADET;Ean 13;ET? SUT BURGER BOL SUTLU KAKAOLU;25.00 TL;;;TÜRK?YE;5.07.2026;
8,69012E+12;8,69012E+12;;ADET;Ean 13;TORKU BANADA 700 GR;295.00 TL;;;TÜRK?YE;5.07.2026;
8,68313E+12;8,68313E+12;;ADET;Ean 13;DOMESTOS 3,2 LT EKO BOY;255.00 TL;;;TÜRK?YE;6.07.2026;
8,69303E+12;8,69303E+12;;ADET;Ean 13;ELVAN GAZOZ 250 ML ???E;30.00 TL;18.00;;TÜRK?YE;7.07.2026;
8,68367E+12;8,68367E+12;;ADET;Ean 13;LUCATECH LK 225;125.00 TL;40.00;;TÜRK?YE;7.07.2026;
8,69062E+12;8,69062E+12;;ADET;Ean 13;C?PS DOR?TOS DE??? TOKU? B?FTEK SO?AN;60.00 TL;48.00;;TÜRK?YE;9.07.2026;
8,69062E+12;8,69062E+12;;ADET;Ean 13;C?PS DOR?TOS DE??? TOKU? TACO;60.00 TL;48.00;;TÜRK?YE;9.07.2026;
6,92035E+12;6,92035E+12;;ADET;Ean 13;COLGATE 150 ML MEGA BOY;150.00 TL;30.00;;TÜRK?YE;9.07.2026;
8,69079E+12;8,69079E+12;;ADET;Ean 13;TADIM Ç?? KARI?IK 90 GR;85.00 TL;60.00;;TÜRK?YE;9.07.2026;
8,72127E+12;8,72127E+12;;ADET;Ean 13;CARTE DOR V?SNE 11O5 ML;295.00 TL;;;TÜRK?YE;11.07.2026;
8,691E+12;8,691E+12;;ADET;Ean 13;YURT HASLANMIS NOHUT 800GR;110.00 TL;1.00;;TÜRK?YE;12.07.2026;
8,69063E+12;8,69063E+12;;ADET;Ean 13;NESCAFE ICE TOFEE NUT AROMALI;20.00 TL;;;TÜRK?YE;12.07.2026;
8,69064E+12;8,69064E+12;;ADET;Ean 13;OMO MATIK 5 KG SIK YIKANAN;350.00 TL;;;TÜRK?YE;12.07.2026 22:00;
8,44529E+12;8,44529E+12;;ADET;Ean 13;NESF?T KABAK ÇEK?RDEKL? GRANOLA;245.00 TL;200.00;;TÜRK?YE;12.07.2026;
8,69053E+12;8,69053E+12;;ADET;Ean 13;L?FAL?T GRANOLA YER FISTIKLI;200.00 TL;150.00;;TÜRK?YE;12.07.2026;
8,69053E+12;8,69053E+12;;ADET;Ean 13;ETI LIFALIF GRANOLA 200 GR VIS.KAO.FIN;200.00 TL;;;TÜRK?YE;12.07.2026;
9,0001E+12;9,0001E+12;;ADET;Ean 13;PERS?L SIK YIKANANLAR 3 KG;325.00 TL;;;TÜRK?YE;12.07.2026;
8,69072E+12;8,69072E+12;;ADET;Ean 13;ULUDA? FRUTT? 1LT ORMAN MEYVEL?;75.00 TL;;;TÜRK?YE;15.07.2026 14:09;70.00
4,0085E+12;4,0085E+12;;ADET;Ean 13;VARTA ENERGY INCE.4 LU ALK PIL;240.00 TL;;;TÜRK?YE;15.07.2026;
8,68151E+12;8,68151E+12;;ADET;Ean 13;C?PSO K?BR?T PATATES 35;20.00 TL;26.00;;TÜRK?YE;15.07.2026;
8,69072E+12;8,69072E+12;;ADET;Ean 13;ULUDA?MEYVEL?M  MANDAL?NA 1 LT;80.00 TL;54.00;;TÜRK?YE;15.07.2026;
8,69072E+12;8,69072E+12;;ADET;Ean 13;ULUDA? MEYVEL?M PORTAKAL 1 LT;80.00 TL;54.00;;TÜRK?YE;15.07.2026;
8,69061E+12;8,69061E+12;;ADET;Ean 13;SÜPERFRESH FRU LOVE V.?NEL?;275.00 TL;217.00;;TÜRK?YE;15.07.2026;
8,69061E+12;8,69061E+12;;ADET;Ean 13;SÜPERFRESH FRU LOVEFRAMBUAZLI;275.00 TL;217.00;;TÜRK?YE;15.07.2026;
8,69866E+12;8,69866E+12;;ADET;Ean 13;FUNCHOS KAJUN BAHARATLI;40.00 TL;20.00;;TÜRK?YE;16.07.2026;
8,69866E+12;8,69866E+12;;ADET;Ean 13;FUNCHOS KLAS?K;40.00 TL;24.00;;TÜRK?YE;16.07.2026;
8,68328E+12;8,68328E+12;;ADET;Ean 13;MENTOL S?GARA;45.00 TL;;;TÜRK?YE;17.07.2026;
8,68035E+12;8,68035E+12;;ADET;Ean 13;ORBAYBAMBU ÇORAP D?K??S?Z;75.00 TL;45.00;;TÜRK?YE;21.07.2026;
80853985;80853985;;ADET;Ean 8;MENTOS CLEAN BREATH 2 H MELISA OZLU 21GR;60.00 TL;40.00;;TÜRK?YE;22.07.2026;
8,69862E+12;8,69862E+12;;ADET;Ean 13;VATAN 550ML TUZ RUHU;50.00 TL;28.00;;TÜRK?YE;23.07.2026;
8,69745E+12;8,69745E+12;;ADET;Ean 13;CEVRE COP TORBASI BATTAL;140.00 TL;73.00;;TÜRK?YE;23.07.2026;
8,69061E+12;8,69061E+12;;ADET;Ean 13;SUPERFRESH BÖ?ÜRTLEN;375.00 TL;;;TÜRK?YE;26.07.2026;
86950237;86950237;;ADET;Ean 8;ULUDA? GAZOZ;30.00 TL;;;TÜRK?YE;27.07.2026;
8,68406E+12;8,68406E+12;;ADET;Ean 13;TR?OMOVE;85.00 TL;58.00;;TÜRK?YE;29.07.2026;
8,68406E+12;8,68406E+12;;ADET;Ean 13;TR?O MANGOLU 50 GR;85.00 TL;580.00;;TÜRK?YE;29.07.2026;
8,68406E+12;8,68406E+12;;ADET;Ean 13;TR?O MOVE H?B?SKUS;85.00 TL;58.00;;TÜRK?YE;29.07.2026;
8,68406E+12;8,68406E+12;;ADET;Ean 13;TR?O MOVEMATCHA BAR;85.00 TL;58.00;;TÜRK?YE;29.07.2026;
8,69853E+12;8,69853E+12;;ADET;Ean 13;S.OGLU RECEL 380GR AHUDUDU;165.00 TL;113.00;;TÜRK?YE;31.07.2026;
86946889;86946889;;ADET;Ean 8;ER?LKL?  SU 500 ML;15.00 TL;8.00;;TÜRK?YE;2.08.2026;
8,69187E+12;8,69187E+12;;ADET;Ean 13;INCI PUL BIBER 35 GR.;60.00 TL;28.00;;TÜRK?YE;4.08.2026;
6,92121E+12;6,92121E+12;;ADET;Ean 13;MENTOS Ç?GNENEN ?EKER Ç?LEK;35.00 TL;20.00;;TÜRK?YE;5.08.2026;
6,92121E+12;6,92121E+12;;ADET;Ean 13;MENTOS Ç??NENEN ?EKER KOLALI 45 GR;35.00 TL;20.00;;TÜRK?YE;5.08.2026;
8,68406E+12;8,68406E+12;;ADET;Ean 13;TRIO MOVE PROTE?N BAR KURAB?YEL?;85.00 TL;58.00;;TÜRK?YE;5.08.2026;
8,00109E+12;8,00109E+12;;ADET;Ean 13;ORKID PLANTINUM 8LI ULTRA NORMAL;75.00 TL;36.00;;TÜRK?YE;6.08.2026;
8,00109E+12;8,00109E+12;;ADET;Ean 13;ORKID PLATINUM TEKLI UZUN 7LI;75.00 TL;;;TÜRK?YE;6.08.2026;
8,69281E+12;8,69281E+12;;ADET;Ean 13;KIZILAY SODA KARADUT;25.00 TL;10.00;;TÜRK?YE;12.08.2026 17:01;20.00
8,69281E+12;8,69281E+12;;ADET;Ean 13;KIZILAY SODAB MANDAL?NA;25.00 TL;10.00;;TÜRK?YE;12.08.2026 17:01;20.00
8,68224E+12;8,68224E+12;;ADET;Ean 13;SLEEPY PORTAKAL ;125.00 TL;;;TÜRK?YE;10.08.2026;
8,68224E+12;8,68224E+12;;ADET;Ean 13;SLEEPY ANANAS;125.00 TL;;;;10.08.2026;
8,69079E+12;8,69079E+12;-1;ADET;Ean 13;TADIM KOKTEYL 90GR;120.00 TL;;;TÜRK?YE;10.08.2026;
8,69914E+12;8,69914E+12;;ADET;Ean 13;B?SCOLATA P?ABROWNIE;30.00 TL;20.00;;TÜRK?YE;13.08.2026;
8,68189E+12;8,68189E+12;;ADET;Ean 13;BADO MAMA 100 GR;40.00 TL;;;TÜRK?YE;13.08.2026;
86949811;86949811;;ADET;Ean 8;SODA ULUDA? SADE;20.00 TL;;;TÜRK?YE;15.08.2026;
4,06467E+12;4,06467E+12;;ADET;Ean 13;KOLESTON 7;295.00 TL;295.00;;TÜRK?YE;15.08.2026;
8,68313E+12;8,68313E+12;;ADET;Ean 13;EL?DOR SA?LIKLI UZAYAN SAÇLAR 400ML;159.00 TL;100.00;;TÜRK?YE;17.08.2026;
8,68313E+12;8,68313E+12;;ADET;Ean 13;EL?DOR SAÇ DÖKÜLMES?NS KAR?I 400 ML;159.00 TL;100.00;;TÜRK?YE;17.08.2026;
8,68313E+12;8,68313E+12;;ADET;Ean 13;EL?DOR GÜÇLÜ PARLAK 400 ML;159.00 TL;100.00;;TÜRK?YE;17.08.2026;
8,69072E+12;8,69072E+12;;ADET;Ean 13;ULUDA? FRUTT? EXTRA YE??L L?MONLU;75.00 TL;60.00;;TÜRK?YE;19.08.2026;
8,69093E+12;8,69093E+12;;ADET;Ean 13;DIFAS DIS FIRCASI ORAL CARE MEDIUM;95.00 TL;35.00;;TÜRK?YE;19.08.2026;
8,80901E+12;8,80901E+12;;ADET;Ean 13;ATOM D?? FIRÇASI;145.00 TL;65.00;;TÜRK?YE;19.08.2026;
8,69746E+12;8,69746E+12;;ADET;Ean 13;GÜNAYDIN TUZ 200GR TUZLUKLU;45.00 TL;20.00;;TÜRK?YE;20.08.2026;
